video_id,caption,caption_len_chars,caption_len_words,mean_flow,NOTTA_psnr,NOTTA_ssim,NOTTA_lpips,ADA_psnr,ADA_ssim,ADA_lpips,ADA_NOPROMPT_psnr,ADA_NOPROMPT_ssim,ADA_NOPROMPT_lpips,LORA_R8_TTA_psnr,LORA_R8_TTA_ssim,LORA_R8_TTA_lpips,LORA_R8_TTA_NOPROMPT_psnr,LORA_R8_TTA_NOPROMPT_ssim,LORA_R8_TTA_NOPROMPT_lpips,TL_BARE_R2_psnr,TL_BARE_R2_ssim,TL_BARE_R2_lpips,TL_TIED_R2_psnr,TL_TIED_R2_ssim,TL_TIED_R2_lpips,ADA_dpsnr,ADA_dssim,ADA_dlpips,ADA_NOPROMPT_dpsnr,ADA_NOPROMPT_dssim,ADA_NOPROMPT_dlpips,LORA_R8_TTA_dpsnr,LORA_R8_TTA_dssim,LORA_R8_TTA_dlpips,LORA_R8_TTA_NOPROMPT_dpsnr,LORA_R8_TTA_NOPROMPT_dssim,LORA_R8_TTA_NOPROMPT_dlpips,TL_BARE_R2_dpsnr,TL_BARE_R2_dssim,TL_BARE_R2_dlpips,TL_TIED_R2_dpsnr,TL_TIED_R2_dssim,TL_TIED_R2_dlpips
panda_0000,"['A close up of a truck with its hood open.', 'The person is demonstrating how to remove a headlight from a car.', ""A close up of a person's legs and a car headlight.""]",168,33,2.341186,15.060582,0.428101,0.280096,15.225421,0.435557,0.278605,15.282400,0.438134,0.278287,15.090341,0.429480,0.279686,15.069089,0.428508,0.280016,15.054985,0.427935,0.280099,15.064242,0.428228,0.280038,0.164839,0.007455,-0.001491,0.221818,0.010033,-0.001809,0.029759,0.001379,-0.000410,0.008507,0.000407,-0.000080,-0.005598,-0.000167,0.000003,0.003660,0.000127,-0.000058
panda_0001,"['A young woman is standing in front of a kitchen counter. she has tattoos on her arms and is wearing a black tank top.', 'A woman with tattoos on her arms is standing in a kitchen preparing food.', 'A person is mixing ingredients in a bowl with an electric mixer.']",266,50,1.752535,19.624422,0.677412,0.256609,20.178478,0.682973,0.237670,20.290751,0.686781,0.233287,19.429721,0.674176,0.263239,19.542962,0.676479,0.258775,19.560994,0.675669,0.258410,19.694129,0.678607,0.252501,0.554056,0.005560,-0.018940,0.666329,0.009369,-0.023323,-0.194701,-0.003236,0.006630,-0.081460,-0.000933,0.002166,-0.063429,-0.001744,0.001800,0.069707,0.001194,-0.004108
panda_0002,"['The room has a white wall and a bookshelf.', 'A close up of a turntable with a record on it.', 'The sink is made of stainless steel and has a drain in the center.']",166,34,0.918794,12.074648,0.190117,0.750043,11.590580,0.185647,0.762213,11.708158,0.186882,0.760311,11.956544,0.188981,0.749986,11.983821,0.189346,0.752266,12.091392,0.193356,0.747504,12.066007,0.189618,0.750677,-0.484068,-0.004470,0.012170,-0.366490,-0.003235,0.010269,-0.118104,-0.001136,-0.000057,-0.090827,-0.000771,0.002223,0.016744,0.003240,-0.002539,-0.008641,-0.000499,0.000635
panda_0003,"['A police officer in a video game.', 'A police officer in uniform stands in a screenshot from the game.', 'There is a tall skyscraper in the city with many tall buildings around it. the sky is clear and blue, and there are several tall buildings in the background.']",267,48,0.132129,16.493716,0.418281,0.700469,16.251467,0.417257,0.698675,16.278463,0.419041,0.702001,16.408931,0.416784,0.699575,16.424892,0.418824,0.702790,16.474705,0.423184,0.700921,16.503330,0.422483,0.698480,-0.242249,-0.001024,-0.001794,-0.215253,0.000761,0.001532,-0.084786,-0.001496,-0.000894,-0.068825,0.000543,0.002321,-0.019011,0.004903,0.000452,0.009614,0.004202,-0.001989
panda_0004,"['A black book with the words photo critique on it.', 'A photo of a white dog standing near a body of water.', 'The control panel of a machine with buttons on it.']",164,32,0.594255,33.095877,0.942063,0.027648,33.044228,0.939939,0.027904,33.116937,0.940654,0.027738,33.057030,0.941325,0.027752,33.147124,0.941838,0.027735,33.090749,0.942213,0.027727,33.078773,0.941918,0.027695,-0.051649,-0.002124,0.000256,0.021060,-0.001409,0.000090,-0.038847,-0.000738,0.000104,0.051247,-0.000225,0.000087,-0.005128,0.000149,0.000079,-0.017104,-0.000146,0.000047
panda_0005,"['The person is holding a plastic bowl filled with cherry tomatoes on a kitchen counter.', 'A person is making a salad with cherry tomatoes in a glass bowl.', 'The tortilla is being cooked in a pan on a stove.']",211,39,0.192475,18.675917,0.855908,0.169486,19.156691,0.873472,0.137786,18.764385,0.857759,0.163796,18.665309,0.855978,0.169831,18.667285,0.855539,0.170605,18.662029,0.855615,0.170389,18.690115,0.855988,0.170003,0.480774,0.017564,-0.031700,0.088468,0.001851,-0.005689,-0.010608,0.000071,0.000346,-0.008632,-0.000368,0.001120,-0.013888,-0.000293,0.000903,0.014198,0.000080,0.000517
panda_0006,"['A small boat is sailing in the ocean, with mountains in the background.', 'A man in a colorful shirt is talking to another man.', 'An aerial view of a large area of tropical rainforest with a river in the foreground and a large area of trees in the background.']",264,49,2.472373,22.542443,0.808820,0.248845,22.691627,0.802830,0.259829,22.874907,0.805573,0.256420,22.648854,0.806663,0.248295,22.792434,0.809468,0.247600,22.572362,0.809090,0.247985,22.581802,0.809327,0.248063,0.149183,-0.005990,0.010984,0.332464,-0.003247,0.007575,0.106411,-0.002156,-0.000550,0.249991,0.000649,-0.001245,0.029919,0.000270,-0.000860,0.039359,0.000508,-0.000782
panda_0007,"['The new ford cars are on display at a car show.', 'A close up of the exhaust pipe of a car.', 'A ford mustang is on display in a showroom.']",142,30,0.595265,19.671059,0.780382,0.078985,19.930337,0.794810,0.076927,19.811899,0.787085,0.078037,19.631632,0.776962,0.079268,19.577836,0.776544,0.079788,19.602381,0.779373,0.079620,19.571022,0.776615,0.079971,0.259279,0.014427,-0.002058,0.140841,0.006703,-0.000948,-0.039427,-0.003421,0.000282,-0.093222,-0.003838,0.000803,-0.068677,-0.001010,0.000635,-0.100037,-0.003768,0.000986
panda_0008,"['A sign that says ""no more stolen sisters"".', 'A poster on a wall with a message on it.', 'A sign that reads ""sisters all united"".']",133,25,0.139114,25.733480,0.796148,0.055288,25.705724,0.795637,0.055399,25.694954,0.794994,0.055510,25.764295,0.797225,0.055076,25.727008,0.795762,0.055440,25.705062,0.795484,0.055528,25.750578,0.796472,0.055214,-0.027756,-0.000511,0.000111,-0.038525,-0.001154,0.000222,0.030815,0.001077,-0.000213,-0.006472,-0.000386,0.000152,-0.028418,-0.000664,0.000240,0.017099,0.000324,-0.000074
panda_0009,"['A person holding a piece of paper with squares on it.', 'There is a toy tank made of plastic with a red, white, and green camouflage pattern.', 'A close up of a camouflaged tank with a checkered pattern.']",207,38,0.168066,6.867868,0.463365,0.657545,6.715494,0.461694,0.660729,6.675417,0.461961,0.655254,7.005015,0.462119,0.674167,6.993591,0.454004,0.678807,6.979187,0.461908,0.654000,7.119933,0.464900,0.655107,-0.152374,-0.001671,0.003184,-0.192451,-0.001403,-0.002290,0.137147,-0.001246,0.016622,0.125723,-0.009361,0.021262,0.111319,-0.001457,-0.003545,0.252065,0.001535,-0.002437
panda_0010,"['The person is preparing food on a wooden table near a body of water.', 'Two men are sitting on a rocky terrain and eating food.', 'There are two people sitting on top of a large rocky outcropping overlooking a body of water with mountains in the background.']",261,47,0.606457,5.438858,0.231527,0.859214,5.400588,0.232978,0.868563,5.381189,0.235281,0.867974,5.409319,0.234161,0.860622,5.405196,0.235753,0.864006,5.413172,0.231969,0.858501,5.456471,0.231045,0.862888,-0.038270,0.001450,0.009349,-0.057669,0.003753,0.008759,-0.029539,0.002634,0.001408,-0.033661,0.004225,0.004791,-0.025686,0.000442,-0.000713,0.017613,-0.000482,0.003674
panda_0011,"['There is a white bowl filled with oatmeal and almonds on a table.', 'Person is stirring a cup of coffee with a spoon.', 'Person is stirring a mixture of meat and other ingredients in a pan with a spoon.']",206,39,0.797519,16.726488,0.612088,0.425046,17.209404,0.617822,0.405730,16.125668,0.622414,0.424813,16.383559,0.588703,0.438338,16.548412,0.609497,0.430164,16.716257,0.612937,0.427452,16.097356,0.616352,0.423124,0.482915,0.005734,-0.019316,-0.600820,0.010326,-0.000233,-0.342929,-0.023385,0.013292,-0.178076,-0.002591,0.005118,-0.010231,0.000849,0.002406,-0.629132,0.004264,-0.001922
panda_0012,"['A cartoon girl with a smile on her face.', 'A person is cooking food in a pot on a stove.', 'There is a bowl of soup on a table with bread sticks and cookies.']",162,34,0.219120,14.890850,0.891308,0.176646,16.617063,0.903961,0.156512,16.771275,0.904430,0.156047,15.026427,0.894129,0.174174,16.582347,0.903900,0.156882,15.003548,0.894091,0.174559,14.989328,0.894141,0.174487,1.726213,0.012653,-0.020133,1.880425,0.013122,-0.020599,0.135577,0.002821,-0.002472,1.691497,0.012592,-0.019764,0.112699,0.002783,-0.002087,0.098479,0.002834,-0.002159
panda_0013,"['There is a small spot on the ceiling of a bathroom caused by an accumulation of moisture due to insufficient ventilation.', 'There is moisture on the ceiling of a bathroom with no windows and ventilation fan not working.', 'There is moisture accumulating on an unventilated bathroom ceiling.']",295,47,0.103242,41.009976,0.935308,0.082817,44.874706,0.951515,0.009685,44.864966,0.951422,0.009763,41.266929,0.934915,0.081692,41.499447,0.938478,0.075973,41.216784,0.935786,0.085322,41.255912,0.934951,0.083950,3.864730,0.016207,-0.073132,3.854990,0.016114,-0.073054,0.256953,-0.000393,-0.001125,0.489472,0.003169,-0.006844,0.206808,0.000478,0.002505,0.245937,-0.000357,0.001133
panda_0014,"['It is a news broadcast with two people sitting at a desk, one of them is wearing a red dress and the other is wearing a suit.', ""A tv screen showing a news report about a children's day care bus."", ""A children's day care center with a mural on the side of the building.""]",273,54,2.292677,13.153685,0.625647,0.292356,12.793955,0.615979,0.315507,12.831864,0.617242,0.313546,13.119032,0.623243,0.294045,13.154118,0.624160,0.295133,13.179071,0.626258,0.292773,13.138946,0.624819,0.294957,-0.359730,-0.009668,0.023152,-0.321821,-0.008405,0.021190,-0.034653,-0.002404,0.001689,0.000433,-0.001487,0.002778,0.025385,0.000611,0.000418,-0.014740,-0.000828,0.002601
panda_0015,"['A black and white photo of a pile of dirt on the moon.', 'A view of the earth from space at night.', 'An aerial view of the international space station.']",156,30,0.149931,22.846034,0.876873,0.080879,22.949634,0.880665,0.077764,22.907869,0.877857,0.082440,22.790887,0.873168,0.090563,22.802711,0.873961,0.089274,22.803932,0.875936,0.083835,22.827228,0.876929,0.081267,0.103600,0.003792,-0.003115,0.061835,0.000984,0.001561,-0.055147,-0.003705,0.009684,-0.043324,-0.002913,0.008395,-0.042103,-0.000937,0.002956,-0.018806,0.000056,0.000388
panda_0016,"['There is a sign with information about the asia black bear restoration health project, which began in 2004, and it mentions that the bears are being reintroduced to their natural habitat on the korean peninsula.', 'A black bear is sitting in a field of grass next to rocks.', 'A statue of a bear on a wooden deck.']",317,57,0.050883,12.171947,0.549386,0.387327,12.170262,0.550446,0.387516,12.200944,0.549479,0.386616,12.227934,0.550980,0.386521,12.231644,0.550891,0.386546,12.164886,0.551541,0.386813,12.204870,0.550310,0.387152,-0.001684,0.001060,0.000189,0.028997,0.000093,-0.000711,0.055988,0.001594,-0.000806,0.059698,0.001504,-0.000782,-0.007061,0.002155,-0.000514,0.032923,0.000924,-0.000175
panda_0017,"['There is a black object on the ground, and it appears to be an electronic device.', 'There is a car parked in a garage with a blue light shining on it.', 'The smoke machine is turned on and the smoke is coming out.']",218,43,0.249847,22.832114,0.762556,0.108408,22.925818,0.771714,0.102184,22.178378,0.726017,0.208996,22.719634,0.761876,0.109914,22.751074,0.761863,0.109099,22.816568,0.762377,0.108901,22.790008,0.763188,0.105074,0.093704,0.009158,-0.006224,-0.653736,-0.036539,0.100588,-0.112480,-0.000680,0.001506,-0.081040,-0.000693,0.000691,-0.015546,-0.000179,0.000493,-0.042106,0.000632,-0.003335
panda_0018,"['A man is sitting in a car and ordering food from a drive-through window.', 'A glass mug with a cartoon character on it.', 'A bald man leaning over a laptop in front of a plate.']",180,35,0.114232,20.785789,0.844166,0.057168,22.268176,0.871633,0.045939,22.079418,0.868371,0.046589,20.879195,0.832948,0.086851,20.692155,0.830886,0.090666,20.965294,0.849115,0.056319,20.848284,0.846799,0.059863,1.482386,0.027468,-0.011229,1.293628,0.024206,-0.010579,0.093405,-0.011218,0.029684,-0.093634,-0.013280,0.033498,0.179505,0.004949,-0.000849,0.062494,0.002633,0.002695
panda_0019,"['A car with a colorful paint job parked in a parking lot.', 'Two men are driving a car and wearing virtual reality goggles.', 'A poster that says support our 2020 sponsors.']",175,31,0.198149,25.184945,0.890468,0.080456,25.195038,0.890774,0.080291,25.213159,0.890915,0.080044,25.180197,0.890015,0.080620,25.190318,0.890199,0.080612,25.183245,0.890564,0.080393,25.186129,0.890437,0.080466,0.010094,0.000306,-0.000166,0.028214,0.000447,-0.000412,-0.004747,-0.000453,0.000164,0.005374,-0.000269,0.000156,-0.001700,0.000096,-0.000064,0.001185,-0.000031,0.000010
panda_0020,"['A close up of a flashlight in a box.', 'A piece of salmon is being fried in a pan.', 'A piece of salmon is being cooked in a frying pan with chopsticks.']",156,32,0.116716,9.947977,0.721521,0.571300,10.378741,0.731153,0.541336,10.293126,0.739221,0.509205,9.767486,0.715310,0.585943,9.966442,0.720289,0.577345,9.984802,0.719649,0.563583,9.941341,0.719836,0.563352,0.430765,0.009632,-0.029963,0.345150,0.017700,-0.062095,-0.180491,-0.006211,0.014643,0.018465,-0.001232,0.006045,0.036825,-0.001872,-0.007717,-0.006636,-0.001685,-0.007948
panda_0021,"['A comic book cover featuring a group of superheroes.', 'A young man is cooking in the kitchen and adding ingredients to a pot on the stove.', 'A man in a kitchen preparing food on a plate.']",192,36,0.132313,10.088979,0.465061,0.507917,10.250177,0.468020,0.492691,10.319052,0.461207,0.502599,10.168921,0.471418,0.503569,10.142632,0.467396,0.507907,10.166201,0.472301,0.506793,10.148724,0.470363,0.503359,0.161197,0.002960,-0.015226,0.230073,-0.003854,-0.005319,0.079941,0.006358,-0.004348,0.053653,0.002335,-0.000010,0.077222,0.007241,-0.001125,0.059745,0.005302,-0.004558
panda_0022,"['A man is standing on a bridge on a tv.', 'The person is standing on a balcony with a view of a mountain and some buildings in the background.', 'It is a scenic view of a mountain village with green trees and houses on the hillside.']",235,46,4.603968,8.056629,0.292937,0.737407,8.002368,0.280590,0.734835,7.892062,0.277200,0.722229,8.077601,0.293186,0.741205,8.035117,0.291267,0.737324,8.044018,0.294718,0.739042,8.037412,0.292244,0.737409,-0.054261,-0.012347,-0.002572,-0.164567,-0.015737,-0.015178,0.020972,0.000249,0.003798,-0.021512,-0.001670,-0.000083,-0.012611,0.001781,0.001635,-0.019217,-0.000693,0.000002
panda_0023,"['There is a group of people playing musical instruments in front of a purple curtain.', 'Two people looking at sheet music in front of a piano.', 'A group of people are standing in front of a piano, and some of them are holding certificates.']",244,44,1.409740,8.880845,0.274184,0.756199,8.854683,0.276340,0.772726,8.850166,0.270413,0.767456,8.829832,0.270328,0.758887,8.850112,0.268953,0.765033,8.952541,0.276023,0.755682,8.969448,0.276589,0.758986,-0.026163,0.002156,0.016527,-0.030679,-0.003771,0.011257,-0.051013,-0.003856,0.002688,-0.030733,-0.005231,0.008835,0.071696,0.001839,-0.000517,0.088602,0.002405,0.002788
panda_0024,"['A sheet of paper with a list of words on it.', 'Two chefs are preparing a dish in a kitchen.', 'A couple of chefs preparing food on a table.']",144,29,0.503925,19.194899,0.860175,0.128787,19.330680,0.858545,0.129555,19.211347,0.858838,0.128728,19.132074,0.859234,0.131203,19.116058,0.858897,0.131603,19.164798,0.859709,0.130349,19.197784,0.861033,0.128936,0.135782,-0.001629,0.000768,0.016448,-0.001337,-0.000059,-0.062824,-0.000940,0.002416,-0.078840,-0.001278,0.002816,-0.030100,-0.000466,0.001561,0.002885,0.000858,0.000149
panda_0025,"['A computer screen showing various items in a minecraft game.', 'It is a screenshot of a game with icons.', 'A computer screen with a message on it.']",151,27,0.770015,15.875885,0.264170,0.805683,13.907612,0.207495,0.879996,14.076045,0.221852,0.878963,15.214237,0.226807,0.805679,15.166593,0.225371,0.805701,15.826698,0.261003,0.804923,15.705921,0.256896,0.805288,-1.968273,-0.056675,0.074313,-1.799839,-0.042318,0.073280,-0.661648,-0.037363,-0.000004,-0.709292,-0.038798,0.000018,-0.049186,-0.003166,-0.000760,-0.169964,-0.007274,-0.000395
panda_0026,"['A female soccer player kicks the ball during a game.', 'A man and a woman are hugging each other at an event.', 'A woman is standing on a stage with an award in her hand. she is wearing a pink dress and has a microphone in her hand.']",236,48,3.536518,9.412634,0.374067,0.624769,9.415444,0.370774,0.630737,9.351593,0.365747,0.597455,9.412487,0.370696,0.627982,9.394060,0.370413,0.627419,9.369589,0.373657,0.624716,9.394820,0.375393,0.625846,0.002810,-0.003292,0.005968,-0.061041,-0.008320,-0.027314,-0.000147,-0.003370,0.003213,-0.018574,-0.003653,0.002650,-0.043045,-0.000409,-0.000053,-0.017813,0.001327,0.001077
panda_0027,"['Two men are standing in a field, one of them is holding a pineapple and the other is holding a knife.', 'Two young men are sitting in the back of a pickup truck with pineapples in the foreground.', 'A young man is playing soccer on an outdoor field and the camera follows him as he moves around the field.']",309,59,8.693725,13.841219,0.533754,0.362487,13.859354,0.533979,0.361924,13.736248,0.532696,0.368169,13.851652,0.533765,0.362150,13.847972,0.533703,0.362689,13.881996,0.534508,0.360556,13.845089,0.533549,0.362315,0.018135,0.000225,-0.000563,-0.104971,-0.001058,0.005682,0.010433,0.000010,-0.000337,0.006753,-0.000051,0.000202,0.040778,0.000754,-0.001931,0.003870,-0.000205,-0.000172
panda_0028,"['A pink sculpture of a cat on a television screen.', 'A close up of a white object with a blue background.', 'A sign on a wall with a fish on it.']",148,31,8.629704,8.645882,0.349493,0.676782,8.682706,0.350127,0.675097,8.666952,0.348743,0.676653,8.593062,0.349062,0.670649,8.562597,0.349394,0.673259,8.654011,0.351463,0.676076,8.729264,0.352588,0.670434,0.036824,0.000634,-0.001684,0.021070,-0.000750,-0.000129,-0.052820,-0.000431,-0.006132,-0.083285,-0.000099,-0.003523,0.008129,0.001970,-0.000705,0.083383,0.003094,-0.006347
panda_0029,"['A person is cooking food in a pot of water.', 'A black pot with a lid on a stove is cooking food with carrots and other vegetables.', 'A person is cooking chicken in the kitchen.']",182,35,0.125062,23.644368,0.905339,0.062922,23.667640,0.904920,0.063590,23.689665,0.904824,0.063529,23.636821,0.905196,0.062994,23.688629,0.905001,0.063287,23.643800,0.905658,0.062841,23.629046,0.905303,0.063098,0.023272,-0.000419,0.000668,0.045297,-0.000515,0.000607,-0.007547,-0.000143,0.000072,0.044261,-0.000338,0.000365,-0.000568,0.000319,-0.000081,-0.015322,-0.000036,0.000176
panda_0030,"['A close up of the dashboard of a car.', 'Two men are standing in a parking lot, one is holding a piece of paper and the other is smiling.', 'The dashboard of a sports car with three gauges.']",193,38,0.517368,18.536083,0.756207,0.157886,19.114743,0.759522,0.141384,18.563963,0.761299,0.154169,18.439866,0.756300,0.157506,18.395541,0.756335,0.158516,19.003390,0.754054,0.146349,18.409039,0.752492,0.162134,0.578660,0.003315,-0.016503,0.027880,0.005093,-0.003718,-0.096217,0.000094,-0.000381,-0.140542,0.000129,0.000629,0.467306,-0.002153,-0.011537,-0.127044,-0.003714,0.004247
panda_0031,"['A view of a train track next to a fence.', 'A blue and silver passenger train on the tracks.', 'A train is on a train track with cars on the tracks and a building in the background.']",185,37,0.155077,16.023907,0.533911,0.383323,15.347153,0.536237,0.389157,14.937159,0.543161,0.379229,16.642256,0.537312,0.390557,16.441173,0.519882,0.400385,16.989282,0.542916,0.386457,16.648457,0.535002,0.388342,-0.676755,0.002327,0.005834,-1.086748,0.009250,-0.004094,0.618349,0.003401,0.007234,0.417266,-0.014029,0.017062,0.965375,0.009005,0.003134,0.624550,0.001091,0.005019
panda_0032,"['A close up of a black device on a table.', 'A close up of an electronic device on a table.', 'An electronic device that has multiple ports on it.']",149,29,6.131453,20.703474,0.829217,0.130537,20.687418,0.828521,0.130700,20.724822,0.829281,0.130076,20.670323,0.828451,0.131417,20.683601,0.829222,0.131140,20.689673,0.829338,0.130722,20.688438,0.829122,0.131140,-0.016057,-0.000697,0.000162,0.021348,0.000064,-0.000461,-0.033151,-0.000766,0.000880,-0.019874,0.000004,0.000602,-0.013801,0.000121,0.000184,-0.015036,-0.000095,0.000603
panda_0033,"['A herd of elephants is standing next to a baby elephant at a watering hole.', 'A close up of a cicada on a tree branch.', 'Four humpback whales swimming in the ocean.']",170,32,0.143923,11.897408,0.359394,0.765414,11.846907,0.334267,0.780336,11.863262,0.338519,0.785210,11.857741,0.350724,0.772596,11.895829,0.352420,0.768364,11.867572,0.359240,0.763119,11.878737,0.358901,0.761532,-0.050501,-0.025127,0.014922,-0.034146,-0.020876,0.019796,-0.039667,-0.008670,0.007182,-0.001579,-0.006974,0.002951,-0.029837,-0.000154,-0.002295,-0.018671,-0.000493,-0.003881
panda_0034,"['A poster that says u s high school stats.', 'A graph showing the percentage of pre-marital births in the united states.', 'A piece of paper with yellow text on it.']",167,30,0.466339,38.605318,0.969809,0.001656,38.674573,0.966186,0.001676,38.648700,0.965357,0.001677,38.584189,0.962498,0.001678,38.618775,0.962686,0.001683,38.603416,0.969919,0.001657,38.619007,0.969866,0.001669,0.069254,-0.003623,0.000020,0.043382,-0.004451,0.000021,-0.021129,-0.007311,0.000022,0.013456,-0.007123,0.000027,-0.001903,0.000110,0.000001,0.013689,0.000057,0.000014
panda_0035,"['Two cars on a road with the words this vs that.', 'A close up of the engine of a vehicle.', 'A man is driving a car on a road, and there are orange cones on the side of the road.']",182,40,1.902415,11.400969,0.350688,0.700990,11.315750,0.368815,0.691785,11.437164,0.357003,0.695680,11.347175,0.344418,0.703424,11.344186,0.344492,0.702501,11.504523,0.354410,0.695810,11.513232,0.351517,0.699953,-0.085219,0.018127,-0.009206,0.036195,0.006315,-0.005310,-0.053794,-0.006270,0.002433,-0.056783,-0.006195,0.001511,0.103554,0.003722,-0.005181,0.112263,0.000829,-0.001038
panda_0036,"['A sign made of wood with a map on it.', 'A piece of wood with a map of santa fe on it.', 'A piece of wood on a wall with a tag on it.']",137,34,3.448526,21.390590,0.834281,0.077728,21.456053,0.837785,0.076299,21.483614,0.839644,0.074726,21.391321,0.833212,0.078289,21.399799,0.833215,0.078294,21.387518,0.833335,0.078065,21.479378,0.840020,0.074645,0.065463,0.003504,-0.001429,0.093024,0.005362,-0.003002,0.000731,-0.001069,0.000561,0.009209,-0.001066,0.000566,-0.003072,-0.000946,0.000337,0.088788,0.005739,-0.003083
panda_0037,"['A tv news report with a picture of a deer.', 'A close up of an orange van on the news.', 'A white-tailed deer is standing on a grassy area near a parking lot.']",162,33,0.972665,13.672942,0.570190,0.338650,13.643560,0.569259,0.339056,13.680552,0.569447,0.336902,13.688955,0.570300,0.337314,13.692132,0.570679,0.337723,13.689817,0.569366,0.338490,13.687370,0.569392,0.336960,-0.029382,-0.000931,0.000406,0.007610,-0.000743,-0.001747,0.016012,0.000110,-0.001336,0.019189,0.000489,-0.000927,0.016874,-0.000824,-0.000160,0.014428,-0.000798,-0.001690
panda_0038,"['A maroon dodge ram truck driving down the road.', 'A person is riding a motorcycle on a busy city street at night, with cars and other vehicles passing by.', 'A man in a helmet is riding a motorcycle down a street.']",218,41,0.162666,17.486695,0.695633,0.338964,18.099906,0.713796,0.308018,18.431027,0.720792,0.300815,17.065485,0.667028,0.363601,16.908428,0.663903,0.370106,17.484195,0.694941,0.338347,17.585599,0.698345,0.329516,0.613211,0.018163,-0.030947,0.944332,0.025159,-0.038149,-0.421210,-0.028605,0.024637,-0.578267,-0.031730,0.031142,-0.002500,-0.000692,-0.000618,0.098904,0.002712,-0.009449
panda_0039,"['A man is sitting in front of a microphone and talking to the interviewer.', 'A woman talking to the camera at an event.', 'A man in a blue shirt talking to a microphone.']",173,33,8.970251,5.560344,0.235117,0.820469,5.510130,0.231787,0.826716,6.426783,0.322946,0.817670,5.466849,0.230381,0.833931,5.423669,0.231016,0.825555,5.487098,0.233897,0.816865,5.514596,0.229063,0.817642,-0.050214,-0.003330,0.006247,0.866439,0.087829,-0.002798,-0.093496,-0.004736,0.013463,-0.136675,-0.004101,0.005087,-0.073247,-0.001220,-0.003604,-0.045748,-0.006054,-0.002826
panda_0040,"['A person is holding a stainless steel dough hook and talking about its quality.', 'A woman is using a hand mixer with five speed settings and can switch between them easily.', 'A person mixing something in a bowl with a mixer.']",230,41,2.297304,8.626261,0.673629,0.651577,8.658115,0.629169,0.644015,8.193266,0.609101,0.667503,8.525145,0.649061,0.649659,8.402538,0.642817,0.658034,8.548986,0.659273,0.647349,8.364222,0.644700,0.651652,0.031854,-0.044461,-0.007562,-0.432995,-0.064528,0.015926,-0.101116,-0.024569,-0.001917,-0.223723,-0.030812,0.006457,-0.077275,-0.014356,-0.004227,-0.262039,-0.028929,0.000076
panda_0041,"['There is an offshore oil platform in the middle of a large body of water. the sky is cloudy, and there are boats in the water.', 'A close up of a red substance on the ground.', 'The audible logo on a white background.']",221,43,1.145863,11.134148,0.712691,0.385485,10.633144,0.681247,0.413088,10.619929,0.684830,0.407483,10.846738,0.709444,0.386023,10.855818,0.709586,0.384180,10.877042,0.710036,0.385011,11.207208,0.715326,0.387923,-0.501004,-0.031444,0.027603,-0.514219,-0.027861,0.021998,-0.287409,-0.003247,0.000538,-0.278330,-0.003105,-0.001305,-0.257106,-0.002655,-0.000474,0.073060,0.002635,0.002438
panda_0042,"['A man in a white shirt and glasses stands in front of a city and a river.', 'Two men standing near the wreckage of a plane.', 'A man standing in tall grass next to a crashed plane.']",184,37,0.486823,23.444930,0.793920,0.051040,22.440060,0.758182,0.074586,22.622684,0.763030,0.071875,23.394555,0.792850,0.051455,23.245632,0.789093,0.053847,23.349764,0.791583,0.052108,23.406301,0.793045,0.051402,-1.004871,-0.035738,0.023546,-0.822247,-0.030890,0.020835,-0.050376,-0.001071,0.000415,-0.199298,-0.004827,0.002807,-0.095166,-0.002337,0.001068,-0.038629,-0.000875,0.000362
panda_0043,"['A video game with a green robot in the middle of a city.', 'A computer generated image of a desk and a fire.', 'A video game character is laying on the ground.']",163,32,0.095359,13.132470,0.386520,0.664551,13.138138,0.386224,0.665524,13.138283,0.386322,0.665252,13.141160,0.387212,0.664294,13.138908,0.387141,0.664264,13.133727,0.386594,0.664673,13.132031,0.386508,0.664570,0.005668,-0.000296,0.000973,0.005814,-0.000198,0.000700,0.008690,0.000692,-0.000257,0.006439,0.000621,-0.000288,0.001257,0.000074,0.000122,-0.000439,-0.000012,0.000019
panda_0044,"['An aerial view of a grassy field with a river running through it.', 'A man in a car wearing sunglasses and a seat belt.', 'A hand holding a book with a picture of a building.']",178,35,1.038864,24.211932,0.728072,0.090741,24.313487,0.728509,0.089088,24.287032,0.728154,0.088970,24.338379,0.730216,0.089152,24.284417,0.728930,0.090064,24.263070,0.729154,0.090749,24.206387,0.728292,0.091009,0.101555,0.000437,-0.001652,0.075100,0.000082,-0.001771,0.126447,0.002144,-0.001589,0.072485,0.000858,-0.000677,0.051138,0.001082,0.000009,-0.005545,0.000220,0.000268
panda_0045,"['It is a screenshot of a computer screen displaying an excel spreadsheet with several columns and rows filled with data.', 'A computer screen showing an excel spreadsheet.', 'An excel spreadsheet in a computer screen.']",220,34,0.113113,10.988507,0.453785,0.503175,11.369221,0.456597,0.489003,12.023187,0.499362,0.466500,11.010440,0.459734,0.503401,11.037193,0.452873,0.499109,11.031307,0.463086,0.503657,11.088424,0.466424,0.498287,0.380714,0.002812,-0.014172,1.034680,0.045577,-0.036675,0.021934,0.005949,0.000226,0.048686,-0.000912,-0.004067,0.042801,0.009301,0.000482,0.099917,0.012639,-0.004888
panda_0046,"['A close up of a blue and white emblem on a car.', 'A close up of the rear end of a black corvette.', 'A black sports car with white rims parked in front of a building.']",171,36,3.783203,17.219355,0.677606,0.366326,16.527048,0.653519,0.396533,17.277552,0.653761,0.387705,17.101800,0.683354,0.378729,16.689699,0.673534,0.379328,17.785462,0.688036,0.358802,17.974289,0.690090,0.348373,-0.692307,-0.024086,0.030207,0.058197,-0.023845,0.021379,-0.117555,0.005749,0.012403,-0.529656,-0.004071,0.013002,0.566107,0.010430,-0.007524,0.754934,0.012485,-0.017953
panda_0047,"['A cartoon drawing of two trees with faces on them.', 'A video game screen showing a group of people in the middle of a forest.', 'A computer screen showing a game of league of legends.']",188,35,2.724191,10.510370,0.725327,0.525495,10.298987,0.728959,0.530365,10.461112,0.731541,0.526763,10.414643,0.719841,0.530980,10.688328,0.729811,0.521900,10.525569,0.725794,0.525565,10.455034,0.723242,0.528640,-0.211383,0.003632,0.004870,-0.049258,0.006214,0.001268,-0.095727,-0.005485,0.005485,0.177958,0.004484,-0.003595,0.015199,0.000467,0.000069,-0.055336,-0.002085,0.003145
panda_0048,"['A busy street in a city with people on motorcycles, cars, and signs on the buildings.', 'There is a street with shops and people selling various goods.', 'There are two men sitting at a table in an outdoor restaurant, one of them is wearing a white hat.']",257,47,1.317334,17.234223,0.595200,0.280722,17.231790,0.594713,0.283827,17.231889,0.595350,0.280733,17.278304,0.597579,0.278843,17.262318,0.595117,0.282070,17.241081,0.596640,0.279269,17.250265,0.595506,0.280270,-0.002434,-0.000487,0.003105,-0.002334,0.000150,0.000012,0.044081,0.002378,-0.001879,0.028094,-0.000083,0.001348,0.006858,0.001440,-0.001453,0.016042,0.000306,-0.000452
panda_0049,"['A close up of a table with tools on it.', 'A close up of a filter sitting on top of a table.', 'There is a black plastic bottle on a table, and the camera zooms in to show the details of the bottle.']",202,43,0.710241,15.608034,0.468937,0.270779,15.632084,0.469597,0.268807,15.628581,0.469263,0.269881,15.614842,0.468976,0.271521,15.614120,0.468951,0.271771,15.604745,0.468757,0.271294,15.601481,0.468753,0.271145,0.024050,0.000660,-0.001972,0.020547,0.000326,-0.000898,0.006808,0.000039,0.000743,0.006087,0.000014,0.000993,-0.003288,-0.000180,0.000515,-0.006553,-0.000185,0.000366
panda_0050,"['A television news screen showing bottles of soda in a store.', 'A weather forecast is shown on a tv screen.', 'The cbsla news logo on a blue background.']",156,28,8.595535,11.116377,0.403066,0.667718,11.321062,0.390096,0.673692,11.425485,0.409050,0.650703,11.045197,0.396120,0.671144,11.179724,0.400243,0.669516,11.149368,0.401611,0.671140,11.167924,0.403848,0.667493,0.204685,-0.012970,0.005975,0.309108,0.005984,-0.017014,-0.071180,-0.006946,0.003426,0.063347,-0.002823,0.001798,0.032991,-0.001454,0.003422,0.051547,0.000783,-0.000225
panda_0051,"['There are different tools for car detailing on a table.', 'A bunch of different types of power tools on a table.', 'A mechanic is cleaning and polishing a ferrari car in a workshop.']",185,33,5.131635,16.449200,0.647107,0.109023,16.498103,0.648522,0.108255,16.493928,0.648399,0.108415,16.454530,0.647206,0.108993,16.453334,0.647379,0.108911,16.444930,0.646885,0.109157,16.441498,0.646791,0.109167,0.048903,0.001415,-0.000769,0.044728,0.001293,-0.000608,0.005330,0.000099,-0.000030,0.004134,0.000273,-0.000112,-0.004270,-0.000222,0.000134,-0.007702,-0.000315,0.000144
panda_0052,"['The person is holding a smartphone with a game on the screen, the game appears to be need for speed shift and the person is reviewing it.', 'A person is playing a racing game on a smartphone.', 'A person is playing a racing game on a smartphone.']",249,47,5.581718,18.699784,0.696502,0.524949,19.047697,0.710826,0.537582,18.456796,0.686848,0.556490,18.348346,0.688192,0.546554,18.706259,0.688681,0.528870,19.269060,0.727568,0.483875,18.758363,0.697235,0.524693,0.347913,0.014323,0.012634,-0.242988,-0.009655,0.031541,-0.351438,-0.008310,0.021606,0.006474,-0.007821,0.003922,0.569276,0.031066,-0.041073,0.058579,0.000732,-0.000256
panda_0053,"['A man sitting on a yellow box under a white truck.', 'A mechanic is working on a white sports car in a garage.', 'A black and white poster with a subscribe button.']",167,32,0.490137,26.669885,0.799708,0.210580,26.522661,0.795108,0.221104,26.637375,0.799911,0.207358,26.656573,0.797213,0.215678,26.669541,0.797472,0.212305,26.668866,0.799381,0.209697,26.648743,0.798392,0.212352,-0.147225,-0.004600,0.010524,-0.032511,0.000203,-0.003221,-0.013313,-0.002495,0.005099,-0.000345,-0.002236,0.001725,-0.001020,-0.000327,-0.000883,-0.021143,-0.001316,0.001772
panda_0054,"['A person is putting blue flowers into a basket.', 'A blurry image of a person putting something in a basket.', 'A basket filled with blue flowers sitting on a table.']",169,30,2.051326,17.890776,0.722248,0.248180,17.957497,0.717868,0.243816,17.880020,0.718509,0.246839,17.894060,0.716398,0.251739,17.907025,0.719316,0.248937,17.920934,0.724915,0.248647,17.877836,0.723070,0.248540,0.066721,-0.004380,-0.004365,-0.010756,-0.003739,-0.001342,0.003284,-0.005850,0.003559,0.016249,-0.002932,0.000756,0.030157,0.002667,0.000467,-0.012941,0.000822,0.000360
panda_0055,"['A video showing how to draw a sonic character.', 'A green room with cartoon characters on it.', 'A picture of a dog with a sign that says 750 megabytes.']",156,29,2.192689,13.101390,0.705139,0.381825,13.111726,0.706040,0.379375,13.172792,0.712062,0.365175,13.165167,0.711671,0.363095,12.967690,0.697943,0.389950,13.008635,0.705204,0.364866,13.131176,0.711553,0.366793,0.010336,0.000901,-0.002450,0.071403,0.006923,-0.016650,0.063778,0.006532,-0.018730,-0.133700,-0.007196,0.008125,-0.092755,0.000065,-0.016959,0.029787,0.006414,-0.015032
panda_0056,"['A close up of three fluorescent lights in a dark room.', 'A picture of a lamp with a red arrow pointing to it.', 'There is a light source shining on the surface of a white object, which appears to be a piece of machinery or equipment.']",238,46,1.687711,15.423816,0.680288,0.323860,15.336627,0.677520,0.325001,15.306278,0.677615,0.324166,15.406713,0.679026,0.323684,15.396483,0.678308,0.325254,15.386906,0.679120,0.324218,15.370174,0.678754,0.324805,-0.087190,-0.002768,0.001140,-0.117539,-0.002673,0.000305,-0.017103,-0.001262,-0.000176,-0.027333,-0.001981,0.001393,-0.036911,-0.001168,0.000358,-0.053642,-0.001534,0.000944
panda_0057,"['A man is playing a game on a computer screen.', 'The person is playing a video game and is in a spaceship.', 'The user is interacting with a graphical user interface on a computer.']",184,34,0.133747,16.667153,0.728704,0.307112,15.721189,0.736626,0.291206,15.665551,0.734812,0.301619,16.211142,0.719846,0.311516,15.984943,0.723595,0.306073,16.332859,0.729677,0.305949,16.639090,0.741853,0.291938,-0.945965,0.007922,-0.015906,-1.001603,0.006108,-0.005492,-0.456012,-0.008858,0.004404,-0.682211,-0.005109,-0.001039,-0.334295,0.000973,-0.001163,-0.028063,0.013149,-0.015174
panda_0058,"[""A close up of a person's hand holding a skateboard."", 'A person is sitting at a table with a can of wicked awesome ipa beer in front of them.', 'There is a person kneeling on the ground in front of a black car that is parked on the side of the road.']",253,52,6.204083,32.110089,0.927505,0.044801,32.099659,0.926743,0.044376,32.036291,0.926434,0.044713,32.099463,0.927133,0.044914,32.022929,0.926608,0.045200,32.079824,0.927764,0.044695,32.102944,0.927688,0.044626,-0.010430,-0.000762,-0.000425,-0.073798,-0.001071,-0.000088,-0.010626,-0.000373,0.000113,-0.087160,-0.000897,0.000399,-0.030265,0.000259,-0.000106,-0.007145,0.000183,-0.000175
panda_0059,"['A child is cracking eggs into a bowl on a kitchen counter.', 'A young boy is standing in front of a kitchen counter. he is wearing an orange shirt and holding a tray with muffins on it.', 'A young boy in a kitchen is holding a bottle of food in his hand.']",258,52,0.208655,21.276322,0.749991,0.289569,21.437289,0.742305,0.305027,21.533130,0.754259,0.282398,21.597295,0.754794,0.270021,21.504431,0.756728,0.275138,21.681909,0.757117,0.265923,21.616574,0.758066,0.266719,0.160966,-0.007686,0.015458,0.256807,0.004269,-0.007171,0.320973,0.004803,-0.019548,0.228109,0.006737,-0.014431,0.405586,0.007126,-0.023646,0.340251,0.008075,-0.022850
panda_0060,"['A turtle is sitting on a light-colored background and looking around.', 'A couple of guinea pigs sitting on a blanket.', 'A small brown guinea pig is sitting on a bed of hay in an enclosure.']",194,35,0.603083,17.732043,0.533822,0.153923,17.914585,0.538218,0.152547,17.937986,0.538730,0.152413,17.727399,0.533909,0.154538,17.728334,0.533964,0.154500,17.722705,0.533143,0.154193,17.742098,0.534482,0.153847,0.182542,0.004396,-0.001375,0.205943,0.004908,-0.001510,-0.004644,0.000087,0.000615,-0.003709,0.000142,0.000578,-0.009338,-0.000679,0.000270,0.010055,0.000661,-0.000075
panda_0061,"['A screen shot of a video game with a man in a headset.', 'A video game screen showing a man wearing headphones.', 'A video game screen showing a man with headphones on.']",172,32,9.811963,15.554219,0.820330,0.249829,15.436288,0.820562,0.249325,15.469229,0.820606,0.250833,15.543570,0.820256,0.250282,15.565902,0.819421,0.255140,15.559109,0.820553,0.250467,15.573047,0.820692,0.246469,-0.117931,0.000232,-0.000504,-0.084990,0.000276,0.001005,-0.010649,-0.000074,0.000454,0.011683,-0.000909,0.005312,0.004890,0.000223,0.000638,0.018828,0.000362,-0.003359
panda_0062,"['A tv show with a bunch of food on a counter.', 'Three people standing in a kitchen preparing food.', 'Three people in a kitchen preparing food.']",147,26,0.260371,7.625205,0.343613,0.794419,7.585684,0.344208,0.793385,7.686575,0.343813,0.791432,7.617632,0.342477,0.795673,7.643192,0.345044,0.788047,7.609427,0.344218,0.794137,7.626824,0.344083,0.790905,-0.039521,0.000595,-0.001034,0.061370,0.000200,-0.002987,-0.007573,-0.001136,0.001255,0.017986,0.001431,-0.006372,-0.015779,0.000605,-0.000282,0.001619,0.000470,-0.003514
panda_0063,"[""There is a bag of teddy graham's honey on a table."", 'There is a bottle of water and some snacks on a table.', 'A close up of a pink and white electronic device.']",165,33,2.370459,14.108441,0.499754,0.475553,13.938397,0.489470,0.489686,14.017233,0.496602,0.493524,14.083975,0.495575,0.489716,14.065540,0.495011,0.491206,14.111952,0.497722,0.488145,14.037594,0.492308,0.486203,-0.170043,-0.010284,0.014134,-0.091207,-0.003152,0.017972,-0.024466,-0.004179,0.014164,-0.042900,-0.004743,0.015653,0.003511,-0.002032,0.012592,-0.070847,-0.007446,0.010650
panda_0064,"['The user is browsing a wireless charging pad on a computer screen.', 'A close up of a computer screen with icons on it.', 'The person is sitting at a desk in front of a computer with two monitors, one of which has a green phone case on it.']",243,48,1.674547,17.104988,0.724607,0.231390,17.142470,0.725187,0.232202,17.084263,0.724178,0.231564,17.132399,0.724432,0.231572,17.105967,0.724750,0.231002,17.079377,0.725024,0.231944,17.123661,0.725122,0.231499,0.037481,0.000579,0.000811,-0.020725,-0.000430,0.000173,0.027411,-0.000176,0.000182,0.000978,0.000143,-0.000388,-0.025611,0.000416,0.000553,0.018673,0.000514,0.000108
panda_0065,"['A pregnant woman with a basket of fruits and vegetables in front of her.', 'A woman in a pink sari is sitting in front of a painting of a bowl of fruit.', 'A black background with the words subscribe on it.']",210,41,1.725479,18.776575,0.561604,0.354050,19.378382,0.571381,0.341746,19.266123,0.569709,0.343065,18.537644,0.558697,0.358376,18.294934,0.554476,0.362800,18.468849,0.558995,0.358728,18.515038,0.559808,0.358220,0.601807,0.009777,-0.012304,0.489548,0.008105,-0.010985,-0.238931,-0.002907,0.004327,-0.481641,-0.007128,0.008750,-0.307726,-0.002609,0.004678,-0.261537,-0.001796,0.004170
panda_0066,"['Two women sitting at a table looking at something.', 'A doctor examining a baby with a stethoscope.', 'A nyu flag hanging from a building.']",142,24,0.137680,24.099859,0.919616,0.038028,24.019599,0.914736,0.039990,24.026824,0.915545,0.039874,24.084244,0.918659,0.038429,24.035191,0.916544,0.039704,24.050383,0.916928,0.039301,24.076418,0.918680,0.038466,-0.080260,-0.004880,0.001962,-0.073035,-0.004071,0.001846,-0.015615,-0.000957,0.000401,-0.064668,-0.003072,0.001676,-0.049477,-0.002688,0.001273,-0.023441,-0.000936,0.000438
panda_0067,"['A man wearing a suit and tie is talking into a microphone.', 'A team of basketball players are playing a game of basketball in front of a crowd.', 'A basketball player dunks the ball into the hoop.']",201,37,0.155475,22.235152,0.873779,0.091160,22.294843,0.873978,0.090023,22.287263,0.873746,0.090482,22.240767,0.873499,0.091715,22.240123,0.873548,0.091605,22.242102,0.873650,0.091229,22.232684,0.873648,0.091082,0.059691,0.000199,-0.001137,0.052110,-0.000033,-0.000678,0.005615,-0.000280,0.000555,0.004970,-0.000231,0.000445,0.006950,-0.000129,0.000069,-0.002468,-0.000131,-0.000078
panda_0068,"['A person is holding a plastic cup in their hand with a red fish in it.', 'A hand holding a burger king cup with a straw in it.', 'A car is driving on a road with trees and buildings in the background.']",204,42,10.152231,10.361621,0.583541,0.636082,10.112954,0.583557,0.639928,10.159366,0.584058,0.641028,10.401483,0.586576,0.629019,10.318943,0.581807,0.638243,10.433743,0.585903,0.636747,10.411124,0.587461,0.630846,-0.248667,0.000016,0.003846,-0.202255,0.000517,0.004946,0.039862,0.003035,-0.007062,-0.042678,-0.001734,0.002162,0.072122,0.002362,0.000665,0.049502,0.003920,-0.005235
panda_0069,"['A person is standing in front of a counter in a coffee shop.', 'A person holding a red tool near a bunch of yellow wires.', 'The person is checking the oil levels of an onan generator and advises to use it once in a while to keep it running properly.']",254,50,1.403840,20.237506,0.762118,0.259297,20.234744,0.761908,0.261772,20.225789,0.761881,0.261804,20.198221,0.761046,0.262815,20.213075,0.761706,0.260079,20.221949,0.761839,0.260801,20.221670,0.761994,0.260348,-0.002762,-0.000210,0.002475,-0.011717,-0.000237,0.002507,-0.039286,-0.001072,0.003519,-0.024432,-0.000412,0.000783,-0.015557,-0.000279,0.001505,-0.015836,-0.000124,0.001051
panda_0070,"['A man is cooking corn on the cob in a kitchen.', 'A person is cooking food on a stove with a gas burner.', 'A chef in a kitchen preparing food in a bowl.']",157,33,8.000900,18.052004,0.878781,0.085786,17.978491,0.878663,0.088788,18.002693,0.879336,0.088199,18.017798,0.877516,0.087822,18.078201,0.878294,0.086532,18.074832,0.879016,0.085436,18.036064,0.878650,0.085925,-0.073512,-0.000119,0.003002,-0.049311,0.000555,0.002413,-0.034206,-0.001265,0.002035,0.026198,-0.000488,0.000746,0.022829,0.000235,-0.000351,-0.015939,-0.000132,0.000138
panda_0071,"['A fish is placed in a plastic bag with water.', 'A person is holding a plastic bag in their hand.', 'A person rolling up a newspaper on a rug.']",146,29,0.588290,22.960853,0.642714,0.188237,22.969382,0.645965,0.175418,22.947860,0.645570,0.175319,23.000284,0.641780,0.193722,22.948416,0.641457,0.193230,22.982449,0.642888,0.192471,22.921056,0.641937,0.188538,0.008529,0.003251,-0.012819,-0.012994,0.002856,-0.012919,0.039430,-0.000934,0.005484,-0.012437,-0.001257,0.004992,0.021595,0.000174,0.004233,-0.039798,-0.000777,0.000301
panda_0072,"['A close up of a bmw car on a brick road.', 'A car is driving on a road and passing by houses with trees in the background.', 'The trunk of a car is open, revealing various items such as boxes, bags, and a camera.']",216,44,0.886324,15.226734,0.401357,0.335407,15.259728,0.402593,0.334589,15.265337,0.403226,0.333662,15.250954,0.402888,0.334528,15.226952,0.401204,0.336007,15.243640,0.402073,0.335247,15.224433,0.401491,0.335408,0.032994,0.001236,-0.000818,0.038603,0.001869,-0.001745,0.024220,0.001531,-0.000879,0.000219,-0.000152,0.000600,0.016907,0.000716,-0.000160,-0.002300,0.000134,0.000001
panda_0073,"['A drone is taking off and flying over a river.', 'A red helicopter is flying in the sky on a cloudy day.', 'There is a helicopter flying in the sky, and there is a mountain in the background.']",195,38,7.130259,14.487112,0.509190,0.398363,14.629845,0.511277,0.392778,14.861446,0.515533,0.386933,14.710521,0.507544,0.404778,14.508649,0.511728,0.394355,14.606554,0.508700,0.407652,14.416508,0.508072,0.396806,0.142733,0.002086,-0.005585,0.374334,0.006342,-0.011429,0.223409,-0.001647,0.006415,0.021537,0.002537,-0.004008,0.119442,-0.000490,0.009289,-0.070604,-0.001118,-0.001556
panda_0074,"['A diagram showing the structure of a neuron.', 'It is a video about the nervous system, specifically about the structure and function of neurons.', 'A diagram showing the structure of a neuron.']",197,32,0.149691,35.021155,0.990093,0.016400,34.852870,0.989306,0.023805,26.192662,0.945302,0.322871,35.007019,0.990020,0.016637,34.859551,0.989745,0.018299,35.028346,0.990099,0.016317,35.046682,0.990110,0.016225,-0.168286,-0.000787,0.007405,-8.828493,-0.044792,0.306471,-0.014137,-0.000073,0.000237,-0.161605,-0.000349,0.001898,0.007191,0.000006,-0.000084,0.025526,0.000017,-0.000175
panda_0075,"['A woman in a business suit holding a folder.', 'A yellow car is parked on the street in front of a building covered in snow.', 'A man holding a car air filter with the text replace your filters.']",198,38,0.092344,16.999700,0.744971,0.354783,16.533746,0.733582,0.423631,16.977847,0.752444,0.353580,16.863562,0.748733,0.352196,16.990960,0.748465,0.351181,16.848560,0.748869,0.349959,17.006707,0.753185,0.338995,-0.465953,-0.011389,0.068848,-0.021853,0.007473,-0.001203,-0.136138,0.003763,-0.002587,-0.008739,0.003494,-0.003602,-0.151140,0.003898,-0.004824,0.007007,0.008214,-0.015788
panda_0076,"['A close up of wires attached to a metal box.', 'There is a yellow device with a digital screen displaying a number ""372"".', 'A person is holding a smartphone with numbers on the screen.']",189,34,1.276586,16.056041,0.603319,0.249698,16.226340,0.605079,0.244306,16.094905,0.603223,0.249595,16.031518,0.602650,0.251345,16.036011,0.603087,0.250215,16.151279,0.605180,0.246281,16.124010,0.604376,0.249548,0.170300,0.001760,-0.005392,0.038864,-0.000096,-0.000103,-0.024523,-0.000670,0.001647,-0.020030,-0.000232,0.000517,0.095238,0.001861,-0.003416,0.067969,0.001057,-0.000149
panda_0077,"['An orange off-road vehicle is driving on a rocky terrain and jumping over obstacles.', 'A red and black atv in the middle of a body of water.', 'A remote control car is driving through a muddy river.']",203,37,12.585052,6.650677,0.199778,0.969149,6.614476,0.196275,0.968450,6.615998,0.194285,0.967975,6.574885,0.197753,0.968733,6.609993,0.198167,0.969957,6.671726,0.200617,0.969080,6.645650,0.200480,0.970620,-0.036201,-0.003503,-0.000699,-0.034678,-0.005493,-0.001174,-0.075792,-0.002026,-0.000416,-0.040684,-0.001611,0.000807,0.021050,0.000839,-0.000069,-0.005027,0.000702,0.001471
panda_0078,"['A person is cooking some food in a frying pan with a wooden spoon.', 'A plate of food with some eggplant, a fork and some bananas.', 'The user has provided a visual content of a cupcake on a black background.']",212,40,1.505674,25.180646,0.872538,0.117154,25.034427,0.870630,0.123833,25.065112,0.871027,0.122636,25.114163,0.871606,0.119593,25.160525,0.872039,0.117913,25.155575,0.872176,0.117758,25.189509,0.872485,0.117804,-0.146219,-0.001908,0.006680,-0.115534,-0.001511,0.005482,-0.066484,-0.000932,0.002439,-0.020122,-0.000499,0.000759,-0.025071,-0.000362,0.000604,0.008863,-0.000054,0.000650
panda_0079,"['Two men are sitting at a table in an outdoor cafe and smiling at the camera.', 'Ingredients for brown sugar coconut flakes on a wooden table.', 'A bowl filled with a brown substance on a wooden table.']",204,37,0.161881,15.673925,0.651909,0.213359,15.846865,0.633896,0.210344,15.883875,0.644122,0.209868,15.664021,0.645144,0.214937,15.668256,0.649223,0.213979,15.632888,0.636354,0.217801,15.688692,0.650690,0.213011,0.172940,-0.018013,-0.003015,0.209950,-0.007787,-0.003491,-0.009904,-0.006764,0.001578,-0.005670,-0.002686,0.000620,-0.041038,-0.015555,0.004442,0.014767,-0.001219,-0.000348
panda_0080,"['A man is sitting at a desk and talking into a microphone. he is wearing a blue shirt and appears to be on a television show.', 'A television screen with a picture of a man on it.', 'There is a black background with white text on it.']",236,47,0.102209,26.500753,0.911888,0.050890,26.644276,0.911814,0.051392,26.672092,0.912037,0.050545,26.526514,0.910906,0.051878,26.560677,0.910822,0.051574,26.536554,0.911925,0.050782,26.533192,0.912084,0.050478,0.143523,-0.000074,0.000502,0.171339,0.000149,-0.000345,0.025762,-0.000983,0.000988,0.059924,-0.001067,0.000684,0.035801,0.000036,-0.000108,0.032439,0.000195,-0.000412
panda_0081,"['An elderly man is mixing ingredients in a blender.', 'A man is kneading dough on a wooden cutting board.', 'A man with glasses holding a cookie in his hands standing in a kitchen.']",183,33,0.204135,22.937175,0.823312,0.049598,23.296710,0.838508,0.046153,23.280574,0.837540,0.046363,22.819318,0.820186,0.050502,22.919537,0.823477,0.049525,22.976717,0.825081,0.050358,22.964079,0.823748,0.050729,0.359535,0.015196,-0.003445,0.343399,0.014228,-0.003234,-0.117857,-0.003126,0.000904,-0.017638,0.000166,-0.000072,0.039542,0.001770,0.000760,0.026904,0.000436,0.001131
panda_0082,"['A smartphone is placed on a window sill next to a window.', 'A person holding an iphone in front of a window.', 'A person is holding an iphone and playing a racing game on it.']",179,35,0.484869,10.243536,0.599853,0.638301,9.224987,0.594160,0.647709,9.650235,0.605353,0.644980,10.259090,0.601225,0.638877,10.227164,0.601004,0.636961,10.243878,0.601193,0.638614,10.282726,0.600513,0.638428,-1.018549,-0.005692,0.009408,-0.593300,0.005500,0.006679,0.015554,0.001372,0.000576,-0.016372,0.001151,-0.001340,0.000343,0.001340,0.000313,0.039190,0.000660,0.000127
panda_0083,"['A soccer game being played on a computer screen.', 'A video game screen showing a soccer field.', 'A group of people are playing soccer in the dark.']",152,27,0.071172,27.213095,0.937906,0.043631,26.478025,0.933029,0.044665,26.649074,0.933574,0.044622,27.104298,0.935030,0.045773,27.238633,0.937091,0.044151,27.255341,0.937531,0.043820,27.160249,0.937589,0.044146,-0.735070,-0.004877,0.001034,-0.564021,-0.004332,0.000991,-0.108797,-0.002877,0.002142,0.025538,-0.000815,0.000521,0.042246,-0.000375,0.000189,-0.052846,-0.000317,0.000516
panda_0084,"['A woman in a white tank top standing in front of a green background.', 'There is a video game being played on a computer screen, with two players competing against each other.', 'A screenshot of a website with text.']",219,39,25.326809,11.270767,0.368007,0.581039,11.326455,0.370659,0.575388,11.304651,0.371094,0.572635,11.332435,0.368192,0.581012,11.338683,0.372308,0.574042,11.297332,0.370416,0.578964,11.307409,0.368331,0.579926,0.055688,0.002652,-0.005652,0.033884,0.003088,-0.008404,0.061668,0.000186,-0.000028,0.067916,0.004301,-0.006997,0.026565,0.002409,-0.002075,0.036642,0.000324,-0.001113
panda_0085,"['A person holding up a cell phone with a game loading screen on it.', 'A person is holding a cell phone with a game on the screen.', 'A person using a smart phone to play a game.']",181,37,2.980936,10.610926,0.442857,0.611976,10.458244,0.427490,0.631185,10.354371,0.429476,0.630869,10.371666,0.439805,0.626200,10.532341,0.450032,0.627255,10.463608,0.461453,0.626113,10.542571,0.460931,0.621485,-0.152683,-0.015366,0.019209,-0.256555,-0.013381,0.018893,-0.239260,-0.003052,0.014225,-0.078585,0.007175,0.015279,-0.147318,0.018596,0.014137,-0.068355,0.018074,0.009509
panda_0086,"['A video game showing a girl in a pink dress.', 'A room in the sims game.', 'A girl in a pink house on a computer screen.']",124,26,0.064667,18.251689,0.690522,0.357996,18.577049,0.697261,0.346317,18.480100,0.687784,0.358622,19.119826,0.691380,0.354611,18.415061,0.685922,0.359793,18.467523,0.687003,0.357416,18.316942,0.690781,0.355209,0.325361,0.006739,-0.011679,0.228411,-0.002738,0.000626,0.868138,0.000857,-0.003385,0.163372,-0.004600,0.001797,0.215834,-0.003519,-0.000580,0.065253,0.000258,-0.002787
panda_0087,"['A baseball game is being played, and the pitcher is throwing the ball towards the catcher.', 'There is a baseball game being played on a green field with a crowd of people watching.', 'A baseball game with a crowd of people watching and a man holding a bat up to a batter at home plate.']",290,55,2.284777,9.892285,0.373623,0.712153,9.908440,0.373554,0.711702,9.897086,0.372156,0.711817,9.896780,0.374486,0.711046,9.904740,0.374191,0.709469,9.901279,0.374222,0.711765,9.909093,0.374475,0.710327,0.016155,-0.000069,-0.000451,0.004801,-0.001467,-0.000336,0.004495,0.000863,-0.001106,0.012455,0.000568,-0.002684,0.008994,0.000599,-0.000387,0.016808,0.000852,-0.001825
panda_0088,"['There is an aerial view of a city with mountains in the background during sunset.', 'A man is walking on the street and talking to the camera.', 'A man is riding a bicycle on a balcony.']",189,36,1.892015,23.390859,0.922959,0.051041,23.448698,0.923766,0.049111,23.302560,0.918781,0.055816,23.345677,0.922383,0.051610,23.400291,0.922950,0.050737,23.403196,0.923043,0.050685,23.406567,0.922894,0.050960,0.057838,0.000807,-0.001930,-0.088299,-0.004178,0.004775,-0.045182,-0.000576,0.000569,0.009432,-0.000009,-0.000304,0.012337,0.000083,-0.000356,0.015707,-0.000065,-0.000081
panda_0089,"['An intel logo on a blue background.', 'An intel logo on a blue background.', 'The intel logo on a blue background.']",118,21,29.715588,29.560021,0.901577,0.096517,26.097404,0.794974,0.205008,26.219926,0.809572,0.226838,29.521555,0.898676,0.098131,25.848348,0.871223,0.142886,25.896467,0.785192,0.174371,25.669611,0.828440,0.143002,-3.462617,-0.106603,0.108491,-3.340095,-0.092005,0.130320,-0.038466,-0.002901,0.001613,-3.711673,-0.030354,0.046369,-3.663554,-0.116385,0.077853,-3.890410,-0.073136,0.046485
panda_0090,"['A building in a minecraft game.', 'A room in a minecraft game.', 'A minecraft game with a gun on the ground.']",112,21,0.576412,21.055908,0.798023,0.392824,24.622294,0.848327,0.294244,24.536708,0.845328,0.262455,21.172558,0.795782,0.383700,21.056031,0.793560,0.397025,21.252589,0.794949,0.393661,21.403648,0.804894,0.379205,3.566385,0.050304,-0.098580,3.480799,0.047305,-0.130369,0.116649,-0.002240,-0.009124,0.000123,-0.004463,0.004201,0.196680,-0.003073,0.000837,0.347739,0.006872,-0.013619
panda_0091,"['A view from the windshield of a car on a rainy day.', 'The view from a car of a storm and clouds in the sky.', 'A person is driving a car on a street with clouds in the sky.']",177,39,1.254313,15.967711,0.820791,0.223092,14.879742,0.793543,0.249879,15.089665,0.806083,0.225972,15.925894,0.818191,0.226698,15.509933,0.814210,0.220860,16.116747,0.823362,0.217040,16.136035,0.823902,0.213797,-1.087969,-0.027248,0.026788,-0.878046,-0.014708,0.002881,-0.041817,-0.002600,0.003606,-0.457778,-0.006581,-0.002232,0.149036,0.002571,-0.006052,0.168324,0.003111,-0.009294
panda_0092,"['A screenshot of a website with an image of a stadium in the background.', 'A soccer stadium with the words compare prices and buy tickets.', 'A soccer stadium with the words ticket - compare.']",195,34,0.170181,9.956712,0.355534,0.671795,10.484399,0.372075,0.665106,10.477909,0.372949,0.664840,9.670174,0.345377,0.684872,9.856432,0.347869,0.679716,9.946352,0.353800,0.674295,9.944704,0.348358,0.683430,0.527687,0.016541,-0.006689,0.521198,0.017415,-0.006956,-0.286538,-0.010157,0.013077,-0.100280,-0.007665,0.007921,-0.010359,-0.001734,0.002500,-0.012008,-0.007176,0.011634
panda_0093,"['A news anchor on a tv announcing a promotion for chicken nuggets.', 'A screenshot of an app shows a map.', 'A picture of a chicken wing restaurant with a quote on it.']",170,32,1.686223,11.450480,0.515855,0.315744,11.392415,0.514603,0.323640,11.415115,0.512488,0.321463,11.372244,0.512468,0.325351,11.352814,0.514358,0.320601,11.440723,0.514477,0.315751,11.406141,0.514865,0.316623,-0.058064,-0.001252,0.007896,-0.035364,-0.003367,0.005718,-0.078235,-0.003386,0.009607,-0.097666,-0.001496,0.004856,-0.009757,-0.001378,0.000006,-0.044338,-0.000989,0.000879
panda_0094,"['The speaker is standing in front of a large parking lot filled with cars and talking about tires.', 'A man kneeling down next to a car on the side of the road.', 'A man is driving a car and using the steering wheel.']",219,43,1.450613,6.730131,0.225236,0.781895,6.865564,0.237481,0.764414,6.780695,0.231930,0.780627,6.657507,0.228125,0.777781,6.662109,0.227250,0.779441,6.711917,0.238222,0.766180,6.775026,0.234925,0.763730,0.135433,0.012245,-0.017480,0.050563,0.006695,-0.001267,-0.072624,0.002890,-0.004114,-0.068023,0.002014,-0.002454,-0.018214,0.012987,-0.015715,0.044895,0.009690,-0.018165
panda_0095,"['The interior of a futuristic car with a screen on the dashboard.', 'A black suv towing a trailer on a beach.', 'A series of pictures of a room with a bed and a bedside table.']",178,35,0.771885,4.641692,0.365730,0.793405,4.533370,0.383516,0.783718,4.578994,0.384349,0.793429,4.745711,0.371539,0.791298,4.702579,0.372882,0.794624,4.661678,0.385969,0.791475,4.667257,0.393316,0.773033,-0.108322,0.017787,-0.009687,-0.062699,0.018619,0.000023,0.104018,0.005809,-0.002107,0.060887,0.007152,0.001219,0.019986,0.020239,-0.001930,0.025565,0.027586,-0.020372
panda_0096,"['A person holding a bunch of small plastic animals.', 'A person is playing with miniature toys on a table.', 'There are different types of toys and candles on a table.']",170,30,0.485565,18.616121,0.769022,0.559170,18.413607,0.767459,0.564315,18.258954,0.749497,0.582634,18.651050,0.770196,0.570888,18.488430,0.765110,0.569379,18.636009,0.768952,0.558851,18.280945,0.760433,0.586271,-0.202514,-0.001563,0.005145,-0.357167,-0.019526,0.023464,0.034930,0.001174,0.011718,-0.127691,-0.003913,0.010209,0.019889,-0.000071,-0.000319,-0.335176,-0.008589,0.027100
panda_0097,"['A man wearing a white t-shirt and a baseball cap is standing on a patio and holding a bucket of white paint.', 'It is a black background with white text that reads, ""what about the raining? "".', 'The man is standing on the porch of a house, wearing a white shirt and black pants.']",283,54,0.456277,15.362528,0.479787,0.119250,15.377654,0.481617,0.119022,15.376808,0.481427,0.119198,15.361697,0.479382,0.119930,15.364994,0.479620,0.120079,15.348902,0.478957,0.119929,15.345443,0.478764,0.119820,0.015125,0.001830,-0.000228,0.014280,0.001640,-0.000052,-0.000831,-0.000405,0.000680,0.002465,-0.000167,0.000830,-0.013626,-0.000830,0.000679,-0.017085,-0.001024,0.000571
panda_0098,"['The words ""home workshop makeover tour"" are written on a white background.', 'A small living room with a white couch and chair in front of a window.', 'A table with a potted plant on it next to a window.']",207,39,0.271244,44.553109,0.998680,0.001113,44.379039,0.998057,0.001799,44.372061,0.998048,0.001820,22.157039,0.923650,0.257614,21.037505,0.920267,0.266289,44.513531,0.998667,0.001153,44.541945,0.998664,0.001137,-0.174070,-0.000624,0.000685,-0.181048,-0.000633,0.000707,-22.396070,-0.075031,0.256501,-23.515604,-0.078414,0.265176,-0.039578,-0.000014,0.000040,-0.011163,-0.000017,0.000023
panda_0099,"['A white suv with a lot of smoke coming out of it.', 'A red dodge challenger parked in front of a garage.', 'A yellow car is driving on a track next to a green traffic light.']",177,36,0.584480,29.319007,0.952146,0.022467,31.137758,0.958218,0.019434,31.125564,0.957995,0.019467,28.857235,0.950001,0.023427,29.285423,0.951898,0.022623,29.804305,0.953900,0.021747,30.140791,0.955073,0.021173,1.818751,0.006071,-0.003033,1.806557,0.005849,-0.002999,-0.461772,-0.002145,0.000960,-0.033584,-0.000248,0.000157,0.485298,0.001753,-0.000720,0.821784,0.002927,-0.001293
panda_0100,"['A group of people in a video game are walking down a dirt path.', 'The player is running through a post-apocalyptic wasteland with military tents in the background.', 'A black night sky with some lights in the distance.']",223,38,2.756569,20.531865,0.590234,0.596004,18.753516,0.528160,0.660759,18.569481,0.528648,0.628406,19.940705,0.569760,0.620363,20.059455,0.574438,0.616641,20.336485,0.584009,0.597205,20.501319,0.589860,0.595254,-1.778348,-0.062075,0.064755,-1.962384,-0.061586,0.032402,-0.591160,-0.020474,0.024360,-0.472409,-0.015797,0.020637,-0.195379,-0.006225,0.001201,-0.030546,-0.000374,-0.000750
panda_0101,"['A person is frying food in a restaurant kitchen using a frying pan and a frying basket.', 'A chef is using a strainer to drain cheese curds in a frying pan.', 'A person is frying food in a pan on a stove.']",208,42,0.121418,12.865088,0.710431,0.411471,12.736387,0.706963,0.420122,12.765958,0.709701,0.416447,12.847782,0.711651,0.411178,12.880157,0.709753,0.413295,12.902261,0.713090,0.408530,12.912491,0.713073,0.409130,-0.128701,-0.003468,0.008651,-0.099129,-0.000730,0.004976,-0.017305,0.001220,-0.000293,0.015069,-0.000678,0.001825,0.037173,0.002659,-0.002941,0.047403,0.002642,-0.002340
panda_0102,"['The word yum is written in pink on a black background.', 'The word ""sluts"" written in pink on a black background.', 'A picture of a blonde haired anime girl.']",161,29,0.207366,8.227254,0.566055,0.648439,8.003762,0.582701,0.616959,7.884053,0.590885,0.616358,8.230387,0.546288,0.653360,8.227580,0.548623,0.653243,8.144667,0.561408,0.657923,8.189774,0.565848,0.656746,-0.223492,0.016646,-0.031479,-0.343201,0.024830,-0.032080,0.003133,-0.019767,0.004922,0.000326,-0.017432,0.004804,-0.082587,-0.004647,0.009484,-0.037480,-0.000207,0.008307
panda_0103,"['A basketball game is being played in a crowded stadium, and a basketball player is jumping up to dunk the ball.', 'There is a group of people gathered in a city street at night, holding up signs and cheering for their favorite sports teams.', 'There is a red ticket with the word ""believe"" written on it.']",308,56,0.761690,20.888910,0.730088,0.641942,20.772788,0.710884,0.649451,19.568212,0.700348,0.671694,20.485235,0.716781,0.643305,20.581274,0.719975,0.644296,20.811211,0.728279,0.645035,20.956724,0.731292,0.634091,-0.116121,-0.019204,0.007509,-1.320698,-0.029740,0.029752,-0.403675,-0.013307,0.001363,-0.307636,-0.010113,0.002353,-0.077698,-0.001809,0.003093,0.067815,0.001204,-0.007851
panda_0104,"['A man wearing headphones is standing in front of a black background.', 'There is a man in a dark room with a desk and a sink, he is wearing headphones and playing a video game.', 'A man wearing headphones is looking at a computer screen.']",241,45,3.407811,20.537230,0.506904,0.480215,22.164669,0.492574,0.469213,17.454410,0.510246,0.504602,20.196244,0.496654,0.488313,17.716133,0.506484,0.501283,21.232689,0.501765,0.474367,21.158642,0.501785,0.476338,1.627439,-0.014330,-0.011002,-3.082820,0.003342,0.024387,-0.340985,-0.010250,0.008097,-2.821097,-0.000420,0.021067,0.695460,-0.005139,-0.005848,0.621413,-0.005119,-0.003878
panda_0105,"['There is a man wearing a green shirt and glasses standing in front of a wall with several posters of formula one drivers, including ayrton senna and michael schumacher.', 'Formula one cars are racing on a track.', 'A man in a red racing suit standing on a podium.']",267,48,0.294743,18.204878,0.737635,0.215812,18.213463,0.737828,0.215288,18.272745,0.739422,0.214358,18.217730,0.737701,0.215778,18.221162,0.737200,0.215837,18.218518,0.737747,0.215735,18.213666,0.737353,0.216114,0.008584,0.000193,-0.000524,0.067867,0.001787,-0.001454,0.012851,0.000066,-0.000034,0.016283,-0.000434,0.000025,0.013639,0.000112,-0.000077,0.008788,-0.000282,0.000302
panda_0106,"['A man with a beard and hat is smiling for the camera in front of a vehicle.', 'A close up of a police car with its lights on.', 'A man is smiling at the camera in the dark.']",176,38,0.187824,10.092692,0.416191,0.672714,9.970926,0.421940,0.668467,10.024393,0.420818,0.669888,10.031489,0.412984,0.674044,10.069892,0.415753,0.672827,10.121030,0.415419,0.671731,10.019174,0.422689,0.675504,-0.121766,0.005749,-0.004247,-0.068299,0.004627,-0.002826,-0.061203,-0.003207,0.001330,-0.022800,-0.000438,0.000113,0.028338,-0.000772,-0.000983,-0.073518,0.006498,0.002790
panda_0107,"['There is a bathroom with a sink, toilet, and mirror.', 'The camera is moving in a room with white walls and wooden furniture.', 'A small room with a bed, couch and window with white curtains.']",195,35,4.513716,14.900769,0.663005,0.475308,14.832624,0.661538,0.476747,14.866572,0.661776,0.476244,14.913546,0.662553,0.475503,14.912262,0.662703,0.475608,14.906086,0.663264,0.475019,14.897931,0.663075,0.475201,-0.068145,-0.001467,0.001440,-0.034197,-0.001229,0.000936,0.012777,-0.000452,0.000196,0.011493,-0.000302,0.000300,0.005316,0.000259,-0.000288,-0.002838,0.000070,-0.000106
panda_0108,"['Two men standing next to a robot on a construction site.', 'A robotic arm is turning a valve on a gas pipeline.', 'A man wearing a blue shirt is standing in front of a building and looking at the wall.']",205,40,0.858087,17.539990,0.756418,0.184203,17.461444,0.753140,0.186594,17.530906,0.756872,0.184930,17.512170,0.753923,0.185073,17.571844,0.759137,0.183920,17.602004,0.761233,0.183326,17.547885,0.759534,0.185110,-0.078546,-0.003278,0.002391,-0.009084,0.000454,0.000728,-0.027820,-0.002495,0.000870,0.031853,0.002719,-0.000282,0.062014,0.004815,-0.000876,0.007895,0.003116,0.000907
panda_0109,"['A video game of a street with cars and buildings in the background.', 'There is a black car driving on a road in the desert.', 'A van is parked in a parking lot in a video game.']",181,37,4.767056,11.787711,0.232836,0.856466,11.280631,0.221184,0.869961,11.092629,0.223512,0.864583,11.572712,0.226783,0.859607,11.707647,0.228093,0.858549,11.672105,0.231129,0.856225,11.710728,0.233104,0.857135,-0.507080,-0.011652,0.013495,-0.695082,-0.009324,0.008117,-0.214999,-0.006053,0.003141,-0.080064,-0.004743,0.002083,-0.115605,-0.001707,-0.000241,-0.076983,0.000268,0.000669
panda_0110,"['A blurry picture of a hallway with an elevator.', 'A blurry image of a hospital bed and a tv.', 'It is a large, white building with multiple windows and balconies, surrounded by trees and shrubs.']",199,35,0.755981,8.021035,0.416459,0.639373,7.906393,0.408708,0.640930,7.746750,0.401797,0.657053,8.010373,0.418813,0.639932,7.996928,0.418520,0.636642,8.017686,0.417607,0.638174,8.295629,0.424017,0.630840,-0.114642,-0.007751,0.001557,-0.274286,-0.014663,0.017680,-0.010662,0.002354,0.000558,-0.024108,0.002060,-0.002731,-0.003350,0.001148,-0.001199,0.274593,0.007558,-0.008534
panda_0111,"['Products are sitting on a counter in a refrigerator.', 'A list of ingredients on a black background.', 'A black screen with text on it.']",139,24,2.310668,11.816181,0.499347,0.832646,11.833538,0.491490,0.839193,11.926468,0.491063,0.840762,11.946021,0.504791,0.831715,11.827448,0.500250,0.835395,11.823806,0.499171,0.832319,11.970605,0.503262,0.831044,0.017357,-0.007857,0.006546,0.110288,-0.008284,0.008116,0.129840,0.005444,-0.000931,0.011267,0.000903,0.002748,0.007625,-0.000176,-0.000327,0.154424,0.003915,-0.001603
panda_0112,"['A blue background with the words 22 news new at 11.', 'There is a pothole on the road and cars are driving over it.', 'Two cars are driving down a street in a residential area.']",180,35,1.088796,19.838008,0.816395,0.214891,19.789415,0.812011,0.212463,19.833020,0.815899,0.213539,19.775646,0.814702,0.219474,19.876709,0.814025,0.216761,19.862259,0.815615,0.216907,19.820477,0.817004,0.216498,-0.048592,-0.004384,-0.002428,-0.004987,-0.000496,-0.001352,-0.062362,-0.001693,0.004583,0.038701,-0.002371,0.001870,0.024251,-0.000780,0.002016,-0.017530,0.000608,0.001607
panda_0113,"['A beekeeper is wearing a beekeeping suit and holding a piece of honeycomb in his hand.', 'A condiment bottle and a thermometer next to each other.', 'A bucket of liquid being poured into another bucket.']",206,35,4.265229,21.571347,0.698372,0.124097,21.811134,0.699816,0.123716,21.653427,0.697290,0.125545,21.560764,0.699021,0.124435,21.600279,0.698441,0.124385,21.570847,0.698305,0.123949,21.707791,0.699957,0.123762,0.239788,0.001444,-0.000380,0.082081,-0.001082,0.001448,-0.010582,0.000649,0.000338,0.028932,0.000069,0.000288,-0.000500,-0.000067,-0.000148,0.136444,0.001584,-0.000335
panda_0114,"['It is a pond filter made from a plastic terracotta pot with a 1/8 inch hole drilled in it, and a spout added.', 'A close up of an orange pot with a hole in it.', 'It is a pond filter made from a plastic pot with a hole drilled in the side and a pipe connected to it.']",270,58,1.304771,18.094504,0.679008,0.341000,18.013990,0.675847,0.345953,18.020485,0.674777,0.349888,18.053395,0.680795,0.335827,18.086832,0.678535,0.342435,18.103883,0.681561,0.334236,18.038286,0.679744,0.337663,-0.080514,-0.003161,0.004953,-0.074019,-0.004231,0.008888,-0.041109,0.001787,-0.005173,-0.007672,-0.000473,0.001435,0.009379,0.002553,-0.006764,-0.056218,0.000736,-0.003337
panda_0115,"['A field of grass with trees and a house in the distance.', 'A person is picking up weeds in a garden.', 'A black dog with a blue collar in the bushes.']",154,31,0.315136,10.204836,0.300446,0.641623,10.119269,0.296547,0.647549,10.400697,0.302618,0.637417,10.126248,0.297367,0.642389,10.092046,0.298676,0.643011,10.134492,0.300020,0.641562,10.138129,0.300365,0.644497,-0.085567,-0.003898,0.005927,0.195862,0.002172,-0.004206,-0.078588,-0.003078,0.000767,-0.112790,-0.001770,0.001388,-0.070343,-0.000426,-0.000060,-0.066707,-0.000080,0.002874
panda_0116,"['A screen shot of a computer screen showing a list of buttons.', 'A picture of a piece of fabric with an iron on it.', 'A picture of a sewing machine with a pattern on it.']",174,35,7.478116,18.400122,0.777747,0.408332,18.284074,0.778881,0.403883,18.333270,0.775668,0.406910,18.520532,0.777656,0.410213,18.442446,0.777817,0.408812,18.355884,0.774486,0.412907,18.324326,0.775622,0.409622,-0.116049,0.001133,-0.004449,-0.066852,-0.002079,-0.001421,0.120409,-0.000092,0.001882,0.042324,0.000070,0.000480,-0.044238,-0.003262,0.004576,-0.075796,-0.002126,0.001291
panda_0117,"['A person is holding a smartphone in their hand and appears to be scrolling through social media.', 'A close up of a finger touching the screen of a cell phone.', 'A close up of a person typing on a keyboard.']",211,40,0.373500,21.850858,0.819892,0.260759,20.364681,0.814411,0.265248,20.766410,0.818207,0.267062,20.514174,0.815309,0.270251,20.674465,0.819338,0.264802,22.194523,0.818540,0.265433,21.407832,0.819758,0.261720,-1.486177,-0.005481,0.004489,-1.084448,-0.001685,0.006304,-1.336684,-0.004583,0.009492,-1.176393,-0.000554,0.004044,0.343665,-0.001351,0.004674,-0.443026,-0.000134,0.000961
panda_0118,"['The player is in a post-apocalyptic world, shooting at zombies with a gun.', 'The player is playing a first-person shooter game and shooting at enemies with a rifle.', 'A screen shot of a video game.']",203,35,2.194322,18.256624,0.581885,0.413029,17.878660,0.564687,0.409694,17.007018,0.546568,0.437295,18.338207,0.581557,0.413239,18.427341,0.584507,0.410742,17.535271,0.582385,0.420763,17.722032,0.580945,0.421910,-0.377964,-0.017198,-0.003335,-1.249605,-0.035317,0.024266,0.081583,-0.000328,0.000210,0.170718,0.002622,-0.002287,-0.721353,0.000501,0.007734,-0.534592,-0.000940,0.008881
panda_0119,"['A piece of paper with information about a robbery.', 'A sign in front of a tree and a street sign.', 'A man is standing on the side of the road in front of a construction site, wearing a suit and tie.']",204,41,6.182138,8.485867,0.277122,0.666663,8.575810,0.285602,0.655979,8.496745,0.285955,0.656163,8.426233,0.279874,0.667025,8.493739,0.278037,0.665151,8.448107,0.277257,0.668811,8.455617,0.278599,0.663124,0.089943,0.008480,-0.010684,0.010878,0.008833,-0.010500,-0.059634,0.002751,0.000362,0.007872,0.000915,-0.001512,-0.037760,0.000134,0.002148,-0.030250,0.001477,-0.003540
panda_0120,"['A blender with a brown liquid inside of it.', 'There is a stain on a beige fabric.', 'A bottle of ultra laundry detergent is sitting on a wooden table next to a potted plant.']",178,34,0.119982,37.457840,0.979429,0.009894,37.983156,0.979785,0.017855,37.990260,0.979895,0.016160,38.004454,0.979895,0.015429,38.018920,0.979947,0.015842,37.400353,0.979381,0.010052,37.345056,0.979302,0.009739,0.525316,0.000355,0.007961,0.532420,0.000466,0.006266,0.546615,0.000466,0.005535,0.561080,0.000518,0.005947,-0.057487,-0.000049,0.000158,-0.112784,-0.000127,-0.000156
panda_0121,"['A picture of a plate with skewers on it.', 'There is a white plate with sliced vegetables, including onions and courgettes, on it.', 'A picture of a bowl of vegetables and a bowl of meat.']",191,35,0.201526,16.467819,0.753540,0.198204,16.526183,0.757356,0.193321,16.590085,0.757007,0.192348,16.376229,0.752023,0.200110,16.448998,0.754292,0.198734,16.451626,0.754259,0.198230,16.398496,0.752811,0.199422,0.058363,0.003816,-0.004883,0.122266,0.003467,-0.005856,-0.091591,-0.001517,0.001906,-0.018821,0.000751,0.000530,-0.016193,0.000719,0.000026,-0.069323,-0.000729,0.001219
panda_0122,"['A man in an office is talking to another man who is wearing a suit and tie.', 'There is a group of people in an office setting, and they are discussing a problem.', 'The comedy bites logo on a blue background.']",213,41,2.450028,14.207585,0.426813,0.362034,14.235332,0.427724,0.361459,14.233876,0.427288,0.361814,14.220813,0.427038,0.361311,14.227731,0.427139,0.360863,14.213637,0.427069,0.361554,14.225041,0.427273,0.360966,0.027747,0.000911,-0.000575,0.026292,0.000475,-0.000221,0.013229,0.000225,-0.000723,0.020146,0.000326,-0.001171,0.006052,0.000256,-0.000480,0.017457,0.000460,-0.001069
panda_0123,"['It is a chandelier made of naturally shed antlers, no animals are harmed in the making of the chandelier.', 'An antler candle holder with three candles on it.', 'It is a glass table with antler chandeliers hanging from the ceiling.']",235,40,0.075785,37.957164,0.961581,0.010472,38.160992,0.962251,0.009421,38.273099,0.963424,0.009034,37.957650,0.960684,0.010340,37.942920,0.960706,0.010445,37.983825,0.961848,0.010266,37.955160,0.961577,0.010384,0.203827,0.000670,-0.001050,0.315935,0.001843,-0.001438,0.000485,-0.000897,-0.000132,-0.014244,-0.000875,-0.000027,0.026660,0.000267,-0.000205,-0.002005,-0.000004,-0.000087
panda_0124,"['A person is frying butter in a pan on a stove.', 'A person is using a frying pan to cook food in a kitchen.', 'A red plate with some food on it next to a spoon.']",164,36,0.653156,8.345551,0.476314,0.628277,8.636033,0.496643,0.612077,8.374961,0.480036,0.624737,8.365071,0.481534,0.625183,8.527147,0.494693,0.613646,8.344562,0.477782,0.626400,8.470968,0.486645,0.622618,0.290483,0.020329,-0.016200,0.029410,0.003721,-0.003539,0.019521,0.005220,-0.003093,0.181597,0.018379,-0.014631,-0.000989,0.001468,-0.001876,0.125418,0.010331,-0.005659
panda_0125,"['A man in blue shirt is cooking food in a kitchen.', 'A person is cutting mushrooms with a knife on a cutting board.', 'The chef is adding mushrooms to a bowl of soup.']",170,33,1.523578,25.840393,0.891310,0.072569,25.721418,0.884682,0.072058,25.688399,0.883806,0.076342,25.846288,0.891823,0.072322,25.846031,0.891499,0.071834,25.825291,0.890495,0.072903,25.851766,0.891837,0.071970,-0.118975,-0.006628,-0.000512,-0.151994,-0.007504,0.003772,0.005894,0.000513,-0.000247,0.005637,0.000189,-0.000735,-0.015103,-0.000815,0.000334,0.011373,0.000527,-0.000599
panda_0126,"['The air conditioning vents are made of metal and are arranged in a grid pattern.', 'There are different types of products made of metal, such as screens, grills, and tents, on a black background.', 'The document is intended to provide information about the product.']",269,44,0.961270,18.500568,0.711522,0.425434,18.689278,0.717155,0.431925,18.320358,0.715677,0.430263,18.228366,0.698974,0.428504,18.040811,0.695376,0.431804,18.302637,0.711552,0.425821,18.547772,0.713429,0.422532,0.188710,0.005633,0.006491,-0.180210,0.004155,0.004829,-0.272202,-0.012548,0.003071,-0.459757,-0.016146,0.006370,-0.197931,0.000030,0.000388,0.047204,0.001907,-0.002902
panda_0127,"['A white suv driving through a rocky desert area.', 'A picture of a map with the words welcome to mildura.', 'A man is in front of a screen with an apple logo on it.']",168,34,3.756028,9.162700,0.811194,0.275814,9.078271,0.810634,0.272674,9.079729,0.811320,0.268757,9.121544,0.810004,0.276659,9.153396,0.810706,0.274829,9.150600,0.810680,0.276361,9.134259,0.810812,0.278389,-0.084429,-0.000560,-0.003140,-0.082970,0.000126,-0.007057,-0.041156,-0.001190,0.000845,-0.009304,-0.000488,-0.000984,-0.012100,-0.000514,0.000547,-0.028441,-0.000382,0.002575
panda_0128,"['A billboard with a picture of a man with a smile on it.', 'A football player in uniform carries the ball during a game.', 'A group of men throwing footballs through a hole in a mirror.']",188,36,0.391596,13.945685,0.668856,0.358116,14.329073,0.668994,0.351750,15.771458,0.678689,0.312549,13.732446,0.668165,0.362326,12.812412,0.670229,0.368928,14.333288,0.671168,0.332439,13.114717,0.670307,0.362427,0.383389,0.000138,-0.006366,1.825774,0.009833,-0.045567,-0.213239,-0.000692,0.004211,-1.133272,0.001373,0.010813,0.387604,0.002312,-0.025677,-0.830968,0.001451,0.004311
panda_0129,"['A close up view of a door in a kitchen.', 'A close up of a wooden door hinge.', 'A close up of a door with a latch on it.']",125,29,0.306899,23.402907,0.737910,0.348138,23.353978,0.736230,0.350297,23.434052,0.738095,0.348089,23.211297,0.737414,0.350464,23.437355,0.741873,0.346199,23.291878,0.739619,0.348094,23.262761,0.739340,0.346892,-0.048929,-0.001679,0.002159,0.031145,0.000186,-0.000049,-0.191610,-0.000495,0.002326,0.034447,0.003963,-0.001939,-0.111029,0.001709,-0.000044,-0.140146,0.001430,-0.001246
panda_0130,"['A screen shot of a website for sonoma shops.', 'There is an amazon warehouse with a large parking lot in front of it.', 'An amazon fulfillment center with boxes on a conveyor belt.']",184,33,0.571410,37.409619,0.980305,0.021468,37.521281,0.980257,0.021650,37.456656,0.980275,0.021503,37.401786,0.980174,0.021814,37.340508,0.980173,0.021703,37.429649,0.980319,0.021434,37.383771,0.980304,0.021539,0.111662,-0.000048,0.000181,0.047037,-0.000030,0.000035,-0.007834,-0.000131,0.000346,-0.069111,-0.000133,0.000235,0.020030,0.000014,-0.000034,-0.025848,-0.000001,0.000070
panda_0131,"['There is a black background with white text on it.', 'The player is in a futuristic sci-fi environment with neon lights and advanced technology.', 'A video game screen showing a menu.']",187,31,0.087033,19.596819,0.887628,0.068734,19.769612,0.897251,0.067390,19.753911,0.892970,0.067936,19.590345,0.886041,0.069254,19.638064,0.890854,0.068301,19.612278,0.888452,0.068552,19.609230,0.888923,0.068597,0.172793,0.009623,-0.001343,0.157092,0.005342,-0.000798,-0.006474,-0.001587,0.000520,0.041245,0.003226,-0.000433,0.015459,0.000824,-0.000182,0.012411,0.001295,-0.000136
panda_0132,"['It is a black background with white text that reads ""learn photography with anthony morganti"".', 'The user is using lightroom to organize and edit photos of a lion and its cub.', 'A photo of a gorilla eating hay on a computer screen.']",237,42,1.118938,28.912661,0.952982,0.011835,29.218988,0.944876,0.014589,28.991045,0.944656,0.014058,28.608619,0.839253,0.013775,28.791285,0.856421,0.013072,29.042103,0.953375,0.011410,28.906578,0.953087,0.011801,0.306327,-0.008106,0.002754,0.078384,-0.008325,0.002223,-0.304043,-0.113729,0.001940,-0.121377,-0.096561,0.001237,0.129441,0.000393,-0.000425,-0.006083,0.000105,-0.000034
panda_0133,"['There is a black iron fireplace tool set on a white background.', ""A fireplace with the words interior frame that won't rack or twist."", 'A picture of a firewood rack with the words ""removable leather liner"" on it.']",218,38,3.096643,17.866789,0.713653,0.356349,18.807270,0.738658,0.324827,18.701795,0.734391,0.327981,17.952376,0.700653,0.363607,17.928382,0.700597,0.361666,17.485674,0.710734,0.357273,17.972731,0.712716,0.354840,0.940481,0.025004,-0.031523,0.835006,0.020737,-0.028369,0.085587,-0.013000,0.007257,0.061593,-0.013057,0.005317,-0.381115,-0.002919,0.000924,0.105942,-0.000937,-0.001510
panda_0134,"['A man in a suit standing in front of a news station.', 'A tv screen showing a map of a city.', 'Construction workers are building a bridge using blue ash wood.']",163,31,4.406343,26.851495,0.892489,0.036865,26.811006,0.891653,0.037390,26.754735,0.890926,0.037893,26.773314,0.891177,0.037853,26.819957,0.891911,0.037276,26.820720,0.892065,0.037314,26.799376,0.891696,0.037519,-0.040489,-0.000836,0.000526,-0.096760,-0.001563,0.001028,-0.078180,-0.001312,0.000988,-0.031538,-0.000577,0.000411,-0.030775,-0.000424,0.000450,-0.052119,-0.000793,0.000654
panda_0135,"['The word ""making music"" is spelled out with toy instruments on a black background.', 'A hand holding a shower head in a tiled bathroom.', 'A person fixing a brass trumpet on a striped blanket.']",196,34,0.203713,5.096156,0.325305,0.736230,5.148214,0.317664,0.728038,5.205831,0.326706,0.720505,5.193932,0.322400,0.733056,5.120196,0.316699,0.733067,5.099562,0.323662,0.734307,5.203750,0.325388,0.730569,0.052058,-0.007641,-0.008192,0.109675,0.001402,-0.015725,0.097776,-0.002904,-0.003174,0.024039,-0.008605,-0.003163,0.003406,-0.001643,-0.001923,0.107594,0.000083,-0.005661
panda_0136,"['A musician is playing an electric guitar and sitting on a chair in a studio.', 'A person is playing an electric guitar with a yellow body and a neck pickup.', 'The guitarist is playing an epiphone g-310 electric guitar and sitting on a chair in a music studio.']",264,48,0.068921,9.699136,0.586753,0.502189,9.754662,0.594597,0.481101,9.700528,0.590851,0.480692,9.633249,0.574168,0.514491,9.665955,0.576672,0.510903,9.642644,0.574996,0.513198,9.712587,0.593975,0.479739,0.055526,0.007843,-0.021087,0.001392,0.004097,-0.021497,-0.065888,-0.012586,0.012302,-0.033181,-0.010082,0.008715,-0.056492,-0.011757,0.011010,0.013451,0.007222,-0.022450
panda_0137,"['There is a hallway in an old building with a door open, revealing a dark room.', 'A person is walking through an abandoned house at night.', 'A person pointing at something on the floor in a hallway.']",203,37,0.373693,4.031910,0.208622,0.935174,6.955555,0.123223,0.878990,7.064564,0.122049,0.874789,4.077466,0.226201,0.924836,4.134078,0.213995,0.919330,4.007453,0.204476,0.907016,4.051606,0.231623,0.925525,2.923645,-0.085399,-0.056184,3.032654,-0.086573,-0.060384,0.045556,0.017579,-0.010338,0.102169,0.005373,-0.015844,-0.024457,-0.004146,-0.028157,0.019696,0.023001,-0.009648
panda_0138,"['A man is sitting at a desk in an office with multiple computer monitors. he is wearing a suit and glasses, and there is a window behind him.', 'It is a view of a busy city with tall buildings and a highway in the foreground.', 'A man sitting in front of a computer screen with a cityscape in the background.']",311,60,10.668878,25.766083,0.938415,0.028673,25.742345,0.937875,0.028963,25.715524,0.937334,0.029409,25.761858,0.938316,0.028673,25.770775,0.938521,0.028506,25.781869,0.938772,0.028430,25.776936,0.938678,0.028491,-0.023737,-0.000540,0.000290,-0.050558,-0.001080,0.000736,-0.004225,-0.000099,-0.000000,0.004693,0.000106,-0.000167,0.015787,0.000357,-0.000243,0.010853,0.000263,-0.000182
panda_0139,"['The person is rolling out dough on a piece of parchment paper.', 'A young man with antlers on his head is holding a tray of cookies in a kitchen.', 'A man wearing giraffe ears eating a piece of food.']",203,39,1.169483,21.930827,0.764156,0.095808,21.919492,0.763862,0.096032,21.901552,0.763825,0.096362,21.911682,0.763812,0.096173,21.913260,0.763585,0.096079,21.915073,0.763932,0.096085,21.916158,0.763877,0.096014,-0.011335,-0.000295,0.000223,-0.029275,-0.000332,0.000554,-0.019145,-0.000344,0.000365,-0.017567,-0.000572,0.000271,-0.015754,-0.000225,0.000276,-0.014669,-0.000279,0.000206
panda_0140,"['A red and white background with the words the holidays are coming.', 'A red and white background with the words orange scented chai spiced shortbread.', 'A close up of a food processor with a lot of flour in it.']",215,39,0.579700,20.756579,0.667140,0.132643,20.925635,0.673364,0.129470,20.869572,0.670866,0.131006,20.775304,0.667949,0.132334,20.778781,0.667796,0.132436,20.765319,0.667296,0.132757,20.782607,0.667759,0.132480,0.169056,0.006225,-0.003172,0.112992,0.003726,-0.001636,0.018724,0.000809,-0.000309,0.022202,0.000656,-0.000206,0.008740,0.000157,0.000114,0.026028,0.000620,-0.000162
panda_0141,"['A close up of a red cup on a table.', 'An egg is being whisked in a red cup.', 'A red cup sitting on top of a table.']",120,28,0.528717,15.339415,0.801012,0.244562,15.424755,0.801840,0.244658,15.454465,0.802116,0.244626,15.320218,0.800481,0.246088,15.345916,0.801038,0.244940,15.319787,0.800911,0.245631,15.313708,0.800762,0.245956,0.085340,0.000828,0.000096,0.115050,0.001105,0.000065,-0.019197,-0.000531,0.001526,0.006501,0.000026,0.000378,-0.019628,-0.000101,0.001069,-0.025707,-0.000250,0.001395
panda_0142,"['A sign hanging on the side of a building.', 'An old sewing machine is sitting on top of a wooden table next to a chair.', 'There is a cup of coffee on the table with steam coming out of it and a view of the street through the window.']",237,49,0.571616,12.001353,0.672796,0.559614,12.139196,0.671839,0.556041,12.042574,0.673742,0.559392,12.132107,0.674065,0.559213,12.023139,0.670786,0.566424,12.102780,0.677568,0.552180,12.141026,0.676337,0.555665,0.137844,-0.000957,-0.003573,0.041221,0.000946,-0.000222,0.130754,0.001268,-0.000401,0.021786,-0.002010,0.006810,0.101428,0.004772,-0.007433,0.139673,0.003540,-0.003949
panda_0143,"['A young man is standing in front of a green wall, wearing a black tank top and shorts.', 'The person is doing an exercise for the upper and lower abdominals by lying flat on their back and spreading out like a star while bringing their arms and legs together and up, reminding the person of a claw.', 'The video shows a man in a black shirt standing in front of a green wall, talking about fitness and motivation.']",417,78,0.356051,14.617927,0.708947,0.333506,14.298429,0.699173,0.358648,14.017534,0.702318,0.346438,14.622869,0.693744,0.337352,14.645118,0.702726,0.330731,14.628357,0.708617,0.310791,14.699304,0.710473,0.322768,-0.319498,-0.009773,0.025142,-0.600393,-0.006628,0.012932,0.004942,-0.015203,0.003846,0.027190,-0.006220,-0.002775,0.010430,-0.000330,-0.022715,0.081377,0.001526,-0.010738
panda_0144,"['It is a black background with text on it.', 'A bag of candy that is pink and has hearts on it.', 'A close up of a pink plastic bag with a message on it.']",156,34,0.319963,34.291028,0.964951,0.005092,34.286704,0.961860,0.005175,34.273873,0.961257,0.005157,34.117904,0.954981,0.005248,34.221358,0.956646,0.005206,34.379060,0.964902,0.005023,34.331215,0.964873,0.005059,-0.004324,-0.003090,0.000083,-0.017155,-0.003693,0.000065,-0.173124,-0.009969,0.000156,-0.069670,-0.008304,0.000114,0.088032,-0.000048,-0.000069,0.040186,-0.000078,-0.000033
panda_0145,"['There are two men shopping in a toy store.', 'A man in a red shirt and a man in a blue shirt are pushing shopping carts filled with groceries in a parking lot.', 'A group of people pushing carts with bags of groceries in front of a fountain.']",245,48,2.067786,20.423335,0.639062,0.381851,19.666075,0.628827,0.402754,20.182856,0.635061,0.395127,20.247706,0.628706,0.383868,20.397312,0.633057,0.384080,20.472294,0.639475,0.382646,20.404666,0.639320,0.382433,-0.757260,-0.010236,0.020903,-0.240480,-0.004001,0.013276,-0.175630,-0.010356,0.002017,-0.026023,-0.006005,0.002229,0.048959,0.000413,0.000795,-0.018669,0.000258,0.000582
panda_0146,"['A man in a brown suit holding a metal tool.', 'A man is holding a pair of pliers in his hand.', 'A brown horse standing in a field with trees.']",146,30,0.118007,10.892764,0.403438,0.525670,11.370804,0.375625,0.480773,11.348420,0.379180,0.483187,10.809368,0.394691,0.524407,10.880225,0.396291,0.526602,10.827302,0.401894,0.524526,10.821269,0.404411,0.524212,0.478039,-0.027813,-0.044897,0.455656,-0.024258,-0.042484,-0.083396,-0.008747,-0.001263,-0.012540,-0.007147,0.000932,-0.065462,-0.001544,-0.001144,-0.071496,0.000973,-0.001458
panda_0147,"['A set of copper plumbing fittings on a wooden surface.', 'There is a roll of duct tape on a wooden surface.', 'A pair of yellow and black gloves on a wooden surface.']",169,32,0.381098,17.290308,0.816713,0.290373,17.340663,0.814138,0.308705,17.254363,0.813670,0.296659,17.253831,0.816948,0.293064,17.099878,0.814021,0.296325,17.330479,0.817095,0.292835,17.115708,0.813393,0.292346,0.050356,-0.002575,0.018332,-0.035944,-0.003043,0.006286,-0.036477,0.000236,0.002690,-0.190429,-0.002692,0.005952,0.040171,0.000382,0.002462,-0.174599,-0.003320,0.001973
panda_0148,"['A person is washing dishes with a dish washing liquid.', 'A person washing something in a kitchen sink.', 'A close up of a stainless steel stove top.']",153,27,0.177022,11.549579,0.776968,0.293468,11.233482,0.776695,0.297159,11.336022,0.777477,0.284650,11.610167,0.781038,0.293158,11.525222,0.775185,0.294799,11.680446,0.783986,0.290200,11.641577,0.783736,0.288410,-0.316097,-0.000273,0.003691,-0.213557,0.000509,-0.008818,0.060588,0.004070,-0.000310,-0.024357,-0.001783,0.001331,0.130867,0.007018,-0.003267,0.091998,0.006768,-0.005058
panda_0149,"['A close up of a white flower with the words ""clematis x carminii sweet heart"".', 'A close up of a white flower on a green plant.', 'Close ups of white flowers on a plant.']",174,34,0.083851,29.084661,0.875531,0.028410,29.332340,0.880757,0.027480,29.143655,0.876911,0.028215,29.104861,0.875595,0.028500,29.068246,0.875150,0.028550,29.102236,0.876129,0.028314,29.094576,0.875922,0.028340,0.247678,0.005226,-0.000930,0.058993,0.001381,-0.000195,0.020199,0.000064,0.000091,-0.016415,-0.000380,0.000140,0.017575,0.000598,-0.000096,0.009914,0.000391,-0.000070
panda_0150,"['A bald man wearing a black shirt with the words ""2013"" on it.', 'A bald man standing in front of a wall of logos.', 'A group of soccer players are practicing on the field.']",175,34,0.135802,6.421370,0.205298,0.791497,6.415973,0.207087,0.755787,6.628852,0.193602,0.800830,6.087165,0.220104,0.796375,6.041944,0.231760,0.770645,6.100588,0.220241,0.808892,6.097335,0.224503,0.778461,-0.005397,0.001788,-0.035710,0.207482,-0.011696,0.009333,-0.334204,0.014805,0.004878,-0.379426,0.026462,-0.020852,-0.320782,0.014942,0.017395,-0.324035,0.019205,-0.013037
panda_0151,"['A woman pouring liquid into a pot on a stove.', 'A woman in a kitchen holding a food item.', 'A woman is holding a plate of cookies and smiling at the camera.']",162,32,2.608279,21.422105,0.752169,0.153175,21.017331,0.734159,0.173539,18.431060,0.721245,0.187164,17.228423,0.691445,0.232412,17.288835,0.695352,0.230304,21.278258,0.750046,0.156920,17.326278,0.696914,0.229021,-0.404774,-0.018010,0.020364,-2.991045,-0.030924,0.033989,-4.193681,-0.060724,0.079237,-4.133270,-0.056817,0.077129,-0.143847,-0.002123,0.003745,-4.095827,-0.055255,0.075845
panda_0152,"['A bunch of toy horses and a purple horse house.', 'There are several toy ponies in a pink room, and the person is showing them off.', 'A person holding a toy horse in a plastic bag.']",185,36,0.103044,8.537421,0.503940,0.734766,8.286122,0.513908,0.741653,8.837520,0.501396,0.712556,8.813711,0.512053,0.712854,8.864421,0.510481,0.711857,8.570956,0.506365,0.723902,8.464297,0.504483,0.735900,-0.251299,0.009968,0.006887,0.300099,-0.002543,-0.022210,0.276290,0.008113,-0.021911,0.327000,0.006541,-0.022909,0.033535,0.002425,-0.010863,-0.073124,0.000543,0.001135
panda_0153,"['A person holding an iphone in their hand.', 'There is heavy traffic on a highway with cars moving slowly in the evening.', 'A red tesla model s is driving on a winding road in the mountains.']",194,36,1.393263,30.397876,0.875292,0.252024,30.348097,0.874491,0.253415,30.192355,0.873829,0.255072,28.993983,0.872378,0.261022,29.028572,0.872889,0.258205,30.197191,0.874684,0.253193,28.971469,0.873160,0.258418,-0.049780,-0.000801,0.001391,-0.205521,-0.001463,0.003048,-1.403893,-0.002914,0.008998,-1.369305,-0.002403,0.006181,-0.200685,-0.000608,0.001169,-1.426407,-0.002132,0.006394
panda_0154,"[""A man sitting in the driver's seat of a suv."", 'The interior of a car with the door open.', 'A close up of the inside of a car.']",131,28,0.764883,14.993535,0.360641,0.374675,17.414077,0.432030,0.282439,16.430143,0.396992,0.310376,14.986802,0.361841,0.378845,14.968508,0.362477,0.378790,15.032032,0.360236,0.373278,14.972881,0.362648,0.381064,2.420542,0.071390,-0.092236,1.436609,0.036351,-0.064300,-0.006733,0.001201,0.004170,-0.025027,0.001836,0.004115,0.038497,-0.000404,-0.001397,-0.020654,0.002007,0.006389
panda_0155,"['A man giving a speech on a stage with mountains in the background.', 'A man is standing on a stage in front of a mountain with text on the screen.', 'A sky with clouds and the text.']",185,37,2.033071,26.969112,0.906206,0.061637,26.887078,0.905919,0.062385,26.873525,0.905834,0.062186,26.947667,0.905660,0.062321,26.941018,0.905703,0.062259,26.977491,0.906374,0.061550,26.976671,0.906242,0.061643,-0.082034,-0.000287,0.000748,-0.095587,-0.000372,0.000549,-0.021445,-0.000546,0.000684,-0.028094,-0.000503,0.000622,0.008379,0.000168,-0.000087,0.007560,0.000036,0.000006
panda_0156,"['A piece of meat on a white plate next to a red spatula.', 'A white plate topped with meat, mashed potatoes and green beans.', 'A person is cooking food in a pot on a gas stove.']",180,36,1.023630,27.725463,0.857719,0.059057,27.482214,0.850273,0.059969,27.497514,0.851102,0.059865,27.738652,0.857945,0.059220,27.780709,0.859476,0.058798,27.778099,0.859595,0.058868,27.780705,0.860178,0.058777,-0.243249,-0.007446,0.000911,-0.227949,-0.006616,0.000808,0.013189,0.000227,0.000163,0.055247,0.001758,-0.000260,0.052636,0.001876,-0.000190,0.055242,0.002460,-0.000281
panda_0157,"['A colorful group of bacteria and viruses on a black background.', 'A red and white ambulance driving down a city street.', 'A green bottle of coconut water in a shopping cart.']",179,31,3.806761,6.182054,0.355294,0.757139,5.030033,0.323654,0.769325,5.929071,0.310833,0.732469,6.408925,0.349479,0.749363,6.261882,0.352057,0.756332,6.292579,0.349448,0.750548,6.510928,0.358358,0.747007,-1.152021,-0.031640,0.012186,-0.252983,-0.044461,-0.024670,0.226871,-0.005815,-0.007776,0.079828,-0.003237,-0.000807,0.110525,-0.005846,-0.006591,0.328874,0.003064,-0.010132
panda_0158,"['A computer screen displaying a website.', 'A computer screen showing a soccer game.', 'A picture of a fire with text on it.']",127,22,0.048837,23.256277,0.837963,0.102882,23.816719,0.841585,0.095539,24.014039,0.852238,0.084652,23.166256,0.831052,0.104735,23.258694,0.833960,0.106704,23.377329,0.839354,0.100381,23.148301,0.834003,0.102101,0.560441,0.003622,-0.007343,0.757762,0.014275,-0.018230,-0.090021,-0.006911,0.001852,0.002417,-0.004003,0.003821,0.121052,0.001391,-0.002502,-0.107976,-0.003960,-0.000782
panda_0159,"['An advertisement for the nexus 5x.', 'An advertisement for the google nexus 6p.', 'It is a black background with text and images.']",133,22,1.881160,19.443725,0.912782,0.208985,19.287116,0.909329,0.215675,19.328184,0.909732,0.214750,19.428640,0.911245,0.217776,19.394227,0.911071,0.216185,19.437202,0.912910,0.209021,19.423970,0.913235,0.206734,-0.156610,-0.003453,0.006690,-0.115541,-0.003050,0.005765,-0.015085,-0.001537,0.008791,-0.049498,-0.001711,0.007200,-0.006523,0.000128,0.000036,-0.019755,0.000452,-0.002251
panda_0160,"['A pixelated image of a bridge in a video game.', 'There is a red bridge in the game, and there are red stars on the bridge.', 'It is a 3d computer-generated animation of a city skyline with a bridge in the foreground.']",221,42,0.063762,10.392680,0.568939,0.556644,9.989729,0.551250,0.578189,9.887664,0.542336,0.581816,10.663509,0.574630,0.544044,10.585232,0.571846,0.547972,10.287074,0.567679,0.558559,10.408167,0.571844,0.559928,-0.402952,-0.017689,0.021545,-0.505016,-0.026602,0.025172,0.270829,0.005691,-0.012600,0.192552,0.002907,-0.008671,-0.105607,-0.001260,0.001915,0.015487,0.002905,0.003284
panda_0161,"['A close up of a computer screen with a lot of information on it.', 'A tv screen showing a list of programs.', 'A computer monitor with a seattle skyline on it.']",163,31,0.190841,31.424607,0.946743,0.021187,31.632145,0.947583,0.020431,31.639866,0.947567,0.020463,31.536666,0.946870,0.021481,31.543172,0.946934,0.021318,31.446687,0.946762,0.021164,31.423606,0.946644,0.021188,0.207538,0.000839,-0.000756,0.215260,0.000823,-0.000724,0.112059,0.000126,0.000294,0.118565,0.000190,0.000131,0.022080,0.000018,-0.000023,-0.001001,-0.000099,0.000001
panda_0162,"['A man wearing a purple cap stands in a living room while looking at the camera.', 'A woman is sitting on a bed and talking to the camera with a serious expression.', 'A young man with glasses and a yellow shirt stands in the middle of a street with a crowd of people.']",271,53,1.433098,20.165428,0.742256,0.180443,19.825858,0.733706,0.186947,19.849553,0.734757,0.186852,20.167063,0.742776,0.180399,20.154017,0.741521,0.180667,20.165286,0.742738,0.180348,19.868450,0.735940,0.186724,-0.339570,-0.008549,0.006504,-0.315875,-0.007498,0.006409,0.001635,0.000521,-0.000043,-0.011410,-0.000735,0.000224,-0.000142,0.000483,-0.000095,-0.296977,-0.006316,0.006281
panda_0163,"['A spoon is drizzling a sauce over a plate of food.', 'A man in an apron standing in front of a building.', 'A person is preparing a healthy salad in a restaurant kitchen.']",174,33,1.910768,18.738356,0.820834,0.226153,18.155288,0.811551,0.241422,18.138888,0.810705,0.242865,18.689595,0.819955,0.225957,18.806100,0.822784,0.223422,18.643710,0.819956,0.227650,18.383248,0.818932,0.229124,-0.583068,-0.009283,0.015269,-0.599468,-0.010129,0.016712,-0.048761,-0.000879,-0.000196,0.067744,0.001950,-0.002731,-0.094646,-0.000877,0.001497,-0.355108,-0.001902,0.002972
panda_0164,"['There is a man sitting at a table with a can of sour patch kids cereal in front of him.', 'A man sitting at a table next to a box of sour patch cereal.', 'A bowl filled with colorful cereal and a spoon.']",206,43,13.738741,12.025218,0.642347,0.645895,12.024951,0.655019,0.600568,12.049965,0.657335,0.605444,12.107094,0.651488,0.634630,12.119000,0.647840,0.640552,12.043962,0.644323,0.640892,12.170520,0.663161,0.608264,-0.000268,0.012672,-0.045327,0.024747,0.014988,-0.040450,0.081876,0.009141,-0.011265,0.093782,0.005493,-0.005342,0.018744,0.001976,-0.005003,0.145302,0.020814,-0.037631
panda_0165,"['Two men standing next to each other in a stadium.', 'A man is talking to another man in a futuristic setting with holographic displays.', 'Two men sitting next to each other on a soccer field.']",196,35,0.253521,20.171744,0.587196,0.243491,17.254848,0.523685,0.398590,18.608522,0.534294,0.376273,20.092288,0.561728,0.283964,17.668255,0.523468,0.404437,20.224738,0.582787,0.246106,20.176384,0.583189,0.248322,-2.916896,-0.063512,0.155100,-1.563223,-0.052902,0.132783,-0.079457,-0.025469,0.040473,-2.503489,-0.063728,0.160946,0.052994,-0.004409,0.002615,0.004639,-0.004007,0.004831
panda_0166,"['A dark scene with lanterns and trees in the background.', 'The logo for mortal kombat x on a black background.', 'A video game with a tower in the background.']",162,29,6.884397,17.134935,0.526887,0.196320,14.538652,0.405445,0.223816,15.988986,0.476944,0.198570,16.830306,0.505593,0.226276,16.879851,0.509288,0.209514,17.003159,0.517420,0.208995,16.716985,0.507631,0.231978,-2.596283,-0.121441,0.027496,-1.145949,-0.049943,0.002249,-0.304629,-0.021293,0.029956,-0.255084,-0.017598,0.013194,-0.131776,-0.009467,0.012675,-0.417950,-0.019256,0.035657
panda_0167,"['A man standing in front of a building in a minecraft game.', 'A minecraft game with a green grass field.', 'A computer screen showing a list of items in a minecraft game.']",174,32,21.217287,9.090789,0.431685,0.651497,9.308437,0.436319,0.647520,9.183744,0.430325,0.646090,9.058333,0.422801,0.655047,9.084992,0.430132,0.651932,9.038390,0.431216,0.651033,9.070600,0.432590,0.652136,0.217648,0.004634,-0.003977,0.092956,-0.001360,-0.005406,-0.032455,-0.008884,0.003551,-0.005796,-0.001553,0.000436,-0.052398,-0.000469,-0.000464,-0.020188,0.000905,0.000639
panda_0168,"['Two men playing a video game with a hot air balloon in the background.', 'Two men are playing a video game on a computer screen.', 'A group of people playing a video game.']",175,33,0.081639,13.887740,0.563444,0.482134,13.887037,0.561735,0.479655,15.448193,0.583557,0.459464,13.922537,0.562730,0.482964,13.728086,0.558269,0.484107,14.314636,0.564656,0.477995,13.757248,0.563223,0.487491,-0.000703,-0.001709,-0.002479,1.560453,0.020113,-0.022670,0.034798,-0.000714,0.000830,-0.159654,-0.005175,0.001973,0.426896,0.001212,-0.004139,-0.130492,-0.000221,0.005357
panda_0169,"['The user is logged into the wordpress administration area and is on the plugins page.', 'A screen shot of a website with a white background.', 'The website for web therapy has a home page with links to various topics.']",221,39,0.109274,21.876953,0.783374,0.216296,21.902923,0.785715,0.219456,21.914191,0.784742,0.218587,21.979464,0.783754,0.212035,21.923588,0.783654,0.212442,21.965952,0.784638,0.211780,21.907217,0.782041,0.216444,0.025970,0.002342,0.003160,0.037238,0.001369,0.002291,0.102511,0.000380,-0.004261,0.046635,0.000280,-0.003854,0.088999,0.001264,-0.004516,0.030264,-0.001333,0.000148
panda_0170,"['A blue background with the words 5 things to never say at the dive site.', ""A sign that says right guys i see you in an hour i'm diving alone."", 'A bunch of fish swimming around on the bottom of the ocean.']",209,42,1.833566,21.265374,0.625547,0.223779,21.184906,0.624732,0.229874,21.271518,0.625434,0.225337,21.180002,0.624212,0.230506,21.164431,0.623945,0.230732,21.158756,0.624577,0.227556,21.285663,0.625400,0.224067,-0.080467,-0.000815,0.006095,0.006144,-0.000113,0.001558,-0.085371,-0.001335,0.006727,-0.100943,-0.001601,0.006953,-0.106617,-0.000970,0.003777,0.020289,-0.000147,0.000288
panda_0171,"['A close up of a door with the words ""rigid overhead door"" on it.', 'There is a bicycle hanging from the ceiling of a room with a window in the background.', 'A metal rod attached to the side of a garage door.']",212,42,1.553516,13.844350,0.640495,0.451916,13.881870,0.641051,0.450775,13.820437,0.640152,0.452744,13.875117,0.641132,0.451147,13.820627,0.639500,0.452355,13.805098,0.638983,0.452620,13.870472,0.640594,0.451920,0.037520,0.000555,-0.001140,-0.023913,-0.000343,0.000828,0.030767,0.000637,-0.000768,-0.023723,-0.000995,0.000439,-0.039252,-0.001512,0.000704,0.026122,0.000098,0.000004
panda_0172,"['A man is standing in front of a white wall and holding a metal rod.', 'A room with white cabinets and cupboards and a bike on the wall.', 'A person is using an electric drill to drill a hole in the wall.']",207,42,0.164379,7.679093,0.276604,0.798850,7.744299,0.272011,0.795736,7.789228,0.274978,0.801478,7.622897,0.275696,0.799545,7.667389,0.277371,0.798985,7.658428,0.276950,0.799983,7.670071,0.276241,0.799078,0.065206,-0.004593,-0.003115,0.110134,-0.001626,0.002627,-0.056197,-0.000908,0.000695,-0.011705,0.000767,0.000134,-0.020666,0.000346,0.001132,-0.009022,-0.000363,0.000228
panda_0173,"['A television with a colorful, flickering screen is on.', 'A picture of a video game on a tv screen.', 'A picture of a video game on a tv screen.']",148,29,0.164071,17.288055,0.766259,0.175549,17.272302,0.764219,0.175492,17.312204,0.765469,0.175527,17.243964,0.760060,0.178844,17.259272,0.760587,0.178247,17.267269,0.766005,0.175660,17.289039,0.765958,0.175337,-0.015753,-0.002040,-0.000058,0.024149,-0.000790,-0.000022,-0.044091,-0.006199,0.003294,-0.028783,-0.005672,0.002698,-0.020786,-0.000254,0.000110,0.000984,-0.000301,-0.000212
panda_0174,"['A living room with couch, chair, table, lamp and vase in front of a window.', 'It is a drawing of a living room with various objects such as furniture, appliances, and decorations.', 'A living room filled with furniture and windows.']",236,40,0.455103,29.142067,0.868131,0.036285,29.105258,0.866821,0.036483,29.154031,0.868233,0.036189,29.173973,0.868575,0.036328,29.187231,0.868857,0.036308,29.178400,0.868728,0.036185,29.167827,0.868651,0.036269,-0.036808,-0.001311,0.000198,0.011965,0.000101,-0.000095,0.031906,0.000444,0.000043,0.045165,0.000725,0.000024,0.036333,0.000597,-0.000100,0.025761,0.000519,-0.000016
panda_0175,"['A view from the front of a boat on a large body of water.', 'A view of a boat in a calm body of water.', 'A castle on an island in the middle of a body of water.']",165,38,0.318742,5.676094,0.108311,0.867819,5.948026,0.108090,0.860173,5.846789,0.110053,0.865944,5.646204,0.107042,0.866683,5.679791,0.108122,0.869429,5.665185,0.107193,0.868243,5.683034,0.107284,0.868029,0.271932,-0.000221,-0.007646,0.170695,0.001741,-0.001875,-0.029890,-0.001269,-0.001135,0.003697,-0.000190,0.001611,-0.010909,-0.001118,0.000424,0.006939,-0.001027,0.000210
panda_0176,"['A man standing next to a black chevy truck.', 'A middle-aged man is standing next to a car and giving a thumbs up sign.', 'A man standing next to a black truck with a chevrolet logo on it.']",192,38,4.409920,11.354084,0.351201,0.591926,11.339688,0.350397,0.592067,11.336461,0.350175,0.592127,11.341279,0.350354,0.592035,11.342271,0.350405,0.592029,11.347362,0.350774,0.591999,11.352649,0.351012,0.591904,-0.014396,-0.000805,0.000141,-0.017623,-0.001027,0.000201,-0.012805,-0.000848,0.000110,-0.011813,-0.000796,0.000104,-0.006721,-0.000427,0.000073,-0.001435,-0.000189,-0.000022
panda_0177,"['A person holding a piece of paper over a piece of food.', 'Person is frying banana spring rolls in a pan on medium heat for 2 minutes and then turning them over to cook the other side for a few more minutes.', ""A plate of banana pancakes with the words 'hungry for gandies'.""]",278,53,0.301270,12.841032,0.425577,0.697943,12.780729,0.438756,0.697385,12.822507,0.439231,0.696950,12.728348,0.429243,0.694563,12.660137,0.425690,0.697488,12.924074,0.426407,0.694201,12.981839,0.424150,0.696496,-0.060303,0.013178,-0.000558,-0.018525,0.013654,-0.000992,-0.112684,0.003665,-0.003379,-0.180895,0.000112,-0.000455,0.083042,0.000829,-0.003742,0.140806,-0.001428,-0.001447
panda_0178,"['A man in a suit standing next to a car in a showroom.', 'A young man in a suit and tie is standing next to a car in a showroom.', ""A man in a suit sitting in the driver's seat of a car.""]",189,43,0.214258,11.505295,0.453691,0.626151,12.100232,0.438328,0.616088,11.940194,0.430485,0.605790,12.042375,0.430393,0.615560,11.801447,0.447603,0.622980,12.114552,0.440874,0.615808,12.105543,0.441515,0.615751,0.594936,-0.015363,-0.010063,0.434899,-0.023207,-0.020361,0.537080,-0.023299,-0.010592,0.296152,-0.006088,-0.003172,0.609257,-0.012817,-0.010343,0.600248,-0.012177,-0.010400
panda_0179,"['The user provides a black background with white text on it.', 'A black background with a quote that says you can smooth your work with a damp paint.', 'It is a black background with white text that says ""here are some of my thoughts"" in the middle.']",252,47,0.309090,36.135562,0.953816,0.003605,36.119045,0.948531,0.003676,36.219928,0.947523,0.003610,36.012624,0.885071,0.004936,36.063900,0.904295,0.004310,36.131265,0.954037,0.003624,36.163436,0.954391,0.003632,-0.016517,-0.005285,0.000071,0.084366,-0.006293,0.000005,-0.122938,-0.068745,0.001331,-0.071662,-0.049521,0.000706,-0.004297,0.000221,0.000020,0.027873,0.000575,0.000027
panda_0180,"['A picture of a man with a beard on a tv screen.', 'A tv screen with a message in spanish.', 'A picture of a soccer game on a television screen.']",147,30,0.122250,22.215368,0.844964,0.107835,22.605447,0.846702,0.105113,22.250079,0.845764,0.107673,22.275142,0.839319,0.109692,22.175635,0.843134,0.109675,22.192999,0.844857,0.108323,22.171467,0.844823,0.108128,0.390079,0.001738,-0.002722,0.034711,0.000801,-0.000162,0.059774,-0.005645,0.001856,-0.039733,-0.001830,0.001839,-0.022369,-0.000107,0.000487,-0.043901,-0.000141,0.000292
panda_0181,"[""The car's engine and other mechanical components are visible underneath the hood."", 'The interior of a sports car with a steering wheel.', 'A person is driving on a highway and the camera is mounted on the dashboard of the car.']",231,40,1.565432,9.579795,0.313012,0.651827,10.130879,0.275831,0.658350,9.871187,0.284726,0.655648,9.610300,0.313049,0.651093,9.485956,0.299250,0.658831,9.700016,0.316839,0.650865,9.664786,0.317206,0.653881,0.551083,-0.037181,0.006523,0.291392,-0.028286,0.003821,0.030505,0.000037,-0.000734,-0.093840,-0.013762,0.007004,0.120220,0.003827,-0.000962,0.084991,0.004194,0.002054
panda_0182,"['A soccer game is being played in a stadium with a large crowd of people watching.', 'There is a soccer game happening in a stadium, and the players are wearing black and yellow jerseys.', 'A soccer game is being played on the field, and the players are wearing green jerseys.']",279,50,1.638764,19.162015,0.445977,0.227933,18.764037,0.428893,0.244865,18.727603,0.426384,0.245594,19.185044,0.446491,0.226802,18.818266,0.430438,0.243621,19.159521,0.445328,0.227019,19.242908,0.447198,0.227834,-0.397977,-0.017084,0.016932,-0.434412,-0.019593,0.017661,0.023029,0.000514,-0.001130,-0.343749,-0.015539,0.015688,-0.002493,-0.000649,-0.000914,0.080893,0.001222,-0.000099
panda_0183,"['A cave with text that reads rukuriri cave tour.', 'Two tubs filled with water next to each other.', 'There are two women standing on a bridge overlooking a river with a waterfall.']",183,32,2.552420,12.747490,0.407416,0.527519,12.873805,0.411758,0.523637,12.794794,0.409273,0.523014,12.914573,0.412383,0.525080,12.733685,0.411629,0.530326,12.853461,0.409809,0.524644,12.752201,0.406919,0.526392,0.126315,0.004342,-0.003882,0.047304,0.001857,-0.004505,0.167083,0.004966,-0.002439,-0.013806,0.004213,0.002807,0.105970,0.002393,-0.002875,0.004710,-0.000497,-0.001128
panda_0184,"['A picture of a jar of liquid with the words ""do it yourself lactobacillus serum"" on it.', 'There are two jars, one with a white liquid and the other with a brown liquid, and they are both labeled ""starting to separate."".', 'A picture of a liquid that smells like mac and cheese.']",282,52,0.166002,38.166661,0.979504,0.005791,37.939864,0.977237,0.007021,37.867309,0.976875,0.007245,37.994864,0.977669,0.007128,37.920063,0.978165,0.007068,38.103761,0.979426,0.005966,38.183975,0.979726,0.005816,-0.226797,-0.002267,0.001230,-0.299352,-0.002629,0.001454,-0.171797,-0.001835,0.001337,-0.246598,-0.001339,0.001277,-0.062900,-0.000077,0.000175,0.017314,0.000223,0.000025
panda_0185,"['A person holding a piece of cloth in their hand.', 'A cell phone with a list of appointments on it.', 'A girl holding a green book in her hands.']",148,29,0.510861,16.931076,0.768458,0.208116,17.072452,0.777528,0.191681,17.000961,0.765204,0.209729,16.962001,0.767290,0.209877,16.944017,0.767660,0.207933,16.894226,0.765025,0.213199,16.944163,0.768543,0.207816,0.141376,0.009069,-0.016436,0.069885,-0.003254,0.001612,0.030925,-0.001169,0.001761,0.012941,-0.000799,-0.000183,-0.036850,-0.003433,0.005083,0.013087,0.000085,-0.000301
panda_0186,"['A wooden deck with potted plants on it.', 'A bunch of potted plants on a wooden deck.', 'A picture of a garden with the words ""rainbow gardens"" on it.']",154,29,0.267657,17.687168,0.533087,0.658763,17.315632,0.524644,0.674619,17.185900,0.526687,0.675202,17.686220,0.530089,0.660471,17.701801,0.529404,0.658846,17.687320,0.527992,0.657263,17.700226,0.528963,0.657006,-0.371536,-0.008443,0.015856,-0.501268,-0.006400,0.016439,-0.000948,-0.002998,0.001707,0.014633,-0.003683,0.000082,0.000152,-0.005095,-0.001500,0.013058,-0.004124,-0.001757
panda_0187,"['A stack of saltfish fritters on a white plate.', 'A person is mixing ingredients in a bowl with a spoon.', 'A person is cooking food in a frying pan on a stove.']",164,32,1.239335,17.601999,0.701004,0.214287,17.647424,0.703269,0.212953,17.650187,0.703585,0.213015,17.618056,0.701949,0.214081,17.610937,0.701757,0.214300,17.611666,0.701478,0.213983,17.602110,0.700764,0.214558,0.045424,0.002264,-0.001334,0.048187,0.002580,-0.001272,0.016057,0.000944,-0.000206,0.008938,0.000753,0.000013,0.009666,0.000474,-0.000304,0.000111,-0.000241,0.000271
panda_0188,"['A person washing a chicken in a kitchen sink.', 'A person is washing a dog in a kitchen sink with a towel.', 'A person is holding a chicken in their hands, and the chicken is looking at the camera.']",201,39,0.137236,11.343338,0.258120,0.710085,11.549173,0.239508,0.701626,11.302621,0.237396,0.708704,11.442458,0.246441,0.702453,11.490853,0.247050,0.696907,11.322456,0.255555,0.705599,11.336923,0.256724,0.706447,0.205835,-0.018611,-0.008458,-0.040718,-0.020724,-0.001380,0.099120,-0.011678,-0.007632,0.147515,-0.011070,-0.013178,-0.020882,-0.002565,-0.004486,-0.006415,-0.001396,-0.003638
panda_0189,"['There is a black and white logo of a fork and knife on a black background.', 'There are two small pies sitting on a table in front of a white box.', 'A woman wearing glasses and a blue shirt in a kitchen.']",208,42,0.176246,42.808464,0.972008,0.001158,42.748363,0.965931,0.001175,42.700102,0.966984,0.001163,42.569123,0.960281,0.001204,42.588982,0.962056,0.001187,42.798261,0.971991,0.001136,42.779625,0.971982,0.001176,-0.060101,-0.006077,0.000018,-0.108362,-0.005025,0.000005,-0.239340,-0.011727,0.000046,-0.219481,-0.009952,0.000030,-0.010202,-0.000017,-0.000022,-0.028839,-0.000026,0.000018
panda_0190,"['There is a protest in the city and police officers are trying to control the crowd.', 'There is a protest in the city and police are trying to control the crowd.', 'There is a group of people standing on the street, some of them are holding signs and banners, while others are talking to each other.']",303,56,1.078037,15.136115,0.595409,0.266857,15.124468,0.594591,0.266479,15.106885,0.594495,0.266886,15.136916,0.595504,0.266867,15.146989,0.595367,0.266641,15.123487,0.595436,0.266997,15.119006,0.595315,0.267220,-0.011647,-0.000818,-0.000378,-0.029230,-0.000914,0.000028,0.000802,0.000095,0.000010,0.010874,-0.000042,-0.000216,-0.012628,0.000027,0.000140,-0.017109,-0.000094,0.000363
panda_0191,"['A news anchor with a fire in the background.', 'The reporter is reporting live from a donation center.', 'A fire on the side of a mountain with trees in the background.']",172,31,0.181939,16.780507,0.661049,0.282735,17.109963,0.650305,0.289297,17.075136,0.661304,0.278011,16.787825,0.657053,0.284659,16.755928,0.659071,0.282407,17.155346,0.651942,0.285730,16.940627,0.658922,0.280633,0.329456,-0.010743,0.006562,0.294629,0.000255,-0.004725,0.007318,-0.003996,0.001923,-0.024580,-0.001978,-0.000328,0.374838,-0.009107,0.002995,0.160120,-0.002127,-0.002103
panda_0192,"['A blue bowl of food with pasta, tomatoes, and other vegetables on a table.', 'A man and a woman are preparing food together in a kitchen.', 'A man and a woman eating food in a kitchen.']",188,36,1.387625,28.340234,0.910949,0.061885,28.298322,0.910381,0.061962,19.232517,0.758761,0.295436,28.301166,0.908991,0.065392,28.346357,0.909473,0.066403,28.300794,0.911046,0.061558,28.358594,0.911100,0.062114,-0.041912,-0.000569,0.000077,-9.107717,-0.152189,0.233551,-0.039069,-0.001958,0.003507,0.006123,-0.001476,0.004518,-0.039440,0.000097,-0.000327,0.018359,0.000151,0.000229
panda_0193,"['Two women standing next to each other in front of a blue background.', 'Two women standing next to each other in front of a blue background.', 'It is a colorful illustration of clothing and accessories.']",206,35,0.347173,20.164488,0.839318,0.162246,20.218086,0.840586,0.160539,20.149915,0.839514,0.162111,20.151270,0.839022,0.162664,20.141186,0.838856,0.162635,20.154629,0.839282,0.162382,20.162341,0.839311,0.162163,0.053598,0.001268,-0.001707,-0.014573,0.000196,-0.000135,-0.013218,-0.000296,0.000418,-0.023302,-0.000462,0.000390,-0.009858,-0.000036,0.000136,-0.002147,-0.000007,-0.000083
panda_0194,"['An empty street with buildings on both sides.', 'A scenic view of a road with trees on both sides.', 'There is a town with houses and buildings on a hillside overlooking the ocean at dusk.']",192,35,0.221268,21.032914,0.710237,0.043998,21.077678,0.712756,0.044011,21.081231,0.712757,0.043924,21.039388,0.710112,0.044103,21.055218,0.711059,0.043826,21.025436,0.709718,0.043984,21.027419,0.709533,0.044034,0.044764,0.002519,0.000013,0.048317,0.002521,-0.000073,0.006474,-0.000125,0.000106,0.022304,0.000822,-0.000171,-0.007478,-0.000519,-0.000013,-0.005495,-0.000704,0.000037
panda_0195,"['A black and white dog running through a warehouse.', 'A firefighter is walking with a dog in an industrial building.', 'A dinosaur skeleton with the words respiratory system.']",178,28,3.667851,21.526542,0.736562,0.228018,20.657726,0.690101,0.279776,20.725019,0.693091,0.283292,21.145980,0.702746,0.261358,21.319879,0.724797,0.246993,21.601656,0.735597,0.229071,21.538398,0.737742,0.229286,-0.868816,-0.046461,0.051759,-0.801524,-0.043471,0.055274,-0.380563,-0.033816,0.033340,-0.206664,-0.011765,0.018975,0.075114,-0.000965,0.001053,0.011856,0.001180,0.001268
panda_0196,"['The person is holding a steelbook edition of batman arkham city and they are unboxing it.', 'A person is holding an unboxed steelbook edition of the video game batman arkham city.', 'Person is unboxing a steelbook edition of the video game batman arkham city.']",263,44,0.053383,15.059761,0.748472,0.303166,15.324372,0.743722,0.303313,15.475992,0.742414,0.301299,15.048815,0.745290,0.304534,15.079361,0.744812,0.304007,15.076563,0.753429,0.300605,14.936429,0.743323,0.306120,0.264611,-0.004750,0.000147,0.416231,-0.006057,-0.001867,-0.010946,-0.003182,0.001367,0.019600,-0.003659,0.000841,0.016803,0.004957,-0.002562,-0.123332,-0.005149,0.002954
panda_0197,"['A man is sitting at a table with a fish tank in front of him, and he is looking at the camera.', 'A close up of a fish tank with bubbles in it.', 'A man sitting at a table in front of a bunch of products.']",208,46,2.646445,7.097930,0.391240,0.597040,7.123860,0.388625,0.592229,7.336247,0.404880,0.587741,7.105232,0.380896,0.596640,7.101410,0.384751,0.598296,7.085372,0.393917,0.595247,7.136949,0.393672,0.592670,0.025930,-0.002615,-0.004812,0.238317,0.013640,-0.009299,0.007303,-0.010344,-0.000401,0.003480,-0.006489,0.001256,-0.012558,0.002678,-0.001794,0.039019,0.002433,-0.004370
panda_0198,"['There is a computer with a blue screen displaying various windows and icons.', 'A computer screen with various icons on it.', 'A computer screen with a lot of icons on it.']",175,31,0.081573,17.726983,0.682976,0.290896,18.194148,0.689896,0.274762,18.097434,0.691646,0.272601,17.703401,0.682678,0.285535,17.775123,0.685101,0.286675,17.239240,0.684594,0.289489,17.554571,0.681278,0.288555,0.467164,0.006920,-0.016135,0.370450,0.008670,-0.018295,-0.023582,-0.000298,-0.005361,0.048140,0.002125,-0.004221,-0.487744,0.001618,-0.001407,-0.172412,-0.001698,-0.002341
panda_0199,"['A close up of a plastic model of some sort.', 'A close up of a metal plate with a bunch of figures on it.', 'A close up of a plastic model of various items.']",160,34,1.068117,23.154688,0.872469,0.167859,23.380505,0.909153,0.134647,23.462603,0.908486,0.132252,22.098554,0.866265,0.177681,22.719177,0.858879,0.185820,22.735836,0.863255,0.183409,22.830766,0.868267,0.171276,0.225817,0.036684,-0.033213,0.307915,0.036017,-0.035607,-1.056133,-0.006203,0.009822,-0.435511,-0.013590,0.017961,-0.418852,-0.009214,0.015550,-0.323922,-0.004202,0.003417
panda_0200,"['A city street with a lot of cars and a hole in the ground.', 'A man driving a car with his hands on the steering wheel.', 'A white van parked next to a traffic cone.']",169,35,0.778794,5.992898,0.368571,0.662192,5.329326,0.368226,0.680861,5.877551,0.364780,0.660903,5.931380,0.365544,0.661417,5.883502,0.364106,0.659450,6.026664,0.367596,0.661761,6.192864,0.363558,0.664521,-0.663572,-0.000345,0.018669,-0.115347,-0.003790,-0.001289,-0.061518,-0.003027,-0.000775,-0.109396,-0.004465,-0.002742,0.033766,-0.000974,-0.000431,0.199966,-0.005012,0.002330
panda_0201,"['There is a man standing at a podium in front of a large crowd, holding a microphone and speaking to the audience.', 'There is a red and white banner hanging from a pole on the street.', 'A small street lined with parked cars and a banner hanging from a building.']",266,50,0.623357,16.710967,0.511433,0.238435,16.627897,0.510367,0.239023,16.674853,0.511683,0.238898,16.611180,0.508876,0.240078,16.621385,0.509055,0.239428,16.616437,0.508871,0.239332,16.640119,0.509789,0.238933,-0.083070,-0.001066,0.000587,-0.036113,0.000250,0.000463,-0.099787,-0.002557,0.001643,-0.089582,-0.002378,0.000993,-0.094529,-0.002562,0.000897,-0.070847,-0.001644,0.000497
panda_0202,"['A man in a black t-shirt and cap is standing in front of a white desk and pointing at the camera with his right hand.', 'A group of friends are in a car and they are having fun while driving.', 'The car is being driven on a road at night with other cars in the background.']",276,56,13.744830,10.414432,0.415578,0.681554,10.418483,0.415928,0.680561,10.384118,0.415271,0.682417,10.383752,0.414979,0.683060,10.390878,0.417049,0.682734,10.428125,0.416587,0.680380,10.431144,0.415638,0.681420,0.004051,0.000350,-0.000993,-0.030314,-0.000307,0.000863,-0.030680,-0.000599,0.001506,-0.023554,0.001471,0.001180,0.013693,0.001009,-0.001174,0.016712,0.000060,-0.000134
panda_0203,"['A koala is sitting in a tree with a blue sky in the background.', 'There is a man in a green shirt standing next to a eucalyptus tree, looking up at the branches with a worried expression on his face.', 'A man is standing in a forest and looking up at the sky.']",264,53,0.366725,22.275231,0.855105,0.320648,22.406847,0.856519,0.317217,22.354263,0.856240,0.318367,22.266900,0.855437,0.319982,22.289533,0.855405,0.319944,22.287448,0.855091,0.319790,22.273596,0.855050,0.319957,0.131616,0.001414,-0.003432,0.079032,0.001135,-0.002281,-0.008331,0.000332,-0.000666,0.014303,0.000300,-0.000705,0.012217,-0.000014,-0.000858,-0.001635,-0.000055,-0.000691
panda_0204,"['An elephant peeking out from behind some bushes.', 'A close up of the head of a rhino.', 'A picture of a rhino in the woods.']",128,25,3.277310,10.438908,0.449777,0.850530,9.921849,0.443337,0.851037,9.920611,0.444623,0.851762,10.509181,0.448838,0.851107,10.385403,0.445073,0.848287,10.548319,0.464878,0.842223,10.384081,0.448619,0.847709,-0.517059,-0.006439,0.000507,-0.518298,-0.005153,0.001232,0.070272,-0.000939,0.000577,-0.053506,-0.004704,-0.002243,0.109411,0.015102,-0.008307,-0.054828,-0.001158,-0.002821
panda_0205,"['A purple background with a lot of spheres and bubbles.', 'A group of people sitting in a room with bookshelves.', 'A veterinarian is treating a dog in an animal hospital.']",174,30,0.762347,22.797983,0.876400,0.226524,22.781506,0.874624,0.229343,22.799205,0.875178,0.228189,22.800307,0.875538,0.228108,22.786760,0.875562,0.227113,22.779456,0.876298,0.227026,22.785420,0.876269,0.226540,-0.016477,-0.001776,0.002818,0.001222,-0.001222,0.001664,0.002323,-0.000862,0.001584,-0.011223,-0.000837,0.000589,-0.018527,-0.000101,0.000501,-0.012563,-0.000131,0.000015
panda_0206,"['A red sports car is driving on a dirt road and the wheels are spinning.', 'A red sports car driving on a road.', 'A young man is standing next to a red car and a blue car in a parking lot.']",192,41,0.765530,12.896207,0.492635,0.351104,12.950181,0.494374,0.350974,12.947509,0.494800,0.350888,12.926971,0.494140,0.349816,12.917553,0.493830,0.350043,12.904211,0.493254,0.350214,12.919337,0.493472,0.349810,0.053973,0.001739,-0.000130,0.051302,0.002166,-0.000216,0.030763,0.001506,-0.001288,0.021346,0.001196,-0.001061,0.008003,0.000620,-0.000890,0.023129,0.000837,-0.001294
panda_0207,"['There is a barbie doll sitting at a vanity table with various cosmetics and makeup applied to her face.', ""A close up of a doll's hand holding a green piece of fabric."", 'A small tablet with a knife on top of it.']",216,42,0.140486,13.701586,0.684386,0.325216,13.408097,0.694070,0.323772,13.373732,0.689838,0.325231,14.091575,0.689146,0.308886,14.067353,0.688977,0.308600,14.154553,0.691262,0.308003,14.193020,0.696410,0.305117,-0.293489,0.009684,-0.001443,-0.327854,0.005452,0.000015,0.389989,0.004760,-0.016329,0.365767,0.004591,-0.016616,0.452967,0.006875,-0.017213,0.491434,0.012023,-0.020099
panda_0208,"['A document on a white sheet of paper.', 'A police officer is sitting at a desk in an office with a computer and other equipment.', 'A police officer standing next to a chain link fence.']",189,35,0.356430,21.470205,0.731089,0.081213,21.332073,0.727541,0.082077,21.343640,0.727910,0.082037,21.419380,0.731036,0.081196,21.452748,0.731446,0.080979,21.358551,0.729961,0.081154,21.456391,0.731455,0.081028,-0.138132,-0.003548,0.000865,-0.126566,-0.003179,0.000824,-0.050825,-0.000054,-0.000016,-0.017458,0.000357,-0.000234,-0.111654,-0.001128,-0.000059,-0.013814,0.000366,-0.000185
panda_0209,"['A piece of dough in a frying pan on a stove.', 'There is a piece of bread on a frying pan on a stove.', 'An underwater scene with a quote in french.']",152,32,0.905279,13.369338,0.413222,0.629318,11.767877,0.392693,0.666957,12.303116,0.398766,0.658516,13.348317,0.417769,0.621817,13.386562,0.407972,0.628518,13.368905,0.410120,0.628342,13.384129,0.413960,0.628343,-1.601462,-0.020529,0.037638,-1.066222,-0.014455,0.029197,-0.021021,0.004548,-0.007501,0.017224,-0.005250,-0.000800,-0.000433,-0.003102,-0.000977,0.014791,0.000738,-0.000975
panda_0210,"['An aerial view of a snowy mountain range with snow on the ground.', 'A person holding a rifle with a scope on it.', 'A man is holding a shotgun and loading it with shells.']",175,34,0.079144,17.357722,0.693144,0.309737,21.998495,0.749879,0.239512,21.728739,0.740326,0.259514,17.283838,0.692740,0.309717,17.376332,0.694829,0.306875,17.318530,0.693105,0.309896,17.341799,0.692492,0.310229,4.640773,0.056735,-0.070225,4.371017,0.047182,-0.050223,-0.073884,-0.000404,-0.000019,0.018610,0.001686,-0.002862,-0.039192,-0.000039,0.000159,-0.015923,-0.000652,0.000492
panda_0211,"['There is a man wearing a blue shirt and a beard, and he is standing in front of a wall with a sign that says ""zombies ahead."" he is smiling and looking at the camera.', 'There are several sculptures made of clay on a table in a workshop.', 'A large statue of a robot in a warehouse.']",286,57,3.995635,13.397265,0.424479,0.488038,12.738010,0.400111,0.512437,12.736320,0.400293,0.512680,13.338172,0.422949,0.491669,13.323758,0.422068,0.491813,13.327849,0.423024,0.491660,13.342462,0.423318,0.490881,-0.659255,-0.024369,0.024399,-0.660945,-0.024187,0.024642,-0.059092,-0.001531,0.003631,-0.073507,-0.002411,0.003775,-0.069416,-0.001455,0.003623,-0.054802,-0.001161,0.002844
panda_0212,"['A room with white walls, a fireplace, and a flat screen tv is a staircase.', 'A close up of a piece of metal with a cord attached to it.', 'An apple computer monitor is placed on a desk, and the screen shows the desktop of the computer.']",240,47,0.167569,9.291581,0.404266,0.761364,9.101865,0.382081,0.777001,9.224423,0.381070,0.778906,9.206926,0.399802,0.760635,9.121209,0.395878,0.766327,9.140687,0.383415,0.774294,9.119048,0.398456,0.759102,-0.189716,-0.022185,0.015637,-0.067158,-0.023195,0.017543,-0.084655,-0.004464,-0.000729,-0.170372,-0.008387,0.004963,-0.150893,-0.020851,0.012930,-0.172533,-0.005809,-0.002262
panda_0213,"['There is a man playing a video game on a computer screen, and he is wearing a hat.', 'A computer screen showing a man in a headset.', 'A computer screen showing a man in a video game.']",187,37,3.529696,18.792286,0.731167,0.337534,18.803353,0.726996,0.340667,18.841369,0.721203,0.345169,18.979876,0.733171,0.337017,18.940909,0.726725,0.343109,18.958777,0.733144,0.337666,19.007840,0.732565,0.338263,0.011067,-0.004171,0.003133,0.049084,-0.009964,0.007635,0.187590,0.002004,-0.000517,0.148623,-0.004442,0.005575,0.166491,0.001977,0.000132,0.215554,0.001398,0.000729
panda_0214,"['Two cars parked next to each other in a parking lot.', ""The car's trunk is open and there is sunlight shining on it."", ""A view of the inside of a car from the driver's seat.""]",177,35,2.396443,13.121218,0.478790,0.728918,13.213044,0.453861,0.720220,13.827015,0.469165,0.694472,12.986623,0.468595,0.730786,13.112999,0.472604,0.731242,13.134240,0.476367,0.728058,13.188956,0.477402,0.731203,0.091826,-0.024929,-0.008699,0.705797,-0.009625,-0.034446,-0.134596,-0.010195,0.001867,-0.008220,-0.006186,0.002323,0.013022,-0.002423,-0.000860,0.067738,-0.001388,0.002284
panda_0215,"['A close up of a space station with the words ""16 modules"" written on it.', 'A tweet from the international space station.', 'An astronaut on the outside of a space station.']",176,31,0.961270,22.902423,0.918451,0.168883,22.986160,0.914449,0.168208,23.053821,0.915340,0.167498,22.793252,0.853130,0.172489,22.891267,0.888023,0.168386,22.819276,0.918130,0.168928,22.857599,0.918225,0.168791,0.083737,-0.004002,-0.000676,0.151399,-0.003111,-0.001386,-0.109171,-0.065321,0.003606,-0.011155,-0.030428,-0.000497,-0.083147,-0.000321,0.000045,-0.044823,-0.000227,-0.000092
panda_0216,"['A blurry picture of a white bird with a green background.', 'There is a shrimp-like creature floating in the water with its transparent dorsal fin visible.', 'The words subscribe featured video on a green background.']",220,35,0.075886,46.464557,0.991837,0.008454,46.341518,0.991772,0.008443,46.345487,0.991773,0.008463,46.310262,0.991752,0.008599,46.317233,0.991760,0.008565,46.480727,0.991843,0.008487,46.461707,0.991833,0.008444,-0.123039,-0.000064,-0.000012,-0.119070,-0.000064,0.000008,-0.154295,-0.000084,0.000144,-0.147324,-0.000077,0.000111,0.016170,0.000006,0.000032,-0.002850,-0.000004,-0.000010
panda_0217,"['A green sphere with some clouds in it.', 'A black background with a circle in the middle.', 'The nasa jet propulsion laboratory logo on a black background.']",159,27,0.216348,26.616342,0.538706,0.099397,26.586551,0.539890,0.099577,26.584202,0.539638,0.099963,26.567970,0.537458,0.099381,26.586172,0.538459,0.099874,26.621460,0.539249,0.099592,26.628779,0.539575,0.098921,-0.029791,0.001184,0.000180,-0.032140,0.000931,0.000566,-0.048372,-0.001249,-0.000016,-0.030170,-0.000247,0.000476,0.005118,0.000543,0.000194,0.012437,0.000868,-0.000476
panda_0218,"['A drawing of two kangaroos standing next to each other.', 'A group of mice eating food in a brick building.', 'A black and white drawing of a mouse with a quote.']",165,31,0.104404,27.714576,0.899350,0.025968,27.909320,0.903595,0.025234,27.980402,0.904460,0.025278,27.326196,0.892552,0.027325,27.446003,0.894543,0.026674,27.779016,0.900190,0.025882,27.522341,0.895797,0.026368,0.194744,0.004245,-0.000734,0.265825,0.005110,-0.000690,-0.388381,-0.006798,0.001357,-0.268573,-0.004807,0.000706,0.064439,0.000839,-0.000086,-0.192236,-0.003554,0.000400
panda_0219,"['A group of people are gathered in a room, and one man is speaking into a microphone.', 'A speaker is giving a presentation to a large crowd of people in front of a large screen.', 'An older man with glasses and a sweater on stands in a room with rows of chairs.']",265,52,1.615773,23.435070,0.782718,0.108608,23.367890,0.780144,0.108923,23.333508,0.778733,0.109060,23.423697,0.781926,0.108824,23.443058,0.782664,0.108333,23.430230,0.782265,0.108538,23.437399,0.782650,0.108392,-0.067180,-0.002574,0.000315,-0.101562,-0.003984,0.000451,-0.011374,-0.000792,0.000216,0.007988,-0.000054,-0.000275,-0.004840,-0.000452,-0.000071,0.002329,-0.000068,-0.000216
panda_0220,"['A person is standing on a wooden staircase with their feet covered in blood.', 'A man with blood on his face is on a bus with people in the background.', 'A man is lying on the ground with his hand reaching out as if he is trying to grab something.']",252,50,0.086343,31.989465,0.951828,0.013863,31.924646,0.951507,0.013951,31.896416,0.951379,0.013946,31.985487,0.951482,0.014196,31.996685,0.951534,0.014121,32.029956,0.951812,0.013871,32.026613,0.951980,0.013840,-0.064819,-0.000321,0.000088,-0.093049,-0.000449,0.000083,-0.003978,-0.000346,0.000332,0.007220,-0.000294,0.000258,0.040491,-0.000016,0.000008,0.037148,0.000152,-0.000024
panda_0221,"['A long hallway with lots of tables and chairs.', 'A close up of some food being cooked in a pan.', 'It is a dish of macaroni and cheese served in a black cast iron skillet with crispy onions on top.']",202,40,0.533942,8.820149,0.416446,0.755201,8.866836,0.435525,0.756196,8.911133,0.430422,0.750625,8.821305,0.418079,0.756003,8.715664,0.406176,0.755236,8.812504,0.413709,0.752292,8.754916,0.409606,0.753002,0.046687,0.019079,0.000995,0.090984,0.013977,-0.004577,0.001156,0.001633,0.000802,-0.104484,-0.010270,0.000035,-0.007644,-0.002737,-0.002910,-0.065232,-0.006839,-0.002200
panda_0222,"['There is a soccer game happening in a stadium, and the fans are cheering for their team.', 'A soccer game is being played in a stadium, the players are running on the field and scoring goals.', 'A group of men celebrating a goal on a soccer field.']",251,47,3.918458,21.503102,0.759694,0.139920,21.131755,0.755333,0.141608,21.614409,0.760449,0.139146,21.758443,0.761544,0.140363,21.867635,0.763568,0.137878,21.748258,0.762109,0.138284,21.704473,0.760453,0.138610,-0.371347,-0.004361,0.001689,0.111308,0.000755,-0.000773,0.255342,0.001850,0.000444,0.364534,0.003874,-0.002042,0.245156,0.002415,-0.001636,0.201371,0.000758,-0.001310
panda_0223,"['A close up of two hands holding a small object.', 'The person is holding a smartphone with a large frameless screen.', 'A close up of a person wearing blue shoes.']",166,30,0.167696,24.377607,0.929816,0.063002,24.281781,0.928141,0.065137,24.494778,0.930518,0.061933,24.321335,0.928854,0.064334,24.323831,0.928812,0.064144,24.364218,0.929580,0.063288,24.322615,0.929189,0.063911,-0.095825,-0.001675,0.002135,0.117171,0.000702,-0.001069,-0.056272,-0.000962,0.001332,-0.053775,-0.001004,0.001141,-0.013389,-0.000236,0.000286,-0.054992,-0.000627,0.000909
panda_0224,"['A woman is unpacking a box of household appliances, including a vacuum cleaner and air conditioner.', 'A man is vacuuming a tile floor in a bathroom.', 'A robot vacuum cleaner is cleaning a wooden floor.']",207,35,1.352285,8.393774,0.433508,0.543703,8.376476,0.431298,0.545998,8.410462,0.437572,0.540715,8.383601,0.436092,0.541231,8.380093,0.435012,0.540358,8.392820,0.435967,0.542513,8.393194,0.434916,0.543162,-0.017298,-0.002210,0.002296,0.016688,0.004064,-0.002987,-0.010173,0.002583,-0.002472,-0.013681,0.001504,-0.003344,-0.000953,0.002459,-0.001190,-0.000580,0.001408,-0.000541
panda_0225,"['A stick figure in a blue hoodie and glasses is waving its arms up and down on a white background.', 'A cartoon of a man with the words atlas and atlas.', 'The skyline of a city with skyscrapers and trees in the foreground.']",226,43,0.099154,13.791814,0.850786,0.186488,10.928997,0.803339,0.263442,11.528598,0.795608,0.264383,12.495475,0.846171,0.205888,11.673914,0.816926,0.230693,13.271263,0.828932,0.215849,13.849039,0.847229,0.199467,-2.862816,-0.047446,0.076954,-2.263216,-0.055178,0.077895,-1.296339,-0.004615,0.019400,-2.117900,-0.033860,0.044205,-0.520551,-0.021853,0.029361,0.057225,-0.003557,0.012979
panda_0226,"['A cartoon of a boy standing next to a red chair.', 'A cartoon character with horns holding a sword.', 'A red background with white text on it.']",146,27,0.325514,9.669129,0.669426,0.391413,9.551972,0.650854,0.415888,9.456621,0.646990,0.416251,9.620988,0.668727,0.391525,9.624953,0.667377,0.391434,9.692857,0.672655,0.384774,9.620121,0.667844,0.391271,-0.117157,-0.018573,0.024475,-0.212508,-0.022437,0.024838,-0.048141,-0.000700,0.000113,-0.044177,-0.002049,0.000021,0.023728,0.003229,-0.006639,-0.049008,-0.001582,-0.000142
panda_0227,"['There are two men sitting at a table with a bag of food in front of them.', 'A person is holding a red plate with a piece of food on it. the food appears to be a quesadilla, which is a type of mexican dish made with cheese and meat.', 'There are two men sitting at a table with plates of food in front of them.']",314,66,0.075325,24.996637,0.895307,0.035980,25.079573,0.897244,0.034819,25.085966,0.897374,0.034837,24.969095,0.893976,0.036672,25.026024,0.895351,0.035876,25.005673,0.895578,0.035704,24.988016,0.895089,0.035919,0.082936,0.001937,-0.001161,0.089330,0.002067,-0.001143,-0.027541,-0.001331,0.000692,0.029387,0.000044,-0.000104,0.009037,0.000271,-0.000276,-0.008621,-0.000218,-0.000061
panda_0228,"['A chef is standing in front of a stainless steel kitchen counter. he is wearing a white shirt and has a mustache.', 'A chef in a kitchen talking to the camera.', 'A chef holding a tray of food in a kitchen.']",210,41,0.200267,8.217208,0.193179,0.734845,8.242619,0.182310,0.739836,8.609083,0.178562,0.740360,8.181845,0.180050,0.733980,8.169596,0.191618,0.735880,8.258938,0.182873,0.731537,8.171975,0.194294,0.736777,0.025412,-0.010868,0.004991,0.391875,-0.014617,0.005516,-0.035363,-0.013128,-0.000864,-0.047612,-0.001561,0.001035,0.041730,-0.010305,-0.003307,-0.045233,0.001115,0.001932
panda_0229,"['A man and a woman are standing in the woods, with the man wearing an orange life jacket.', 'The man is standing on a cliff overlooking a beautiful landscape with mountains and a blue sky in the background.', 'There is a yellow building with wooden decorations and a few motorcycles parked outside.']",301,52,1.172765,14.621443,0.537900,0.485778,14.388550,0.526478,0.502454,14.422178,0.525444,0.496817,14.565622,0.535696,0.488059,14.619075,0.535102,0.486169,14.597086,0.535147,0.486067,14.564810,0.533315,0.488732,-0.232893,-0.011422,0.016676,-0.199265,-0.012456,0.011039,-0.055821,-0.002204,0.002281,-0.002368,-0.002798,0.000391,-0.024357,-0.002753,0.000289,-0.056633,-0.004585,0.002954
panda_0230,"['There is a large rock floating in space, surrounded by smaller rocks and debris.', 'The sun surrounded by planets in space.', 'Two men standing in front of a starry sky.']",173,30,1.278993,10.349412,0.522969,0.598154,10.414564,0.526784,0.592172,10.435395,0.524178,0.595146,10.355589,0.523362,0.597487,10.379927,0.525147,0.594408,10.357272,0.525563,0.595515,10.312626,0.523297,0.598414,0.065153,0.003815,-0.005982,0.085983,0.001209,-0.003008,0.006177,0.000394,-0.000667,0.030515,0.002178,-0.003746,0.007861,0.002595,-0.002639,-0.036785,0.000328,0.000260
panda_0231,"['A pink background with the words comparing color in princess cuts.', 'Three triangle shaped diamonds sitting on top of a white surface.', 'The video is about observing and inspecting diamonds for their color quality.']",220,34,0.359632,19.720496,0.826769,0.211328,19.774200,0.826379,0.212940,19.814966,0.828730,0.212574,19.800667,0.826030,0.212096,19.743685,0.826141,0.211377,19.690596,0.826451,0.211677,19.791177,0.827200,0.211574,0.053704,-0.000390,0.001612,0.094470,0.001961,0.001246,0.080171,-0.000739,0.000768,0.023189,-0.000629,0.000049,-0.029900,-0.000318,0.000349,0.070681,0.000431,0.000246
panda_0232,"['It is a busy street in a city with many cars, motorcycles, and pedestrians.', 'A close up of a man with tears on his face.', 'There are people on a boat in a river surrounded by green trees.']",194,38,2.372136,26.314480,0.784816,0.097412,26.264515,0.781967,0.095875,26.276805,0.782147,0.095976,26.281312,0.782736,0.098307,26.304747,0.784101,0.097879,26.317960,0.784674,0.097413,26.314310,0.784719,0.097114,-0.049965,-0.002849,-0.001537,-0.037675,-0.002669,-0.001435,-0.033168,-0.002080,0.000895,-0.009732,-0.000715,0.000467,0.003480,-0.000143,0.000001,-0.000170,-0.000097,-0.000297
panda_0233,"['A person is performing an inverse pass card trick on a green table with a deck of cards in front of them.', 'A person is performing a magic trick with playing cards.', 'A logo for art zone productions on a black background.']",227,42,4.429952,6.166366,0.306428,0.886363,6.890487,0.363411,0.757406,6.801392,0.360814,0.762792,6.236536,0.313921,0.881599,6.179040,0.308124,0.873915,6.279367,0.317514,0.874726,6.178766,0.310101,0.881850,0.724122,0.056983,-0.128957,0.635026,0.054387,-0.123571,0.070171,0.007493,-0.004764,0.012674,0.001696,-0.012448,0.113001,0.011086,-0.011637,0.012400,0.003673,-0.004513
panda_0234,"['The product is a packet of quinoa flakes.', 'A blender sitting on top of a wooden table.', 'A close up of a blender with red sauce in it.']",141,28,0.678481,15.764212,0.608395,0.342587,15.972921,0.616013,0.338016,15.902669,0.613515,0.339032,15.760707,0.606795,0.344003,14.220864,0.568556,0.373801,15.772771,0.608662,0.342244,15.752936,0.607497,0.343677,0.208709,0.007619,-0.004571,0.138457,0.005121,-0.003555,-0.003505,-0.001600,0.001416,-1.543348,-0.039839,0.031214,0.008558,0.000267,-0.000343,-0.011276,-0.000897,0.001089
panda_0235,"['An orange background with the words cambella faciale e voce.', 'A close up of a mixture of flour and butter.', 'A pot of food is cooking in an oven with the light on.']",170,33,3.155647,14.976313,0.665231,0.410203,14.736626,0.654304,0.427705,15.280436,0.662865,0.404070,15.108394,0.663567,0.397715,14.902211,0.659194,0.404901,15.027931,0.670405,0.404868,14.984280,0.666419,0.413587,-0.239687,-0.010927,0.017502,0.304124,-0.002366,-0.006132,0.132082,-0.001665,-0.012488,-0.074102,-0.006038,-0.005302,0.051619,0.005174,-0.005335,0.007968,0.001187,0.003384
panda_0236,"['A poster with the words using minor pentatonic over major 7th chords.', 'The guitar player is playing a song on a white electric guitar while sitting in front of a black background.', 'A yellow sign that says ""making chords sound more interesting"".']",252,42,1.636102,10.942586,0.473545,0.625027,11.015615,0.502416,0.565824,12.169380,0.584014,0.458753,13.331859,0.600782,0.440607,10.079023,0.390165,0.665423,9.490230,0.508373,0.591283,9.148321,0.486288,0.588331,0.073029,0.028871,-0.059204,1.226794,0.110469,-0.166275,2.389273,0.127237,-0.184421,-0.863563,-0.083380,0.040395,-1.452356,0.034828,-0.033744,-1.794265,0.012743,-0.036696
panda_0237,"['A close up of a metal grate with holes in it.', 'A toy duck is sitting in front of a toy oven.', 'The user is holding a yellow rubber duck toy in their hand.']",161,34,7.877106,9.267943,0.435487,0.712362,9.201224,0.428672,0.714675,9.240731,0.447218,0.705016,9.291569,0.437244,0.712476,9.204531,0.431206,0.713504,9.263599,0.435721,0.712945,9.303821,0.439902,0.710713,-0.066720,-0.006815,0.002312,-0.027213,0.011731,-0.007347,0.023626,0.001757,0.000113,-0.063413,-0.004281,0.001141,-0.004344,0.000234,0.000582,0.035877,0.004415,-0.001649
panda_0238,"['A white plate topped with fried green beans.', 'The word ""lowdown"" is written in white letters on a black background.', 'A black background with the words follow us on twitter at freezerburns.']",196,32,5.134417,9.709406,0.231650,0.583168,9.748541,0.231866,0.582485,9.723295,0.231770,0.584581,9.718822,0.231096,0.582425,9.707279,0.230684,0.582822,9.696560,0.231470,0.582817,9.704957,0.232064,0.582582,0.039136,0.000216,-0.000682,0.013889,0.000120,0.001413,0.009416,-0.000553,-0.000743,-0.002127,-0.000966,-0.000346,-0.012845,-0.000180,-0.000351,-0.004449,0.000415,-0.000585
panda_0239,"['A man in a suit and glasses is talking to another man in a business suit.', 'A car driving down a snowy road with its headlights on.', 'A car is driving down a snowy road at night with headlights on.']",203,40,0.961270,10.174977,0.254219,0.776366,10.644397,0.249796,0.760082,10.271354,0.256823,0.781130,10.069216,0.244497,0.787590,10.313257,0.256687,0.771688,10.173204,0.245309,0.783445,10.391920,0.239181,0.782677,0.469420,-0.004423,-0.016284,0.096376,0.002604,0.004764,-0.105761,-0.009722,0.011224,0.138280,0.002468,-0.004677,-0.001774,-0.008910,0.007079,0.216942,-0.015038,0.006311
panda_0240,"['A man is fishing from a tunnel under a bridge over a river.', 'There is a person holding a fishing rod with a lure attached to it, standing on the bank of a river or stream and casting the lure into the water.', 'A man is fishing in a small stream surrounded by trees and bushes. he is holding a fishing rod and reel, and is standing on the bank of the stream.']",364,73,0.326490,20.977070,0.780946,0.096798,21.759807,0.787597,0.088805,21.937276,0.788413,0.083097,21.011008,0.779681,0.097244,21.066272,0.780637,0.096449,21.002851,0.781072,0.096827,20.994786,0.780752,0.096747,0.782737,0.006650,-0.007993,0.960206,0.007466,-0.013701,0.033938,-0.001265,0.000445,0.089202,-0.000310,-0.000349,0.025781,0.000126,0.000028,0.017716,-0.000195,-0.000051
panda_0241,"['A soccer stadium with a person on a screen.', 'A video game screen showing a soccer game.', 'A player is playing a game on a screen.']",136,26,0.082083,20.192483,0.869312,0.106262,19.603649,0.829021,0.156506,21.635993,0.875054,0.102871,18.733914,0.829656,0.152477,19.870217,0.853805,0.114811,18.567068,0.826420,0.160251,18.991366,0.828988,0.157649,-0.588834,-0.040291,0.050243,1.443510,0.005742,-0.003391,-1.458569,-0.039656,0.046214,-0.322266,-0.015507,0.008549,-1.625415,-0.042892,0.053989,-1.201118,-0.040324,0.051387
panda_0242,"['A group of people are standing in front of a waterfall.', 'A man and his son are paddling in a canoe on a river.', 'An aerial view of a river with trees and a forest in the background.']",188,38,1.964836,17.198134,0.526824,0.674853,15.657137,0.476659,0.686948,16.402680,0.504302,0.674866,16.470661,0.504160,0.670378,17.752925,0.541699,0.682435,17.584877,0.538621,0.679431,17.568705,0.537237,0.670166,-1.540998,-0.050165,0.012094,-0.795454,-0.022523,0.000013,-0.727473,-0.022664,-0.004475,0.554791,0.014875,0.007581,0.386743,0.011797,0.004578,0.370571,0.010413,-0.004687
panda_0243,"['A news anchor and reporter are sitting at a desk in front of a cityscape backdrop.', 'An advertisement for baby wipes on a television screen.', 'A screen shot of a diaper foundation website.']",194,33,0.183199,24.194895,0.867328,0.058227,24.216660,0.868279,0.057656,24.219210,0.868383,0.057586,24.208597,0.867075,0.058431,24.206106,0.867246,0.058302,24.203311,0.867343,0.058181,24.198486,0.867204,0.058227,0.021765,0.000952,-0.000570,0.024315,0.001056,-0.000641,0.013701,-0.000252,0.000204,0.011210,-0.000081,0.000075,0.008415,0.000016,-0.000046,0.003591,-0.000124,0.000000
panda_0244,"['A piece of butter sitting on top of a cloth.', 'A person pouring milk into a pan with a spatula.', 'A person is preparing food in a pot on a stove with a white cloth.']",170,35,0.120090,12.021194,0.388008,0.719281,10.211213,0.425578,0.579223,10.214079,0.424330,0.574992,12.010576,0.385608,0.719661,12.126730,0.386700,0.717886,12.808255,0.386078,0.711466,12.586648,0.389418,0.713854,-1.809980,0.037570,-0.140058,-1.807115,0.036321,-0.144289,-0.010618,-0.002401,0.000380,0.105536,-0.001308,-0.001395,0.787061,-0.001930,-0.007815,0.565454,0.001409,-0.005427
panda_0245,"['There is a computer screen displaying a programing system with a button labeled ""calculation selection"".', 'The user is using a laptop computer with a blue screen.', 'There is a computer screen displaying a transfer data window on a laptop computer.']",253,40,0.307326,12.798572,0.713950,0.417347,12.617564,0.714168,0.416742,12.921676,0.714596,0.413238,12.549614,0.708225,0.436064,12.563354,0.707879,0.435758,12.663802,0.714823,0.418232,12.647068,0.715004,0.419285,-0.181008,0.000218,-0.000605,0.123104,0.000645,-0.004110,-0.248958,-0.005725,0.018717,-0.235218,-0.006071,0.018411,-0.134770,0.000873,0.000885,-0.151504,0.001054,0.001938
panda_0246,"['A computer screen showing an image of a tank.', 'A screenshot of a game showing a tank in a field.', 'An advertisement for a video game.']",140,26,0.072458,24.601762,0.890230,0.106865,23.969636,0.849656,0.129007,22.548438,0.806454,0.156962,24.516055,0.858797,0.128839,22.684140,0.807820,0.171131,23.417780,0.829377,0.152801,25.215654,0.902669,0.081063,-0.632126,-0.040574,0.022143,-2.053323,-0.083777,0.050098,-0.085706,-0.031433,0.021974,-1.917622,-0.082410,0.064267,-1.183981,-0.060853,0.045937,0.613892,0.012439,-0.025802
panda_0247,"['A close up of a camera with a lens attached.', 'A close up of a label on a bottle of shampoo.', 'A sign with a cross at the top of a building with a clock tower in the background.']",183,39,0.762305,18.957785,0.774546,0.269796,18.673269,0.741433,0.301484,19.194503,0.745042,0.290473,18.498446,0.748154,0.296098,18.595121,0.749095,0.293977,18.844399,0.763974,0.282587,18.741633,0.754501,0.289659,-0.284516,-0.033113,0.031688,0.236718,-0.029505,0.020676,-0.459339,-0.026392,0.026301,-0.362664,-0.025452,0.024181,-0.113386,-0.010573,0.012790,-0.216152,-0.020046,0.019862
panda_0248,"['A man is standing in the rain and shouting.', 'A man standing in a small town with a helicopter spraying water on the ground.', 'The movie clips page on the hollywood hot clips website.']",189,34,0.679262,19.935017,0.702421,0.109403,19.844410,0.702759,0.111099,19.883299,0.701730,0.111898,19.946384,0.700800,0.109114,19.853708,0.700452,0.111496,19.867632,0.702310,0.111357,19.852051,0.701278,0.110990,-0.090607,0.000338,0.001696,-0.051718,-0.000691,0.002494,0.011367,-0.001620,-0.000289,-0.081309,-0.001969,0.002093,-0.067385,-0.000110,0.001954,-0.082966,-0.001143,0.001587
panda_0249,"['A red car is driving on a dirt road with dust flying around it.', 'Two men in hats are driving a car.', 'A red sports car is driving on a winding road surrounded by trees.']",175,35,0.704736,11.769213,0.325703,0.726799,11.909168,0.313545,0.721423,11.712756,0.312864,0.729963,11.801342,0.321468,0.727551,11.750474,0.320711,0.729761,11.748591,0.324535,0.727353,11.864912,0.329316,0.725470,0.139955,-0.012158,-0.005376,-0.056458,-0.012839,0.003164,0.032129,-0.004235,0.000752,-0.018740,-0.004991,0.002962,-0.020622,-0.001167,0.000554,0.095698,0.003613,-0.001330
panda_0250,"['Mannequins with t-shirts on display with the words are you repping the shit?.', 'A website page showing a man doing exercises on his chest.', 'A web page showing a man lifting weights.']",188,32,2.864821,15.401192,0.750515,0.387357,15.433338,0.746424,0.412014,15.393830,0.748327,0.391596,15.198602,0.735983,0.409825,15.132582,0.733000,0.418440,15.142531,0.736413,0.407400,15.221769,0.737970,0.403147,0.032146,-0.004091,0.024657,-0.007363,-0.002188,0.004239,-0.202590,-0.014532,0.022468,-0.268610,-0.017515,0.031083,-0.258662,-0.014102,0.020043,-0.179424,-0.012545,0.015790
panda_0251,"['There is a bright light shining in a dark background, and the light is moving in a circular motion.', 'A screen shot of the lens flare effects website.', 'An open book with a drawing of a lighthouse on it.']",209,39,0.937997,18.153192,0.647649,0.440738,18.068435,0.634854,0.447575,18.102939,0.629462,0.458979,18.352696,0.643537,0.433741,18.197444,0.641163,0.440480,18.223125,0.646791,0.436922,18.519632,0.648195,0.433930,-0.084757,-0.012794,0.006837,-0.050253,-0.018186,0.018242,0.199504,-0.004111,-0.006997,0.044252,-0.006486,-0.000258,0.069933,-0.000857,-0.003815,0.366440,0.000546,-0.006808
panda_0252,"['Person is being melted in a frying pan on a stove.', 'A person is cooking food in a pan on a stove, stirring the mixture with a whisk.', 'The person is stirring a pot of white liquid with a wooden spoon.']",207,41,2.987654,10.201689,0.433901,0.701900,8.332195,0.432231,0.716624,8.416434,0.430803,0.717296,10.252390,0.432656,0.698776,10.220096,0.427480,0.701890,10.208583,0.436577,0.698711,10.208983,0.433799,0.701732,-1.869494,-0.001670,0.014724,-1.785255,-0.003098,0.015396,0.050701,-0.001245,-0.003124,0.018407,-0.006421,-0.000010,0.006894,0.002676,-0.003189,0.007293,-0.000101,-0.000168
panda_0253,"['An advertisement for the us spacewalk on iss.', 'A spaceship is traveling through space and approaching a distant planet.', 'An image of a satellite in space with stars in the background.']",191,31,8.073110,25.576055,0.899530,0.076651,25.573617,0.894804,0.076243,25.397160,0.878880,0.089735,25.586904,0.896929,0.079332,25.733834,0.898602,0.075946,25.499420,0.897294,0.078568,25.324530,0.892448,0.083639,-0.002438,-0.004726,-0.000408,-0.178896,-0.020649,0.013084,0.010849,-0.002600,0.002681,0.157778,-0.000928,-0.000705,-0.076635,-0.002236,0.001918,-0.251526,-0.007082,0.006988
panda_0254,"['A screen shot of a menu in a video game.', 'The player is playing a first-person shooter game and shooting at enemies in a city environment.', 'The player is playing a first-person shooter video game.']",204,35,0.197821,8.482010,0.300261,0.802908,6.816313,0.283689,0.812809,7.056901,0.286782,0.804799,8.016018,0.285463,0.809073,6.857078,0.284650,0.818220,7.765727,0.296537,0.806773,8.252921,0.292082,0.801326,-1.665697,-0.016572,0.009901,-1.425110,-0.013479,0.001891,-0.465992,-0.014797,0.006165,-1.624932,-0.015611,0.015312,-0.716283,-0.003724,0.003866,-0.229089,-0.008178,-0.001581
panda_0255,"['The text ""hayward\'s fitness bodybuilding"" is written on a black background.', 'A man standing in a room with exercise equipment.', 'A man standing in a room with a couch and exercise equipment.']",198,32,0.633023,29.035445,0.899104,0.016103,29.066435,0.895669,0.018106,29.071998,0.896052,0.018067,21.739736,0.766543,0.357720,28.951454,0.897431,0.016943,29.035483,0.899102,0.016071,29.038013,0.899207,0.016024,0.030989,-0.003435,0.002003,0.036553,-0.003051,0.001965,-7.295709,-0.132560,0.341617,-0.083992,-0.001672,0.000840,0.000037,-0.000002,-0.000031,0.002567,0.000104,-0.000079
panda_0256,"['A man and a little boy sitting in a chair.', 'A young boy is sitting in a high chair and eating food with his mouth open.', 'A man and a little boy eating food.']",164,34,0.517862,18.143069,0.667433,0.174609,18.160787,0.668435,0.173023,18.180483,0.668114,0.171157,18.161237,0.667740,0.173774,18.225369,0.669789,0.168948,18.125866,0.666941,0.175968,18.140443,0.667445,0.174078,0.017718,0.001002,-0.001586,0.037414,0.000681,-0.003452,0.018168,0.000307,-0.000835,0.082300,0.002356,-0.005661,-0.017202,-0.000493,0.001359,-0.002626,0.000012,-0.000531
panda_0257,"['There is a wooden ladder leaning against the side of a house.', 'A man standing next to a ladder holding a red bucket.', 'A man on a ladder is painting a wall in a room with a window.']",187,38,0.184882,11.148941,0.298498,0.657348,10.880130,0.300132,0.645259,11.001537,0.314701,0.675813,11.006418,0.300415,0.662687,11.002434,0.297830,0.656559,10.994577,0.302565,0.658752,11.092575,0.301207,0.654237,-0.268811,0.001634,-0.012089,-0.147404,0.016203,0.018464,-0.142523,0.001917,0.005339,-0.146507,-0.000668,-0.000789,-0.154363,0.004067,0.001403,-0.056365,0.002708,-0.003112
panda_0258,"['A wooden box with a window is on the steps of a house.', 'There is a wooden table with various tools and materials on it.', 'A yard with a fence and a pile of wood in the grass.']",181,38,0.840643,14.726641,0.535870,0.326988,14.725609,0.531875,0.329084,14.722000,0.531570,0.328564,14.727559,0.536243,0.327878,14.729139,0.536123,0.327933,14.723818,0.535363,0.327476,14.727053,0.536460,0.327463,-0.001032,-0.003995,0.002096,-0.004641,-0.004299,0.001576,0.000918,0.000374,0.000890,0.002498,0.000253,0.000945,-0.002823,-0.000507,0.000487,0.000412,0.000591,0.000475
panda_0259,"['A young girl is playing with stuffed animals in her bedroom.', ""There is a person's hand with red marks on it."", 'A young girl is lying in bed with a stuffed animal and a doll under a blanket.']",196,38,1.830406,16.351977,0.611132,0.500789,16.797147,0.616391,0.480517,16.971058,0.622490,0.475208,16.299453,0.605680,0.506663,16.377057,0.611024,0.498726,16.461337,0.612390,0.496722,16.241544,0.605266,0.505118,0.445170,0.005259,-0.020272,0.619081,0.011358,-0.025581,-0.052524,-0.005452,0.005874,0.025080,-0.000108,-0.002063,0.109360,0.001258,-0.004067,-0.110433,-0.005866,0.004329
panda_0260,"['A man wearing a black jacket and black pants is standing on a black box on a road.', 'A statue of a man on a runway with airplanes in the background.', 'A man is using a winch to pull in a fishing line on a boat.']",216,46,1.769506,12.691276,0.723835,0.533572,12.569979,0.722363,0.537188,12.418760,0.726307,0.546240,12.531569,0.723685,0.549370,12.456833,0.719473,0.547730,12.504808,0.722570,0.549214,12.731085,0.726963,0.530580,-0.121298,-0.001472,0.003617,-0.272516,0.002472,0.012669,-0.159707,-0.000150,0.015799,-0.234443,-0.004362,0.014158,-0.186468,-0.001266,0.015642,0.039809,0.003128,-0.002992
panda_0261,"['A close up of the engine of a car.', ""A close up of a car's engine bay with various tools."", 'A close up of a red piece of machinery.']",137,29,0.297267,18.728015,0.542330,0.133195,19.064403,0.552244,0.120259,19.065678,0.552321,0.117783,18.742485,0.543601,0.132722,18.809836,0.543292,0.135844,18.668405,0.542699,0.132036,18.678255,0.540332,0.139455,0.336389,0.009914,-0.012937,0.337664,0.009991,-0.015413,0.014470,0.001270,-0.000473,0.081821,0.000961,0.002648,-0.059610,0.000369,-0.001159,-0.049760,-0.001999,0.006259
panda_0262,"['A man is standing in front of a kitchen counter, holding a mug of coffee and talking to the camera.', 'A person is boiling water in a kettle on a stove.', 'A person holding a tea bag in front of a coffee mug.']",212,43,0.961270,10.504628,0.388880,0.832011,10.229914,0.359630,0.832391,10.321219,0.354909,0.831318,10.639516,0.373468,0.819347,10.350444,0.396073,0.839867,10.966142,0.378490,0.810442,11.028070,0.377534,0.803256,-0.274713,-0.029250,0.000381,-0.183409,-0.033971,-0.000693,0.134888,-0.015413,-0.012664,-0.154183,0.007193,0.007856,0.461514,-0.010391,-0.021569,0.523443,-0.011347,-0.028755
panda_0263,"[""A close up view of a car's suspension."", 'A jeep with its hood open in a parking lot.', 'A close up of a jeep parked on top of a rock.']",138,30,2.687841,17.873442,0.717003,0.348314,17.711411,0.713066,0.351455,17.699989,0.712513,0.352237,17.916245,0.717583,0.347843,17.901189,0.717493,0.347873,17.908025,0.717733,0.347439,17.908786,0.717746,0.347642,-0.162030,-0.003937,0.003140,-0.173452,-0.004490,0.003922,0.042803,0.000580,-0.000471,0.027748,0.000490,-0.000442,0.034583,0.000730,-0.000876,0.035344,0.000742,-0.000672
panda_0264,"['A couple of people in a restaurant looking at each other.', 'The person is cooking noodles in a large pot.', 'A close up of a man eating some food.']",151,29,0.649250,28.934941,0.948323,0.036737,29.143627,0.949676,0.037136,29.158788,0.949767,0.037050,28.904902,0.947744,0.038023,28.895143,0.947831,0.037913,28.935226,0.948221,0.036943,28.924265,0.948184,0.037162,0.208686,0.001353,0.000398,0.223847,0.001444,0.000313,-0.030039,-0.000578,0.001286,-0.039798,-0.000491,0.001176,0.000285,-0.000102,0.000206,-0.010676,-0.000139,0.000425
panda_0265,"['A man is cooking food in a pan on a gas stove.', 'Two bottles of honey mustard sitting on a counter next to a man in a blue shirt.', 'There are three bottles of honey mustard sauce on a kitchen counter with a man standing next to them.']",239,48,0.210589,16.311958,0.454995,0.337073,16.259262,0.451879,0.339743,16.310682,0.453255,0.339351,16.323688,0.454876,0.337084,16.310029,0.454144,0.337604,16.295572,0.455291,0.336686,16.306152,0.454142,0.337520,-0.052696,-0.003116,0.002671,-0.001276,-0.001740,0.002278,0.011730,-0.000119,0.000011,-0.001929,-0.000851,0.000531,-0.016386,0.000296,-0.000387,-0.005806,-0.000853,0.000448
panda_0266,"['The chef is preparing a dish with scallops on a cooking show.', 'A chef is cooking steak in a frying pan.', 'Two women and a man standing in front of a table with food on it.']",178,36,0.751598,13.756086,0.721124,0.557488,13.754795,0.719572,0.560525,13.739222,0.720888,0.557352,13.720934,0.721367,0.563020,13.772185,0.721667,0.556340,13.737584,0.721608,0.558166,13.741052,0.721286,0.557379,-0.001292,-0.001552,0.003037,-0.016864,-0.000236,-0.000136,-0.035153,0.000243,0.005532,0.016098,0.000543,-0.001148,-0.018502,0.000484,0.000678,-0.015034,0.000162,-0.000109
panda_0267,"['A close up of a dish with vegetables in it.', 'A light is shining on the bottom of a white plastic container with a brown liquid inside.', 'A person is cooking a dish in a pan with vegetables, such as tomatoes, peppers, and eggplant, and a wooden spoon.']",257,48,0.252231,24.339394,0.642751,0.109633,24.315334,0.645281,0.110463,24.431423,0.647499,0.105728,24.354353,0.642826,0.110375,24.319905,0.641580,0.110941,24.315995,0.641462,0.110358,24.373617,0.644197,0.108900,-0.024060,0.002530,0.000830,0.092029,0.004747,-0.003905,0.014959,0.000075,0.000743,-0.019488,-0.001172,0.001308,-0.023399,-0.001290,0.000725,0.034223,0.001446,-0.000733
panda_0268,"['There is a man sitting on a bench by the lake and fishing.', 'A man is laying in a chair in the grass near a truck.', 'A man is sitting in a green tent on grass next to a river.']",181,40,0.624091,14.711987,0.616945,0.678745,14.340143,0.624596,0.664745,14.460381,0.624153,0.664782,13.821433,0.618751,0.686123,14.579111,0.617719,0.674521,14.690120,0.617432,0.682052,14.647458,0.610473,0.683756,-0.371843,0.007651,-0.014000,-0.251605,0.007209,-0.013963,-0.890553,0.001807,0.007378,-0.132875,0.000775,-0.004225,-0.021866,0.000487,0.003307,-0.064529,-0.006471,0.005011
panda_0269,"['A man is sitting on a stool and playing a musical instrument.', 'A man sitting in a chair next to a tree stump.', 'It is a website for tattoo designers, with a black background and white text that reads ""find us on etsy"".']",225,43,0.123399,7.926616,0.673131,0.339236,7.549452,0.665233,0.340399,7.980590,0.655569,0.345346,7.464863,0.664383,0.342840,7.421598,0.666010,0.342466,7.853245,0.667344,0.355746,7.953683,0.668534,0.344547,-0.377164,-0.007897,0.001163,0.053973,-0.017561,0.006110,-0.461754,-0.008748,0.003604,-0.505019,-0.007121,0.003230,-0.073371,-0.005787,0.016510,0.027067,-0.004597,0.005312
panda_0270,"['The sun is setting over a body of water and there are buildings in the distance.', ""A person holding onto a fishing rod with another person's hand."", 'A group of people are fishing on a boat and one person is reeling in a big fish.']",235,45,2.998600,21.517811,0.803145,0.333694,21.832093,0.806305,0.328302,21.789517,0.805733,0.328615,21.487796,0.801087,0.335984,21.398162,0.800869,0.336536,21.513904,0.802887,0.333710,21.522103,0.802664,0.334738,0.314282,0.003160,-0.005392,0.271706,0.002588,-0.005080,-0.030015,-0.002058,0.002289,-0.119649,-0.002277,0.002841,-0.003907,-0.000258,0.000015,0.004292,-0.000481,0.001044
panda_0271,"['A city skyline with skyscrapers and buildings against a hazy sky.', 'The batman and his sidekick are in an abandoned warehouse.', 'The player is in an abandoned building and shooting with a gun.']",198,33,0.303650,11.786108,0.195733,0.645485,11.653295,0.191687,0.630165,11.699140,0.190529,0.629808,11.715255,0.188271,0.647864,11.702708,0.188699,0.644560,11.764296,0.195961,0.642448,11.767345,0.196951,0.640009,-0.132814,-0.004047,-0.015320,-0.086969,-0.005204,-0.015677,-0.070854,-0.007462,0.002379,-0.083400,-0.007034,-0.000925,-0.021813,0.000228,-0.003036,-0.018764,0.001218,-0.005476
panda_0272,"['A man and two women are sitting at a desk in an office.', 'A close up of a tax form on a computer screen.', 'The man is sitting at a desk in a room with red walls, wearing a blue shirt and making a gesture with his hand.']",224,48,0.169485,15.198559,0.421266,0.545370,15.291169,0.427522,0.542452,15.316354,0.431431,0.542714,15.270704,0.426380,0.543452,15.198574,0.416767,0.544929,15.229214,0.418571,0.544546,15.208098,0.423704,0.543813,0.092610,0.006256,-0.002917,0.117795,0.010165,-0.002655,0.072145,0.005114,-0.001918,0.000015,-0.004499,-0.000440,0.030654,-0.002695,-0.000824,0.009539,0.002438,-0.001557
panda_0273,"['Person logo with mountains in the background.', 'A young man is playing a bass guitar in a room filled with musical instruments.', 'A musician is playing a bass guitar in a room with a lot of musical instruments.']",216,38,2.790646,30.110258,0.883983,0.050898,29.896953,0.879165,0.051971,29.842536,0.877711,0.052348,30.071090,0.882866,0.051394,30.092200,0.883447,0.051220,30.105592,0.883700,0.050965,30.091690,0.883350,0.050994,-0.213305,-0.004818,0.001073,-0.267722,-0.006272,0.001451,-0.039168,-0.001118,0.000496,-0.018058,-0.000537,0.000322,-0.004666,-0.000283,0.000068,-0.018568,-0.000634,0.000096
panda_0274,"['A plate of nachos with cheese and sour cream.', 'A plate of nachos topped with cheese and sauce.', 'A plate of nachos with sauce and cheese on it.']",150,28,0.552285,26.341840,0.806661,0.122031,25.809487,0.799723,0.121269,25.856467,0.798715,0.120924,25.990685,0.803414,0.123756,26.347728,0.807910,0.126239,26.240889,0.806167,0.125358,26.085248,0.806027,0.124574,-0.532353,-0.006938,-0.000762,-0.485373,-0.007946,-0.001107,-0.351155,-0.003247,0.001724,0.005888,0.001248,0.004207,-0.100950,-0.000494,0.003326,-0.256592,-0.000635,0.002543
panda_0275,"['There are various ingredients on a wooden cutting board, including meat, herbs, and spices.', 'Person is preparing a piece of chicken on a cutting board with aluminum foil.', 'A man standing in a kitchen with food on a cutting board.']",237,40,0.060689,29.503566,0.844175,0.133986,29.728347,0.852008,0.124926,29.533398,0.846541,0.130437,29.189595,0.835045,0.142036,29.217022,0.836534,0.141059,29.398409,0.841099,0.138008,29.308630,0.838694,0.139210,0.224780,0.007833,-0.009060,0.029831,0.002366,-0.003549,-0.313972,-0.009129,0.008050,-0.286545,-0.007641,0.007073,-0.105157,-0.003076,0.004022,-0.194936,-0.005481,0.005224
panda_0276,"['An older man with a beard and sweater stands in a room with machines.', 'A close up of a building and some tall grass.', 'A row of propane tanks lined up in a hallway.']",171,34,0.772452,20.077042,0.694222,0.190354,19.917923,0.795710,0.170417,20.086104,0.786285,0.174705,19.706551,0.700104,0.189141,19.933284,0.699437,0.183955,19.629148,0.700775,0.191628,19.577446,0.699076,0.191717,-0.159119,0.101488,-0.019937,0.009062,0.092063,-0.015649,-0.370492,0.005883,-0.001213,-0.143758,0.005216,-0.006399,-0.447894,0.006554,0.001275,-0.499596,0.004854,0.001363
panda_0277,"['A close up of a metal railing in a building.', 'A room full of metal containers in a factory.', 'A person cutting yarn with a pair of scissors.']",147,28,0.206474,9.731828,0.652611,0.581730,9.676364,0.651334,0.585205,9.764661,0.655979,0.580973,9.665433,0.647888,0.585628,9.632586,0.650305,0.584220,9.716830,0.652483,0.580387,9.706084,0.651609,0.582148,-0.055465,-0.001276,0.003476,0.032833,0.003369,-0.000757,-0.066396,-0.004723,0.003899,-0.099242,-0.002306,0.002490,-0.014999,-0.000128,-0.001342,-0.025745,-0.001002,0.000419
panda_0278,"['There is a basketball game being played in a stadium, and the players are wearing different colored jerseys.', 'There is a basketball game being played in a stadium, and the players are wearing red and white uniforms.', 'A basketball game is being played in a gym, with players wearing red and white uniforms.']",313,53,2.741555,18.261755,0.598046,0.488721,17.558723,0.586565,0.499247,17.171604,0.569567,0.516773,17.907142,0.588026,0.498178,17.855321,0.582294,0.505675,17.949380,0.592476,0.496381,17.928614,0.597928,0.500516,-0.703032,-0.011481,0.010526,-1.090150,-0.028479,0.028052,-0.354612,-0.010020,0.009457,-0.406433,-0.015752,0.016953,-0.312374,-0.005570,0.007660,-0.333140,-0.000118,0.011795
panda_0279,"['An image of a tiger with the words tigerfitness com.', 'A man is standing in front of a kitchen counter with a watch on his wrist, he is wearing a black t-shirt and has short hair.', 'The tiger fitness logo and social media icons are displayed on a red background.']",268,50,7.905949,8.115142,0.284382,0.588811,8.020547,0.297520,0.556307,8.049907,0.300164,0.575753,8.179560,0.281325,0.619955,8.118153,0.285604,0.618246,8.036966,0.284357,0.587058,8.142426,0.284506,0.588614,-0.094594,0.013138,-0.032504,-0.065234,0.015782,-0.013058,0.064419,-0.003057,0.031144,0.003012,0.001222,0.029435,-0.078176,-0.000025,-0.001753,0.027285,0.000124,-0.000197
panda_0280,"['A breaking news banner is being displayed on a tv screen.', 'A news anchor standing in front of a tv screen.', 'A car accident occurred on a dark road at night, and there are several emergency vehicles present.']",214,38,2.061483,16.467330,0.666794,0.335557,16.440868,0.665743,0.335307,16.449058,0.665926,0.335373,16.453127,0.666226,0.335849,16.484855,0.667079,0.335438,16.475372,0.666873,0.335590,16.440717,0.665910,0.335953,-0.026462,-0.001051,-0.000250,-0.018272,-0.000868,-0.000184,-0.014203,-0.000568,0.000292,0.017525,0.000284,-0.000119,0.008042,0.000078,0.000033,-0.026613,-0.000885,0.000396
panda_0281,"['A person holding a gun in a video game.', 'A person holding a gun in a video game.', 'The player is playing a first-person shooter game and shooting at an enemy with a gun.']",176,34,24.764410,21.953668,0.823313,0.190794,21.275229,0.812455,0.207227,21.172329,0.808993,0.205304,21.987006,0.806042,0.201154,21.939409,0.820096,0.189723,21.990184,0.820057,0.192241,22.082585,0.820771,0.189838,-0.678439,-0.010858,0.016433,-0.781339,-0.014320,0.014510,0.033338,-0.017271,0.010360,-0.014259,-0.003217,-0.001071,0.036517,-0.003256,0.001447,0.128917,-0.002542,-0.000956
panda_0282,"['A view of an office building through a glass door.', 'Three paintings hanging on a wall next to each other.', 'A blurry picture of people sitting on the ground.']",164,29,0.104799,25.850571,0.878479,0.115772,25.838365,0.878437,0.114899,25.830310,0.877415,0.116212,25.882397,0.878093,0.116699,25.885611,0.877891,0.116924,25.885247,0.878522,0.115999,25.880101,0.878774,0.115643,-0.012207,-0.000042,-0.000874,-0.020261,-0.001064,0.000440,0.031826,-0.000386,0.000927,0.035039,-0.000588,0.001152,0.034676,0.000042,0.000227,0.029530,0.000294,-0.000129
panda_0283,"['A person holding an iphone in their hand.', 'A person is holding a cellphone with a text message on the screen.', 'A close up of a cell phone screen.']",153,29,0.573081,23.195057,0.814347,0.332196,23.057800,0.796592,0.349225,23.035457,0.799369,0.345416,23.066911,0.803014,0.341567,23.121330,0.807139,0.337440,23.359133,0.810158,0.326713,23.187570,0.813862,0.331939,-0.137257,-0.017755,0.017029,-0.159600,-0.014978,0.013220,-0.128146,-0.011334,0.009371,-0.073727,-0.007208,0.005245,0.164076,-0.004189,-0.005483,-0.007487,-0.000485,-0.000257
panda_0284,"['A colorful background with text on a geometric background.', 'A young woman with long blonde hair is wearing a yellow dress and talking to the camera.', 'The person is wearing a yellow dress and has long blonde hair.']",220,38,0.787799,32.123961,0.966029,0.095662,32.152707,0.965921,0.092007,32.258719,0.966130,0.090950,32.004130,0.965233,0.097545,32.070998,0.965752,0.095952,32.275572,0.966980,0.092656,32.199179,0.966302,0.094650,0.028745,-0.000108,-0.003655,0.134757,0.000101,-0.004712,-0.119831,-0.000796,0.001883,-0.052963,-0.000277,0.000290,0.151611,0.000951,-0.003006,0.075217,0.000273,-0.001012
panda_0285,"['A close up of two packages of food on a table.', 'A pan filled with something on top of a table.', 'A casserole dish filled with food on a table.']",149,30,0.730346,16.456200,0.627572,0.353737,16.485932,0.628705,0.352356,16.468071,0.628292,0.352911,16.453765,0.627628,0.353544,16.459430,0.627469,0.353411,16.451043,0.627469,0.353912,16.460577,0.627814,0.353382,0.029732,0.001133,-0.001381,0.011871,0.000720,-0.000825,-0.002434,0.000055,-0.000193,0.003231,-0.000103,-0.000325,-0.005157,-0.000103,0.000175,0.004377,0.000241,-0.000354
panda_0286,"['A person in a blue glove is working on a pipe.', ""A car's exhaust pipe is emitting smoke."", 'A view of the underside of a truck with smoke coming out of it.']",160,32,0.252145,19.105788,0.702570,0.230346,19.048815,0.701630,0.229284,19.093186,0.702594,0.228892,19.101756,0.699455,0.233068,19.125450,0.700770,0.231963,19.101818,0.701205,0.231960,19.128193,0.702128,0.230785,-0.056973,-0.000939,-0.001062,-0.012602,0.000024,-0.001454,-0.004032,-0.003114,0.002723,0.019662,-0.001799,0.001617,-0.003970,-0.001365,0.001614,0.022405,-0.000442,0.000439
panda_0287,"['An essay with the words thesis statement.', 'A page of a paper with the title of the document highlighted.', 'A blue background with the words, questions to consider when writing your thesis statement.']",205,33,0.116821,8.303429,0.311551,0.601951,11.691125,0.380435,0.507651,11.937849,0.384524,0.504893,8.412779,0.321543,0.580754,8.304324,0.306725,0.583520,8.317578,0.309468,0.596299,8.619867,0.325230,0.577681,3.387695,0.068884,-0.094300,3.634419,0.072973,-0.097058,0.109350,0.009992,-0.021197,0.000895,-0.004825,-0.018431,0.014149,-0.002083,-0.005652,0.316437,0.013679,-0.024270
panda_0288,"['A pink and white house with a porch and stairs.', 'A large victorian style house on a green lawn.', 'There is a cozy living room with a bookshelf, armchair, and table lamp.']",176,32,6.562064,14.201716,0.661226,0.345222,14.214839,0.661362,0.341512,14.223920,0.660961,0.344995,14.207689,0.660739,0.345376,14.210845,0.661364,0.345368,14.200523,0.660863,0.344930,14.207125,0.661315,0.345124,0.013123,0.000136,-0.003710,0.022204,-0.000265,-0.000227,0.005972,-0.000487,0.000154,0.009129,0.000138,0.000146,-0.001193,-0.000363,-0.000292,0.005409,0.000090,-0.000098
panda_0289,"['There is a man wearing a black shirt and a baseball cap in a garage.', 'A man is standing in front of a red car with the hood open in a garage.', 'There is a close-up view of the engine of a red sports car.']",210,45,0.053018,11.086417,0.493628,0.628172,11.167210,0.494227,0.625646,11.155964,0.493384,0.630289,11.086598,0.494381,0.627931,11.108014,0.494613,0.625963,11.156031,0.495456,0.628153,11.148268,0.495057,0.627422,0.080793,0.000599,-0.002526,0.069547,-0.000244,0.002117,0.000181,0.000754,-0.000241,0.021598,0.000985,-0.002208,0.069614,0.001829,-0.000019,0.061851,0.001429,-0.000750
panda_0290,"['A shelf filled with chainsaws and other tools.', 'A close up of an old piece of machinery.', 'A close up of a metal object with a hole in it.']",145,29,0.703314,22.269539,0.613643,0.184083,22.377308,0.615201,0.181026,22.386528,0.614937,0.181191,22.268749,0.613371,0.184304,22.266067,0.613500,0.184397,22.295155,0.614010,0.183311,22.304930,0.614427,0.183471,0.107768,0.001558,-0.003056,0.116989,0.001294,-0.002892,-0.000790,-0.000272,0.000222,-0.003473,-0.000143,0.000315,0.025616,0.000367,-0.000771,0.035391,0.000784,-0.000611
panda_0291,"['A person is fixing something in a metal tray.', 'A green dirt bike parked next to a yellow car.', 'A person in blue gloves is working on something.']",151,28,0.250660,18.271074,0.585089,0.252540,18.469898,0.584547,0.251281,18.267790,0.588757,0.252970,17.950077,0.586104,0.253363,18.264562,0.585730,0.251020,18.230692,0.584582,0.253633,18.240011,0.583915,0.255104,0.198824,-0.000542,-0.001259,-0.003284,0.003668,0.000430,-0.320997,0.001014,0.000823,-0.006511,0.000641,-0.001521,-0.040382,-0.000507,0.001092,-0.031063,-0.001174,0.002564
panda_0292,"['A hunter is aiming and shooting at a target from a tree stand.', 'A man is using a chainsaw in the forest.', 'A young man is standing in front of a wooden fence, wearing a black shirt and a baseball cap.']",207,41,1.884241,22.372468,0.565010,0.151350,22.400689,0.563649,0.151127,22.374300,0.564036,0.150417,22.360180,0.563613,0.151917,22.349075,0.565034,0.152092,22.363291,0.565303,0.151653,22.367070,0.565633,0.152049,0.028221,-0.001361,-0.000223,0.001832,-0.000974,-0.000933,-0.012287,-0.001397,0.000567,-0.023392,0.000024,0.000742,-0.009177,0.000292,0.000303,-0.005398,0.000623,0.000699
panda_0293,"['Three men standing next to each other on a track.', 'A white chevrolet muscle car is driving on a race track with smoke coming out of its rear wheels.', 'The engine block of a car in a garage.']",196,38,1.338297,14.363059,0.432330,0.338590,14.318032,0.432153,0.345772,14.311437,0.431348,0.341961,14.295356,0.429552,0.341672,14.371903,0.432363,0.337283,14.342889,0.431554,0.339905,14.381286,0.433718,0.335605,-0.045026,-0.000177,0.007182,-0.051622,-0.000982,0.003371,-0.067703,-0.002778,0.003083,0.008844,0.000033,-0.001306,-0.020170,-0.000776,0.001315,0.018227,0.001388,-0.002985
panda_0294,"['A bottle of olive oil with other ingredients in the background.', 'A close up view of a wooden floor.', 'A close up view of a wooden floor.']",143,27,0.125099,11.013347,0.448240,0.484120,10.902278,0.444859,0.485205,10.960018,0.442135,0.490938,10.987625,0.445682,0.487647,11.090989,0.440926,0.488602,10.913500,0.433586,0.485561,11.018824,0.438577,0.478343,-0.111069,-0.003382,0.001084,-0.053329,-0.006105,0.006818,-0.025723,-0.002559,0.003527,0.077642,-0.007315,0.004482,-0.099847,-0.014654,0.001441,0.005477,-0.009664,-0.005777
panda_0295,"['A close up of a piece of paper with numbers on it.', 'A laptop computer with a screen that says i want answers.', 'A truck driving through a toll booth on a highway.']",169,33,0.910862,8.181121,0.539018,0.482371,8.225161,0.541431,0.489096,8.198930,0.538571,0.483523,8.122348,0.539420,0.488486,8.168932,0.540096,0.483097,8.165241,0.538362,0.485748,8.142086,0.541841,0.488189,0.044040,0.002413,0.006725,0.017809,-0.000447,0.001152,-0.058772,0.000402,0.006115,-0.012189,0.001078,0.000726,-0.015880,-0.000656,0.003377,-0.039035,0.002823,0.005818
panda_0296,"['A person is putting a light on a lamp on a table.', 'It is a handmade lamp with an ice birch veneer lampshade that is illuminated by warm light around it.', 'A red lamp sitting on a table in a dimly lit room.']",212,43,7.131535,18.229961,0.768961,0.261738,18.231572,0.769378,0.262549,18.074066,0.761666,0.266252,18.129533,0.767593,0.265090,18.160532,0.765896,0.263782,18.299274,0.769116,0.260752,18.225972,0.769203,0.261326,0.001611,0.000418,0.000811,-0.155895,-0.007295,0.004514,-0.100428,-0.001368,0.003352,-0.069429,-0.003065,0.002043,0.069313,0.000155,-0.000987,-0.003989,0.000242,-0.000412
panda_0297,"['There is a red antique car with headlights on display.', 'Two men working on an antique car in a garage.', 'A horse-drawn carriage drives past a pub in the countryside.']",172,30,0.982594,12.591119,0.381734,0.548998,13.065800,0.389293,0.541651,12.791308,0.385990,0.545695,12.712416,0.380366,0.547929,12.938038,0.382710,0.544136,12.611258,0.381960,0.548803,12.645898,0.382554,0.548656,0.474681,0.007559,-0.007347,0.200190,0.004256,-0.003304,0.121297,-0.001368,-0.001070,0.346919,0.000976,-0.004863,0.020140,0.000226,-0.000196,0.054780,0.000820,-0.000343
panda_0298,"['A person in white gloves is working on a plant.', 'A person is repotting a tall dendrobium orchid.', 'It is a collage of pictures of different flowers and plants.']",166,29,0.976944,16.797692,0.713549,0.283331,16.772015,0.710081,0.288483,16.747611,0.707585,0.291899,16.814187,0.711452,0.286247,16.796424,0.710475,0.288600,17.051036,0.715852,0.281143,17.057528,0.717681,0.280803,-0.025677,-0.003468,0.005152,-0.050081,-0.005964,0.008568,0.016496,-0.002097,0.002916,-0.001268,-0.003074,0.005269,0.253344,0.002303,-0.002188,0.259837,0.004132,-0.002528
panda_0299,"['A computer screen with a video game on it.', 'A video game screen showing a large number of fireballs.', 'The game logo on a grungy background.']",147,26,1.095679,23.453627,0.838548,0.098040,23.481045,0.836664,0.099219,23.495020,0.837103,0.098200,23.497473,0.837373,0.099003,23.482642,0.838558,0.097840,23.460930,0.838384,0.099397,23.447691,0.838785,0.098925,0.027418,-0.001883,0.001179,0.041392,-0.001444,0.000160,0.043845,-0.001175,0.000963,0.029015,0.000010,-0.000200,0.007302,-0.000164,0.001357,-0.005937,0.000238,0.000885
panda_0300,"['A person holding a makeup palette with a heart on it.', 'A woman using a brush to apply makeup to her eyes.', 'A young woman is applying makeup on her face while standing in the woods.']",188,36,0.040051,10.508721,0.276827,0.703723,10.320167,0.239276,0.723823,10.351760,0.238885,0.719238,10.328944,0.255295,0.719002,10.544033,0.275711,0.702183,10.542561,0.279445,0.702146,10.505075,0.277000,0.701243,-0.188554,-0.037550,0.020099,-0.156962,-0.037942,0.015514,-0.179778,-0.021531,0.015279,0.035311,-0.001115,-0.001540,0.033839,0.002619,-0.001577,-0.003647,0.000174,-0.002480
panda_0301,"['A cartoon drawing of a baby in a blue shirt.', 'A raspberry falls into milk and splashes around.', 'An older man in a hawaiian shirt talking into a microphone.']",163,29,0.076710,21.348911,0.826617,0.133665,21.363571,0.824369,0.131898,21.458371,0.830790,0.129732,21.352666,0.824700,0.131147,21.359081,0.823937,0.131534,21.306332,0.824714,0.131788,21.398628,0.827166,0.132632,0.014659,-0.002249,-0.001767,0.109460,0.004173,-0.003933,0.003755,-0.001918,-0.002518,0.010169,-0.002680,-0.002132,-0.042580,-0.001903,-0.001878,0.049717,0.000548,-0.001034
panda_0302,"['The screen of a smartphone in hindi.', 'A mobile phone with a message in hindi.', 'The text ""subscribe thanks for watching"" is written in red on a blue background.']",167,29,4.090829,33.836202,0.968596,0.053837,38.366029,0.981356,0.052167,38.441857,0.981146,0.054562,33.670098,0.967869,0.055097,33.586141,0.967298,0.058774,33.550178,0.967377,0.058138,33.600373,0.967838,0.058797,4.529827,0.012760,-0.001671,4.605655,0.012549,0.000725,-0.166103,-0.000727,0.001259,-0.250060,-0.001299,0.004936,-0.286024,-0.001219,0.004300,-0.235829,-0.000758,0.004960
panda_0303,"['The person is playing a video game in which they use a gun to shoot at people in a jungle.', 'The player is looking through a scope at a deer in a grassy field.', 'A screenshot from a video game showing a person riding a motorcycle.']",236,46,3.347882,10.149270,0.395879,0.702044,9.942570,0.388055,0.715149,9.975859,0.391775,0.711705,10.106827,0.392240,0.704925,10.146916,0.394278,0.700807,10.099727,0.394215,0.706047,10.131763,0.395060,0.705418,-0.206700,-0.007825,0.013105,-0.173411,-0.004104,0.009661,-0.042442,-0.003640,0.002881,-0.002354,-0.001601,-0.001237,-0.049543,-0.001664,0.004003,-0.017506,-0.000820,0.003374
panda_0304,"['There is a black jeep parked in a white room with a door.', 'There is a room with white walls and a window on one side, there are some tools and equipment in the corner of the room.', 'A red jeep is parked in a room with a shiny floor, and the reflection of the jeep can be seen on the floor.']",296,62,0.322298,7.765538,0.201631,0.863220,7.036837,0.219500,0.863275,6.977582,0.219376,0.860183,7.916323,0.197699,0.863316,7.399095,0.198107,0.875641,7.986829,0.195507,0.865693,8.050601,0.196801,0.865197,-0.728700,0.017869,0.000055,-0.787956,0.017745,-0.003038,0.150785,-0.003932,0.000095,-0.366443,-0.003524,0.012421,0.221291,-0.006124,0.002473,0.285063,-0.004831,0.001977
panda_0305,"['An advertisement for a watch repair shop with pictures of different types of watches.', 'There is a table with various tools and watches on it. the tools include scissors, pliers, and a knife.', 'A close up of a metal object with holes in it.']",246,44,0.210912,22.956672,0.868722,0.129407,23.039906,0.870273,0.127323,22.956693,0.869376,0.128660,22.960840,0.868530,0.129885,22.969978,0.869233,0.129209,22.926259,0.868479,0.129865,22.964279,0.868325,0.129648,0.083234,0.001551,-0.002084,0.000021,0.000654,-0.000747,0.004168,-0.000191,0.000478,0.013306,0.000512,-0.000197,-0.030413,-0.000242,0.000459,0.007607,-0.000397,0.000241
panda_0306,"['Penguins are standing on the beach and some of them are preening their feathers.', 'A small hut with penguins and a snowy mountain in the background.', 'Two seals with their mouths open in front of a mountain.']",213,37,0.116956,23.882204,0.863528,0.107394,23.865604,0.862916,0.107462,23.852863,0.862966,0.107393,23.882019,0.862606,0.107134,23.869515,0.862906,0.107539,23.876227,0.863103,0.107284,23.891260,0.863668,0.106869,-0.016599,-0.000612,0.000067,-0.029340,-0.000563,-0.000002,-0.000184,-0.000922,-0.000260,-0.012689,-0.000622,0.000144,-0.005976,-0.000426,-0.000110,0.009057,0.000139,-0.000525
panda_0307,"['An orangutan holding a pink object in its mouth.', 'A couple of orangutans playing on a metal structure.', 'An orangutan is holding onto a rope or cable with trees in the background.']",186,32,0.131569,9.112074,0.243913,0.649169,9.391373,0.241747,0.643763,9.061743,0.253696,0.623960,9.054882,0.243493,0.650414,9.032261,0.243796,0.651949,9.049904,0.240610,0.651109,9.008654,0.241787,0.646122,0.279300,-0.002165,-0.005407,-0.050330,0.009783,-0.025209,-0.057192,-0.000420,0.001244,-0.079813,-0.000117,0.002780,-0.062170,-0.003302,0.001940,-0.103419,-0.002126,-0.003047
panda_0308,"['A man is walking in a garden and examining a lemon tree.', 'A man painting a tree with white paint.', 'A man is kneeling in front of a lemon tree in a garden and pointing at the tree with his hand.']",201,41,0.665132,22.130816,0.552044,0.167093,22.828531,0.553651,0.148533,22.809383,0.555754,0.149107,22.615603,0.555447,0.149726,21.157338,0.549189,0.178700,21.310284,0.550182,0.178238,21.295348,0.551733,0.177999,0.697715,0.001607,-0.018559,0.678567,0.003711,-0.017986,0.484787,0.003404,-0.017367,-0.973478,-0.002854,0.011607,-0.820532,-0.001861,0.011145,-0.835468,-0.000311,0.010906
panda_0309,"['Person tremblay is sitting at a desk with his hands covering his face, he is wearing a suit and tie.', 'A young boy with spiky hair standing next to a mannequin.', 'A man in a suit sitting on a blue chair.']",209,41,2.447390,22.366286,0.723649,0.124753,22.411096,0.728904,0.124072,22.353887,0.723311,0.125097,22.386818,0.724792,0.124761,22.365615,0.723694,0.124820,22.357716,0.722769,0.125159,22.369454,0.723754,0.124799,0.044810,0.005255,-0.000681,-0.012399,-0.000338,0.000345,0.020532,0.001143,0.000008,-0.000670,0.000045,0.000067,-0.008569,-0.000880,0.000406,0.003169,0.000105,0.000046
panda_0310,"['The us pipe logo on a white background.', 'A close up of a black pipe.', 'A pair of black pipes with an arrow pointing to the bottom of the pipe.']",149,30,2.730109,22.378335,0.952494,0.037370,22.291460,0.951977,0.037815,22.351121,0.952252,0.037707,22.376782,0.952400,0.037486,22.377765,0.952399,0.037511,22.383247,0.952539,0.037454,22.373213,0.952481,0.037451,-0.086875,-0.000517,0.000444,-0.027213,-0.000242,0.000336,-0.001552,-0.000094,0.000115,-0.000570,-0.000095,0.000141,0.004912,0.000045,0.000083,-0.005121,-0.000013,0.000081
panda_0311,"['A computer screen showing a list of items.', 'A computer screen showing a login page.', 'A computer screen showing a web page.']",130,22,0.171059,6.581445,0.285413,0.820720,6.014202,0.270585,0.828161,6.193137,0.273445,0.826991,6.588993,0.294211,0.821033,6.589327,0.283565,0.819841,6.596374,0.294460,0.821203,6.609729,0.287181,0.823169,-0.567244,-0.014828,0.007441,-0.388308,-0.011968,0.006271,0.007548,0.008798,0.000313,0.007882,-0.001848,-0.000879,0.014929,0.009047,0.000482,0.028284,0.001768,0.002449
panda_0312,"['A man is standing next to an armored vehicle in a workshop.', 'A mechanic is cleaning a spigot bearing and checking all the springs in a warehouse.', 'A black and white photo of a man standing next to a tank.']",212,40,4.003368,12.699620,0.552332,0.388443,13.303564,0.573517,0.367922,12.272201,0.577155,0.372808,13.841741,0.567721,0.363600,12.239096,0.552356,0.387925,12.656568,0.547711,0.387434,13.728190,0.555981,0.384464,0.603944,0.021184,-0.020521,-0.427419,0.024822,-0.015635,1.142121,0.015388,-0.024842,-0.460525,0.000023,-0.000518,-0.043052,-0.004621,-0.001009,1.028569,0.003648,-0.003979
panda_0313,"['A man is sitting in a car holding a plate of food for lunch.', 'A man is sitting in a car and eating food with chopsticks.', 'A man in a car eating with chopsticks.']",168,34,0.163878,16.461485,0.630678,0.366912,16.602419,0.634935,0.354842,16.515492,0.633540,0.357339,16.460394,0.630493,0.369290,16.386913,0.630517,0.371733,16.476089,0.631411,0.365861,16.452344,0.629755,0.367465,0.140934,0.004257,-0.012071,0.054008,0.002862,-0.009573,-0.001091,-0.000185,0.002378,-0.074572,-0.000161,0.004821,0.014604,0.000733,-0.001051,-0.009141,-0.000923,0.000553
panda_0314,"['A green ford mustang parked in front of a building.', 'A camaro z28 d30 engine with a red background.', 'The logo for rated red on a wooden wall.']",149,28,5.921209,23.470256,0.861776,0.045413,23.564137,0.863298,0.044060,23.500273,0.859180,0.046571,23.034224,0.856255,0.048094,22.829573,0.857840,0.048171,22.921943,0.857358,0.047295,23.059017,0.859330,0.046167,0.093881,0.001522,-0.001352,0.030017,-0.002597,0.001158,-0.436032,-0.005522,0.002681,-0.640683,-0.003936,0.002758,-0.548313,-0.004418,0.001883,-0.411239,-0.002446,0.000754
panda_0315,"['A man in a red hat and a blue shirt working on a bale of hay.', 'A house under construction with wooden walls and roof.', 'A large stack of hay in a warehouse.']",163,33,0.861594,14.270298,0.519947,0.318398,14.276331,0.520347,0.319367,14.285223,0.522107,0.317875,14.289726,0.520717,0.317730,14.295205,0.520664,0.317668,14.267675,0.519233,0.318408,14.273104,0.519430,0.318357,0.006034,0.000399,0.000969,0.014925,0.002160,-0.000523,0.019429,0.000769,-0.000668,0.024908,0.000717,-0.000730,-0.002623,-0.000714,0.000011,0.002806,-0.000518,-0.000041
panda_0316,"['A man with dreadlocks is sitting on a couch and talking to the camera.', 'A group of dallas cowboys football players on the field.', 'A group of football players playing a game on a field.']",192,35,5.968240,28.633463,0.913104,0.040514,28.625067,0.912977,0.040753,28.675487,0.913438,0.040076,28.623156,0.912907,0.040694,28.625134,0.912924,0.040706,28.618450,0.912965,0.040618,28.627759,0.913077,0.040529,-0.008396,-0.000127,0.000238,0.042024,0.000334,-0.000439,-0.010307,-0.000197,0.000180,-0.008329,-0.000180,0.000192,-0.015013,-0.000139,0.000104,-0.005704,-0.000028,0.000015
panda_0317,"['There is a branch of a tree with no leaves in the foreground, and the background is blurry.', 'A close up of a twig sticking out of the ground.', 'Some small berries are on a dry branch of a tree.']",200,40,0.871227,15.836033,0.360836,0.318763,15.627846,0.356773,0.323377,15.615331,0.355743,0.323785,15.801730,0.360250,0.319573,15.791058,0.360182,0.320132,15.868086,0.362598,0.316849,15.822630,0.361165,0.319605,-0.208187,-0.004063,0.004614,-0.220702,-0.005093,0.005023,-0.034303,-0.000586,0.000811,-0.044975,-0.000654,0.001369,0.032053,0.001761,-0.001913,-0.013403,0.000328,0.000843
panda_0318,"['A piece of food sitting on a table next to a container.', 'The entrance to a restaurant with a sign above it.', 'A man sitting at a desk with a headset on.']",159,32,0.063005,13.967922,0.762785,0.229241,13.922797,0.766561,0.216672,13.893370,0.763670,0.217326,13.755950,0.752376,0.232686,13.895524,0.755108,0.231605,13.777998,0.766015,0.226860,13.844863,0.761694,0.230370,-0.045125,0.003776,-0.012569,-0.074552,0.000885,-0.011915,-0.211972,-0.010409,0.003445,-0.072398,-0.007677,0.002364,-0.189924,0.003230,-0.002381,-0.123059,-0.001092,0.001129
panda_0319,"['An illustration of a purple octopus sitting in a chair.', 'The text ""be sure to comment"" is written on a blue background with rays of light shining through it.', 'A photo of a text that says contact through social media.']",224,40,0.075986,30.995557,0.943879,0.024663,29.644450,0.930188,0.033516,30.815948,0.942271,0.026001,29.955782,0.933691,0.030516,29.968915,0.933793,0.030561,30.919988,0.943274,0.025020,30.577548,0.940248,0.027388,-1.351107,-0.013690,0.008852,-0.179609,-0.001608,0.001338,-1.039775,-0.010188,0.005853,-1.026642,-0.010086,0.005898,-0.075569,-0.000604,0.000356,-0.418009,-0.003631,0.002724
panda_0320,"['The person is wearing camouflage gear and holding a rifle, with trees and bushes in the background.', 'A fallen tree in the middle of a forest.', 'A person dressed in camouflage is walking through the forest and shooting with a rifle.']",238,41,2.500192,13.225930,0.435931,0.442247,13.132797,0.434760,0.438147,13.094282,0.435433,0.437147,13.228235,0.435187,0.441635,13.213172,0.434783,0.443629,13.231153,0.434894,0.443727,13.212270,0.434623,0.442374,-0.093133,-0.001171,-0.004101,-0.131648,-0.000498,-0.005100,0.002305,-0.000744,-0.000613,-0.012758,-0.001148,0.001382,0.005223,-0.001037,0.001479,-0.013660,-0.001308,0.000127
panda_0321,"['A picture of a spoon of dark chocolate with the words benefits of dark chocolate.', 'A plate of dark chocolate with a spoon on it.', 'The aging journey website with an arrow pointing to a fruit.']",198,36,0.126144,7.995470,0.642070,0.473549,7.832149,0.638847,0.475167,7.686749,0.613383,0.481847,7.997419,0.643977,0.470090,7.899219,0.638295,0.472736,7.831146,0.638143,0.473922,7.820532,0.641044,0.468241,-0.163321,-0.003224,0.001618,-0.308721,-0.028688,0.008297,0.001948,0.001906,-0.003459,-0.096251,-0.003775,-0.000813,-0.164324,-0.003927,0.000373,-0.174939,-0.001026,-0.005308
panda_0322,"['A view of an airplane cockpit at night.', 'A close up of the inside of a computer.', 'A video game view of a truck driving down a road.']",139,28,0.156499,10.543631,0.284525,0.710911,9.839946,0.263972,0.742641,10.169923,0.265979,0.730616,10.411889,0.273858,0.719858,10.416082,0.280157,0.714490,10.406270,0.291774,0.710793,10.354488,0.284613,0.724948,-0.703686,-0.020554,0.031730,-0.373708,-0.018547,0.019705,-0.131742,-0.010668,0.008947,-0.127549,-0.004368,0.003579,-0.137361,0.007249,-0.000118,-0.189144,0.000087,0.014037
panda_0323,"['There is a measuring cup filled with brown liquid on a white countertop.', 'Three lollipops in a glass with a white background.', 'There are several red lollipops in a clear glass vase on top of a white surface.']",215,38,0.067151,37.599494,0.968952,0.007169,37.912634,0.969045,0.006624,37.771176,0.968902,0.006900,37.681010,0.967370,0.007051,37.671501,0.967559,0.007020,37.782932,0.969291,0.006894,37.705672,0.969093,0.006995,0.313141,0.000093,-0.000545,0.171682,-0.000050,-0.000269,0.081516,-0.001582,-0.000118,0.072008,-0.001393,-0.000149,0.183438,0.000339,-0.000275,0.106178,0.000142,-0.000174
panda_0324,"['A man is standing in front of a blue car with the word ""honda"" on the license plate.', 'A close up of the rear end of a blue car.', ""A man is standing next to a blue car and talking about the car's features.""]",211,44,13.925615,13.016546,0.581845,0.264303,13.071068,0.584447,0.263927,13.057300,0.584073,0.264120,13.040788,0.579609,0.277220,13.071630,0.580776,0.276572,13.004730,0.581305,0.265084,12.995248,0.581089,0.265005,0.054521,0.002602,-0.000376,0.040754,0.002228,-0.000183,0.024242,-0.002236,0.012917,0.055083,-0.001069,0.012269,-0.011817,-0.000540,0.000781,-0.021298,-0.000756,0.000702
panda_0325,"['An aerial view of a lake surrounded by mountains.', 'It is raining and there are some small, round objects on the ground that appear to be made of a gelatinous substance.', 'A man is looking through a microscope at white blood cells, but they do not contain nuclei.']",269,48,0.198621,23.616277,0.926958,0.046205,23.660580,0.925715,0.046087,23.574385,0.924856,0.046718,23.644170,0.925606,0.046271,23.628604,0.925997,0.046274,23.642096,0.927216,0.045998,23.603267,0.926975,0.046206,0.044303,-0.001243,-0.000118,-0.041892,-0.002102,0.000513,0.027893,-0.001352,0.000065,0.012327,-0.000961,0.000069,0.025819,0.000258,-0.000208,-0.013010,0.000017,0.000000
panda_0326,"['There is a bowl of red berries on a kitchen counter, and a person is pouring water into the bowl.', 'A red liquid is being heated in a pot on a stove.', 'There is a bowl of pink liquid with a wooden spoon in it on top of a stove.']",233,50,0.113663,17.831663,0.821499,0.263412,17.718089,0.814229,0.269592,17.746832,0.815532,0.268647,17.801763,0.820106,0.264668,17.818997,0.821328,0.263384,17.822524,0.822099,0.263469,17.868495,0.822178,0.262707,-0.113574,-0.007270,0.006180,-0.084831,-0.005967,0.005235,-0.029900,-0.001393,0.001256,-0.012666,-0.000171,-0.000028,-0.009139,0.000600,0.000057,0.036832,0.000679,-0.000705
panda_0327,"['A person holding a hose with water coming out of it.', 'A tree is spewing water at night in a forest.', 'A floodplain with two trees and the word floodplain.']",161,30,0.961270,9.006407,0.416142,0.621393,9.569443,0.409110,0.615376,8.725753,0.408344,0.631650,9.010187,0.408824,0.623736,9.175428,0.408488,0.625338,9.818809,0.400927,0.614119,9.412836,0.383551,0.637206,0.563036,-0.007032,-0.006017,-0.280654,-0.007797,0.010257,0.003780,-0.007318,0.002343,0.169021,-0.007654,0.003945,0.812402,-0.015214,-0.007274,0.406429,-0.032591,0.015813
panda_0328,"['There is a person standing in front of a counter with various fruits and vegetables displayed on it.', 'A close up of a drink with a straw in it.', 'A poster with the words street food street life travel.']",208,39,2.130473,19.118626,0.702951,0.337899,19.108790,0.703599,0.336113,19.087786,0.702926,0.337037,19.108414,0.705355,0.333269,19.148519,0.703409,0.337003,19.119688,0.702600,0.337728,19.117212,0.702577,0.337839,-0.009835,0.000648,-0.001786,-0.030840,-0.000024,-0.000862,-0.010211,0.002404,-0.004631,0.029893,0.000459,-0.000896,0.001062,-0.000350,-0.000172,-0.001414,-0.000374,-0.000061
panda_0329,"['A small white car driving down a curvy road.', 'A car is driving on a winding road surrounded by trees.', 'A man in a green shirt driving a car.']",148,29,1.407220,20.519733,0.896784,0.155097,20.349754,0.891856,0.153164,20.430039,0.894943,0.154283,20.473822,0.890536,0.173441,20.460976,0.889967,0.176432,20.452829,0.892656,0.165567,20.409751,0.891569,0.171243,-0.169979,-0.004928,-0.001933,-0.089693,-0.001840,-0.000814,-0.045911,-0.006247,0.018344,-0.058757,-0.006817,0.021335,-0.066904,-0.004128,0.010470,-0.109981,-0.005215,0.016146
panda_0330,"['A man is sitting in a hangar next to an old airplane.', 'A man standing next to a volkswagen car with its hood open.', 'A close up of a rolls royce emblem on a car.']",168,35,3.118293,21.609258,0.828773,0.066160,21.764440,0.832449,0.064169,21.740107,0.831921,0.064374,21.614826,0.828694,0.066182,21.613621,0.828575,0.066302,21.585874,0.828359,0.066420,21.589901,0.828515,0.066359,0.155182,0.003676,-0.001990,0.130849,0.003148,-0.001786,0.005568,-0.000079,0.000022,0.004363,-0.000198,0.000142,-0.023383,-0.000415,0.000260,-0.019357,-0.000259,0.000199
panda_0331,"['A person stirs onions in a wok on a stove.', 'A person is cooking a dish in a wok, stirring the ingredients with chopsticks, and adding various ingredients such as shrimp, mushrooms, onions, and garlic.', 'A person is cooking a bowl of soup with seafood and shrimp in a pan.']",278,50,18.791113,6.564277,0.477320,0.686794,6.280450,0.458475,0.707811,6.358895,0.464446,0.692572,6.474535,0.473314,0.687821,6.400645,0.468180,0.690432,6.745132,0.491448,0.687336,6.551482,0.475110,0.686993,-0.283827,-0.018845,0.021017,-0.205382,-0.012874,0.005778,-0.089742,-0.004006,0.001027,-0.163632,-0.009139,0.003638,0.180855,0.014128,0.000542,-0.012794,-0.002210,0.000199
panda_0332,"['A little girl is playing with toys in her room.', ""A child's toys are placed in a pink plastic container."", ""There is a child's bedroom with a pink carpet and white walls. there are toys scattered on the floor, including a dollhouse, blocks, and a stuffed animal.""]",267,47,1.169925,20.270885,0.769544,0.214268,20.508776,0.779082,0.197866,20.593632,0.780569,0.194930,20.243098,0.767833,0.217686,20.255856,0.767668,0.217257,20.236121,0.767606,0.217525,20.395879,0.769120,0.216533,0.237891,0.009538,-0.016401,0.322747,0.011026,-0.019338,-0.027786,-0.001711,0.003418,-0.015029,-0.001875,0.002989,-0.034764,-0.001937,0.003258,0.124994,-0.000424,0.002265
panda_0333,"['A person is using a smartphone to interact with an interactive display.', 'A laptop, a cell phone and a tablet on a bed.', 'There is a busy street with cars and construction in the background.']",196,35,2.488139,13.086918,0.445416,0.346378,13.237229,0.457143,0.329996,13.233759,0.456991,0.330005,13.098078,0.445336,0.346318,13.062114,0.444010,0.348624,13.106385,0.446322,0.345337,13.102070,0.446586,0.345630,0.150311,0.011727,-0.016382,0.146842,0.011576,-0.016373,0.011160,-0.000080,-0.000061,-0.024803,-0.001406,0.002245,0.019467,0.000907,-0.001042,0.015152,0.001170,-0.000748
panda_0334,"['The menu screen of a video game.', 'A video game screen showing a large creature.', 'A video game screen showing a giant monster.']",133,23,0.961270,6.709673,0.168481,0.939061,6.699712,0.160383,0.940545,6.692126,0.167637,0.939113,6.626252,0.165463,0.940071,6.652298,0.166598,0.937880,6.701930,0.171580,0.941519,6.684892,0.169005,0.935986,-0.009962,-0.008098,0.001484,-0.017547,-0.000844,0.000052,-0.083421,-0.003018,0.001010,-0.057375,-0.001883,-0.001180,-0.007743,0.003099,0.002458,-0.024781,0.000525,-0.003075
panda_0335,"['A pink background with streaks of light.', 'The anime character is standing in front of a black background with a red glowing aura and holding out his hand, surrounded by swirling energy.', 'Two anime characters with fire around them.']",238,39,2.276564,35.270743,0.925497,0.293521,34.679768,0.916349,0.286443,33.833868,0.912345,0.307706,32.788395,0.913228,0.342741,33.864478,0.915509,0.321837,34.371960,0.923145,0.314200,34.218703,0.921698,0.317269,-0.590975,-0.009148,-0.007078,-1.436875,-0.013152,0.014185,-2.482348,-0.012269,0.049221,-1.406265,-0.009988,0.028316,-0.898783,-0.002352,0.020679,-1.052040,-0.003799,0.023749
panda_0336,"['The inside of a recreational vehicle is spacious and well-lit, with comfortable seating and ample storage space.', 'A close up of a wooden closet with a light on.', 'The bed in a yacht is made with white linens and pillows.']",227,40,0.192305,16.119726,0.504632,0.286981,16.132743,0.505497,0.286584,16.147193,0.505433,0.286838,16.117408,0.504692,0.287350,16.112263,0.503960,0.287373,16.140372,0.504942,0.287190,16.106807,0.503996,0.287747,0.013017,0.000865,-0.000397,0.027467,0.000801,-0.000142,-0.002318,0.000060,0.000369,-0.007464,-0.000672,0.000393,0.020646,0.000310,0.000209,-0.012919,-0.000636,0.000766
panda_0337,"['The motorcycle is placed on a black background and rotates slowly to reveal its details.', 'A motorcyclist is riding on an asphalt road in the countryside, surrounded by trees and fields.', 'A black motorcycle is shown in the dark.']",235,39,1.778334,14.392641,0.632662,0.406980,15.643435,0.647249,0.329459,15.665334,0.646237,0.347126,14.127831,0.623327,0.389861,14.162482,0.619170,0.414840,14.325541,0.642021,0.339321,14.966810,0.641651,0.338350,1.250793,0.014587,-0.077521,1.272693,0.013576,-0.059854,-0.264810,-0.009335,-0.017119,-0.230159,-0.013492,0.007860,-0.067100,0.009359,-0.067660,0.574169,0.008989,-0.068630
panda_0338,"['A dragon ball z character with blond hair.', 'A character is being punched by another character.', 'An exploding star in space.']",131,21,0.114525,24.240142,0.705035,0.246365,23.830739,0.717397,0.235793,23.964916,0.701926,0.252948,24.552806,0.690578,0.251186,24.133919,0.690901,0.255871,24.332783,0.688836,0.259546,24.233155,0.711786,0.246135,-0.409403,0.012361,-0.010572,-0.275226,-0.003109,0.006583,0.312664,-0.014457,0.004821,-0.106223,-0.014134,0.009506,0.092640,-0.016199,0.013181,-0.006988,0.006751,-0.000230
panda_0339,"['A cemetery with graves and a church in the background.', 'A grave with a hole in the ground next to a fence.', 'A black and white drawing of two different ovens.']",165,31,4.820347,9.155863,0.436354,0.665027,9.093535,0.431235,0.681552,9.092335,0.427175,0.672149,9.106740,0.432548,0.680766,9.120420,0.433308,0.682112,9.118114,0.439867,0.668370,9.153719,0.438470,0.665488,-0.062327,-0.005119,0.016525,-0.063528,-0.009179,0.007122,-0.049123,-0.003806,0.015740,-0.035442,-0.003046,0.017085,-0.037748,0.003513,0.003344,-0.002143,0.002116,0.000461
panda_0340,"['A computer screen showing a video of a man in a blue shirt.', 'A computer screen showing various movie posters.', 'A computer screen with a poster on it.']",157,28,0.140849,9.812715,0.478496,0.541566,9.566456,0.472930,0.544456,9.487582,0.472167,0.547492,9.539825,0.472761,0.543130,9.502585,0.475053,0.548867,9.506310,0.473013,0.550329,9.811884,0.479272,0.535230,-0.246259,-0.005566,0.002890,-0.325133,-0.006329,0.005926,-0.272890,-0.005735,0.001564,-0.310130,-0.003443,0.007301,-0.306405,-0.005484,0.008763,-0.000831,0.000775,-0.006336
panda_0341,"['A man is putting food in a pan on a stove.', 'A person is cooking some food in a pot on a stove in a kitchen.', 'A pot of stew with meatballs in it on a stove.']",163,37,0.320542,12.509158,0.396218,0.634574,12.156530,0.383454,0.651273,11.643594,0.389652,0.656227,12.549359,0.390885,0.631249,12.532539,0.397163,0.630936,12.543344,0.394018,0.631962,12.585648,0.395439,0.630352,-0.352628,-0.012765,0.016699,-0.865564,-0.006567,0.021653,0.040201,-0.005334,-0.003325,0.023381,0.000944,-0.003638,0.034186,-0.002200,-0.002612,0.076490,-0.000779,-0.004222
panda_0342,"['A 3d rendering of three people standing in front of a building.', 'A 3d rendering of a building with two men holding guns.', 'A mountain range in the distance with buildings in the foreground.']",196,34,1.298133,18.655413,0.730277,0.372979,18.699354,0.732986,0.367375,18.599580,0.730726,0.373402,18.633852,0.731780,0.373566,18.604236,0.731166,0.374672,18.641203,0.730750,0.373515,18.696765,0.733090,0.371824,0.043941,0.002709,-0.005604,-0.055834,0.000449,0.000423,-0.021562,0.001503,0.000587,-0.051177,0.000889,0.001693,-0.014211,0.000473,0.000536,0.041351,0.002814,-0.001156
panda_0343,"['A woman is using a shower gel in the bathroom.', 'The woman is wearing a brown jacket and speaking into a microphone on a city street.', 'An asian man in a suit and tie sitting in front of a bookshelf.']",205,40,0.062870,16.609531,0.819389,0.190045,16.811733,0.809299,0.209256,16.747298,0.820029,0.189558,16.775872,0.820365,0.190672,16.680816,0.819830,0.190676,16.601659,0.819718,0.189872,16.656544,0.820078,0.191289,0.202202,-0.010090,0.019212,0.137767,0.000640,-0.000486,0.166342,0.000976,0.000628,0.071286,0.000441,0.000631,-0.007872,0.000329,-0.000172,0.047014,0.000689,0.001244
panda_0344,"[""A man in a chef's uniform standing in a kitchen."", 'A person prepares a green drink with lemon and other ingredients on a cutting board next to a glass of water.', 'A football on the field with the caption.']",210,39,0.447594,22.398168,0.889041,0.098355,22.402838,0.888797,0.098884,22.389618,0.888240,0.099229,22.392094,0.888865,0.098519,22.405279,0.888937,0.098354,22.397438,0.889075,0.098338,22.416475,0.889258,0.098251,0.004670,-0.000244,0.000529,-0.008550,-0.000801,0.000874,-0.006074,-0.000176,0.000164,0.007111,-0.000104,-0.000001,-0.000730,0.000034,-0.000017,0.018307,0.000217,-0.000105
panda_0345,"['Two men standing next to each other in a garage.', 'A person is working on the engine of a car.', 'A man is talking to the camera in a garage.']",146,30,7.613663,17.110586,0.722658,0.343639,17.135574,0.719543,0.343643,16.972330,0.718585,0.342624,17.230952,0.725615,0.337092,17.244458,0.724385,0.337725,17.163166,0.723407,0.341813,17.105170,0.722895,0.340857,0.024988,-0.003115,0.000004,-0.138256,-0.004073,-0.001015,0.120366,0.002956,-0.006547,0.133872,0.001727,-0.005914,0.052580,0.000749,-0.001825,-0.005416,0.000237,-0.002781
panda_0346,"['A person is preparing food in a pot on a stove.', 'A person is cooking a vegetable soup in a pot on a stove.', 'A person is stirring a pot of vegetable soup on a stove.']",172,36,3.384885,17.465854,0.757576,0.231373,17.463833,0.758146,0.231234,17.464619,0.754929,0.231590,17.568357,0.757557,0.230391,17.479576,0.756947,0.231777,17.453810,0.757973,0.231410,17.595304,0.757872,0.230441,-0.002021,0.000570,-0.000140,-0.001235,-0.002647,0.000217,0.102503,-0.000019,-0.000982,0.013722,-0.000629,0.000403,-0.012044,0.000397,0.000037,0.129450,0.000296,-0.000933
panda_0347,"['A soldier is standing guard in front of a pile of garbage in a city street.', 'People are walking down a street in a city, and there is a police officer standing on the sidewalk.', 'A female journalist is reporting live on a news channel.']",242,45,0.078738,21.185461,0.798482,0.153675,21.296694,0.800711,0.153710,21.219912,0.822813,0.115344,21.221008,0.799277,0.154446,21.184339,0.798780,0.155249,21.352268,0.805841,0.153476,21.348325,0.806240,0.152748,0.111233,0.002229,0.000035,0.034451,0.024331,-0.038331,0.035548,0.000795,0.000771,-0.001122,0.000297,0.001574,0.166808,0.007358,-0.000200,0.162865,0.007758,-0.000928
panda_0348,"['A red car is driving on a road surrounded by trees and bushes.', 'It is a red car driving on a winding road next to a fence and trees.', 'The person is driving a car with features such as led headlights, head-up display, automatic distance control, and traffic jam follow function.']",285,51,14.197754,20.246665,0.588475,0.436246,19.985765,0.583539,0.436122,20.238599,0.586852,0.436328,20.204735,0.586869,0.438732,20.222874,0.587776,0.437316,19.924517,0.582062,0.436552,20.014181,0.584995,0.439636,-0.260900,-0.004936,-0.000124,-0.008066,-0.001622,0.000082,-0.041930,-0.001606,0.002486,-0.023791,-0.000699,0.001070,-0.322147,-0.006413,0.000306,-0.232484,-0.003480,0.003390
panda_0349,"['A page with a description of a video in spanish.', 'A page with a picture of a camera in spanish.', 'Two men are sitting at a table with a laptop in front of them.']",167,34,0.077444,7.546446,0.309601,0.745119,7.508552,0.309534,0.732386,7.460618,0.309635,0.736996,7.584892,0.306666,0.742008,7.556914,0.305708,0.738913,7.588173,0.306761,0.735085,7.558064,0.309352,0.735269,-0.037894,-0.000068,-0.012732,-0.085828,0.000034,-0.008123,0.038445,-0.002935,-0.003110,0.010468,-0.003894,-0.006206,0.041726,-0.002840,-0.010034,0.011618,-0.000249,-0.009850
panda_0350,"['A black audi sedan parked in a parking lot.', 'A close up image of a wheel with red rims on it.', 'The interior of a car with the door open.']",144,30,0.961270,18.791828,0.780892,0.183318,18.465346,0.776426,0.186054,18.508149,0.777297,0.185838,18.585136,0.772717,0.185867,18.577062,0.772590,0.186021,18.916546,0.782046,0.182310,18.829910,0.781583,0.183111,-0.326482,-0.004466,0.002736,-0.283680,-0.003595,0.002521,-0.206692,-0.008175,0.002549,-0.214766,-0.008303,0.002703,0.124718,0.001153,-0.001008,0.038082,0.000691,-0.000207
panda_0351,"['A black and white photo of men standing in a room next to a medical instrument with a flag in the background.', 'Person jong un and president obama shaking hands.', 'A large white sailboat is sailing in the blue ocean under a blue and white flag.']",250,46,0.183683,10.506437,0.641032,0.361735,10.467927,0.638936,0.363413,10.501685,0.640456,0.362485,10.514483,0.641942,0.361478,10.506966,0.641932,0.361106,10.512482,0.641522,0.362126,10.523631,0.642296,0.360855,-0.038511,-0.002096,0.001678,-0.004752,-0.000576,0.000750,0.008046,0.000910,-0.000257,0.000528,0.000900,-0.000629,0.006045,0.000490,0.000391,0.017194,0.001264,-0.000880
panda_0352,"['A news anchor and reporter are sitting at a news desk in a television studio.', 'A plaque on a stone wall in a park.', 'A television screen showing a news report about a memorial.']",183,34,0.087575,23.841033,0.887309,0.050361,23.762469,0.884076,0.053916,23.852271,0.885141,0.051384,23.753609,0.884797,0.052215,23.773989,0.885275,0.051725,23.946017,0.889800,0.048441,23.758185,0.885404,0.050855,-0.078564,-0.003233,0.003555,0.011238,-0.002168,0.001023,-0.087425,-0.002512,0.001853,-0.067044,-0.002034,0.001364,0.104983,0.002491,-0.001921,-0.082848,-0.001905,0.000493
panda_0353,"['A man and woman are sitting at a table in a restaurant eating a meal with spoons.', 'A man in a suit and tie is sitting down at a table eating food.', 'A woman in a pink shirt stands next to a fence in a park with a little girl.']",232,50,2.401034,13.274000,0.521849,0.455680,13.313575,0.521653,0.455393,13.307445,0.521066,0.455416,13.308033,0.522649,0.454971,13.279019,0.522163,0.455196,13.263324,0.521713,0.455763,13.254624,0.521414,0.455747,0.039575,-0.000196,-0.000287,0.033445,-0.000783,-0.000265,0.034033,0.000800,-0.000710,0.005019,0.000314,-0.000484,-0.010676,-0.000136,0.000083,-0.019377,-0.000435,0.000067
panda_0354,"['The host is sitting on a news desk in front of a green screen with a soccer stadium background.', 'A man sitting in front of a news desk with a soccer field in the background.', 'A computer screen with a list of teams and logos.']",232,45,0.138382,28.176284,0.929406,0.022765,27.809913,0.922788,0.028156,27.891669,0.923235,0.025904,27.988990,0.925677,0.025611,28.130330,0.927500,0.023715,28.148276,0.928786,0.022894,28.181464,0.929269,0.022778,-0.366370,-0.006618,0.005391,-0.284614,-0.006171,0.003139,-0.187294,-0.003729,0.002845,-0.045954,-0.001906,0.000950,-0.028007,-0.000620,0.000129,0.005180,-0.000138,0.000012
panda_0355,"['A group of musicians are performing on stage and playing their instruments.', 'There is a bookstore with various books on the shelves.', 'The person is playing a guitar in a dark room.']",188,32,4.235462,14.057865,0.640289,0.492406,14.803696,0.657807,0.474933,14.261447,0.641057,0.492898,13.994201,0.632447,0.504815,13.981997,0.637571,0.496149,13.939789,0.641607,0.496169,14.421553,0.657681,0.473224,0.745831,0.017519,-0.017473,0.203582,0.000768,0.000492,-0.063665,-0.007842,0.012409,-0.075868,-0.002718,0.003742,-0.118076,0.001318,0.003763,0.363687,0.017392,-0.019183
panda_0356,"['Two women are entering a house and one of them is pointing at the door.', 'A group of women standing in front of a door.', 'There is a staircase leading to a room with a brown couch and a bookshelf.']",202,40,1.673427,6.847385,0.410002,0.768130,6.749229,0.408763,0.771563,6.786226,0.406610,0.773625,6.831488,0.410225,0.773660,6.806735,0.411056,0.773784,6.815207,0.408556,0.769541,6.855966,0.411843,0.770742,-0.098156,-0.001240,0.003432,-0.061159,-0.003392,0.005494,-0.015897,0.000222,0.005529,-0.040650,0.001053,0.005654,-0.032177,-0.001446,0.001411,0.008581,0.001840,0.002611
panda_0357,"['A silhouette of two people standing under a starry sky.', 'A man in a blue shirt is making a gesture with his hands.', 'A group of satellites flying in the sky above a snow covered mountain.']",194,36,0.092182,29.904539,0.959482,0.032495,29.748986,0.958470,0.033553,29.777772,0.958736,0.033434,29.903764,0.959160,0.032445,29.938840,0.959300,0.032303,29.966681,0.959685,0.031827,29.954858,0.959638,0.032402,-0.155553,-0.001012,0.001058,-0.126767,-0.000746,0.000939,-0.000775,-0.000322,-0.000050,0.034301,-0.000182,-0.000193,0.062142,0.000203,-0.000668,0.050319,0.000156,-0.000093
panda_0358,"['A computer displays a view of a planet in space.', 'A computer screen with a bunch of icons on it.', 'A computer screen showing the google homepage.']",152,27,0.118260,18.746038,0.855834,0.277880,17.407361,0.817492,0.339289,19.256427,0.837835,0.300004,19.174401,0.828817,0.305137,18.772083,0.827822,0.328877,18.863525,0.857348,0.271912,18.789789,0.856127,0.276471,-1.338677,-0.038342,0.061409,0.510389,-0.017999,0.022124,0.428363,-0.027017,0.027256,0.026045,-0.028012,0.050997,0.117487,0.001514,-0.005968,0.043752,0.000293,-0.001409
panda_0359,"['A person is opening the door of a black car and getting into the car at night.', 'The car is driving on a road at night with a green display on the dashboard.', 'The car is driving down a dark road at night with streetlights illuminating the way.']",250,48,0.256537,20.041229,0.678826,0.272090,20.049886,0.678230,0.272174,20.044976,0.678257,0.272353,20.035536,0.678198,0.272307,20.024982,0.677797,0.273279,20.055343,0.678933,0.271997,20.060229,0.679127,0.272192,0.008657,-0.000596,0.000084,0.003747,-0.000569,0.000263,-0.005693,-0.000628,0.000217,-0.016246,-0.001029,0.001188,0.014114,0.000107,-0.000094,0.019000,0.000300,0.000101
panda_0360,"['The water in the bathtub is cloudy and there is a white cloud floating in it.', 'A person using a brush to clean something in a bathtub.', 'A person holding a drying rack in front of a window.']",196,38,2.815215,15.612106,0.666507,0.396414,15.667907,0.667484,0.394989,15.648472,0.667322,0.395896,15.619969,0.666802,0.395664,15.614556,0.666621,0.396127,15.570157,0.665857,0.397724,15.605869,0.666037,0.396440,0.055801,0.000977,-0.001425,0.036366,0.000816,-0.000518,0.007863,0.000295,-0.000750,0.002450,0.000114,-0.000287,-0.041948,-0.000650,0.001310,-0.006237,-0.000470,0.000027
panda_0361,"['A person putting something on a piece of cloth.', 'A person is washing a cucumber in a sink.', 'A person is cooking jalapeno peppers in a pot on the stove.']",159,30,0.131685,11.813793,0.366876,0.608139,11.607247,0.354837,0.614832,11.667977,0.359684,0.605599,11.767782,0.357491,0.613399,11.758171,0.359465,0.611682,11.792798,0.361518,0.612143,11.795597,0.358767,0.612612,-0.206546,-0.012039,0.006693,-0.145815,-0.007192,-0.002540,-0.046011,-0.009385,0.005260,-0.055622,-0.007412,0.003543,-0.020994,-0.005358,0.004004,-0.018196,-0.008109,0.004473
panda_0362,"['A plate with a green plant and peppers on it.', 'A bunch of yellow peppers growing on a plant.', 'A plant with red peppers growing next to a concrete wall.']",159,30,0.634775,18.493136,0.463000,0.237340,18.726694,0.471158,0.234714,18.661801,0.469995,0.235597,18.562948,0.465299,0.236744,18.560888,0.464549,0.236448,18.596805,0.465363,0.235521,18.574471,0.465208,0.236626,0.233558,0.008158,-0.002626,0.168665,0.006995,-0.001743,0.069812,0.002299,-0.000596,0.067751,0.001549,-0.000892,0.103669,0.002363,-0.001819,0.081335,0.002208,-0.000713
panda_0363,"['A computer screen showing the settings for windows 7.', 'A computer screen showing the settings for windows 7.', 'A computer screen showing a list of websites.']",163,26,0.063340,20.167717,0.900318,0.157158,19.975099,0.895242,0.174082,20.056375,0.896162,0.167858,20.144334,0.895791,0.169728,20.147328,0.895973,0.173460,20.294929,0.894432,0.179483,20.209143,0.898178,0.170192,-0.192618,-0.005076,0.016924,-0.111342,-0.004156,0.010700,-0.023383,-0.004527,0.012570,-0.020389,-0.004345,0.016302,0.127213,-0.005886,0.022325,0.041427,-0.002140,0.013035
panda_0364,"['A red and white christmas card with different logos on it.', 'A computer screen with a calendar on it.', 'There is a page with a number of options.']",151,28,1.018800,26.623497,0.907946,0.029084,26.630306,0.911713,0.027461,26.634031,0.911941,0.027448,26.511099,0.902081,0.031025,26.534562,0.903737,0.030314,26.632072,0.907827,0.029008,26.614079,0.906762,0.029469,0.006809,0.003766,-0.001623,0.010534,0.003995,-0.001636,-0.112398,-0.005865,0.001941,-0.088935,-0.004210,0.001230,0.008575,-0.000120,-0.000076,-0.009418,-0.001184,0.000385
panda_0365,"['A bmw car driving down a road with a grassy field in the background.', 'A silver bmw car driving on a dirt road.', 'A close up of the rear end of a white car.']",162,34,15.731986,23.573467,0.838130,0.268403,19.509276,0.862225,0.100276,24.060874,0.875116,0.072820,23.345103,0.825129,0.290474,23.723397,0.837960,0.266345,23.814079,0.845789,0.263864,23.566775,0.843359,0.258303,-4.064191,0.024095,-0.168126,0.487407,0.036987,-0.195583,-0.228364,-0.013000,0.022071,0.149931,-0.000170,-0.002058,0.240612,0.007660,-0.004538,-0.006692,0.005229,-0.010100
panda_0366,"['A football player talks to the media during a press conference.', 'A male newscaster is wearing a suit and tie, sitting in front of a green screen with trees in the background.', 'A tv screen with two men talking to each other.']",231,42,0.123488,22.139909,0.835277,0.159269,25.087268,0.903414,0.045322,21.232130,0.810145,0.195681,22.464414,0.845030,0.132811,21.192857,0.810837,0.196663,21.859423,0.829889,0.168258,21.608909,0.821443,0.181101,2.947359,0.068137,-0.113947,-0.907778,-0.025132,0.036412,0.324505,0.009753,-0.026459,-0.947051,-0.024440,0.037393,-0.280486,-0.005388,0.008988,-0.531000,-0.013834,0.021831
panda_0367,"['A man is riding a surfboard on a water slide.', 'There is a group of people having fun in a swimming pool and dancing together.', 'There is a man standing in front of a wall with several arcade games displayed on it.']",220,42,2.002460,9.969960,0.308480,0.689667,9.968456,0.310606,0.686101,9.952409,0.311172,0.685183,9.964112,0.307107,0.691201,9.958861,0.309810,0.688544,9.961786,0.310527,0.687548,9.948818,0.310030,0.689785,-0.001504,0.002127,-0.003565,-0.017551,0.002692,-0.004483,-0.005848,-0.001373,0.001535,-0.011099,0.001330,-0.001122,-0.008174,0.002047,-0.002118,-0.021142,0.001550,0.000118
panda_0368,"['There are several semi-trucks parked on a snowy road at night.', 'A truck is driving down a snowy street at night with snow on the ground.', 'A man in a yellow jacket and a beard is standing on the street at night, looking at the camera and making a victory sign with his hand.']",281,54,1.647121,17.671760,0.731849,0.379734,17.565912,0.728763,0.384815,17.872184,0.732019,0.385003,17.725794,0.731471,0.381119,17.734750,0.732523,0.379877,17.691940,0.733090,0.379392,17.700237,0.732905,0.380588,-0.105848,-0.003086,0.005081,0.200424,0.000170,0.005269,0.054033,-0.000378,0.001385,0.062989,0.000674,0.000143,0.020180,0.001241,-0.000342,0.028477,0.001056,0.000854
panda_0369,"['A computer screen with a blue background and a daisy.', 'A windows 8 computer screen showing a file list.', 'A windows 8 desktop with a blue background.']",156,27,0.122766,4.077817,0.217915,0.669030,4.269945,0.220222,0.651211,4.229262,0.214811,0.659463,4.079329,0.213048,0.671752,4.066434,0.216230,0.668932,4.056984,0.212899,0.663048,4.079343,0.216976,0.675176,0.192128,0.002307,-0.017819,0.151445,-0.003104,-0.009568,0.001512,-0.004867,0.002722,-0.011383,-0.001685,-0.000098,-0.020833,-0.005016,-0.005982,0.001526,-0.000939,0.006146
panda_0370,"['Two baked potatoes with the words colorful cooking techniques.', 'A white plate with some bacon and greens on a table.', 'A close up of a plate of baked potatoes.']",166,29,0.682432,27.324721,0.942019,0.039369,27.367041,0.936668,0.039057,27.509793,0.937749,0.038717,27.330336,0.932402,0.039327,27.318479,0.932740,0.039451,27.279675,0.941700,0.039487,27.307664,0.941584,0.039413,0.042320,-0.005351,-0.000311,0.185072,-0.004270,-0.000652,0.005615,-0.009617,-0.000042,-0.006242,-0.009279,0.000082,-0.045046,-0.000319,0.000119,-0.017056,-0.000435,0.000044
panda_0371,"['A woman is cutting garlic on a wooden cutting board with a knife.', 'A woman is cutting prosciutto on a wooden board.', 'A woman is cooking a meal in a kitchen with mushrooms, eggs and cheese.']",196,36,20.247110,15.831431,0.574727,0.594520,15.831580,0.568878,0.602722,15.854652,0.569127,0.601175,15.794633,0.573681,0.595893,15.799213,0.573601,0.596236,15.805266,0.574049,0.596399,15.820169,0.574367,0.595511,0.000149,-0.005850,0.008202,0.023221,-0.005601,0.006656,-0.036798,-0.001046,0.001373,-0.032217,-0.001126,0.001716,-0.026164,-0.000678,0.001880,-0.011261,-0.000361,0.000991
panda_0372,"['A comic book cover with a man pointing a gun at another man.', 'A superhero is being attacked by a villain in the rain.', 'A collage of comic book characters and a man in a suit.']",182,36,2.085414,5.813729,0.524381,0.575570,5.910163,0.533440,0.584023,5.915580,0.536071,0.576360,5.887185,0.531998,0.580020,5.867494,0.530306,0.577777,5.835381,0.528560,0.571288,5.879113,0.531822,0.572209,0.096434,0.009059,0.008453,0.101851,0.011690,0.000790,0.073456,0.007617,0.004450,0.053765,0.005925,0.002207,0.021652,0.004179,-0.004282,0.065384,0.007440,-0.003361
panda_0373,"['There is a man in a brown robe standing in front of a white wall with his head tilted to the side, looking off into the distance.', 'A star wars clone trooper and a star wars stormtrooper.', 'A cartoon of a man flying over a star wars spaceship.']",249,48,1.328355,25.672856,0.838145,0.134644,25.493242,0.835166,0.137573,25.548206,0.835276,0.136409,25.643237,0.838133,0.134707,25.639447,0.837908,0.134797,25.619152,0.837786,0.135029,25.647076,0.837962,0.134562,-0.179614,-0.002978,0.002928,-0.124649,-0.002868,0.001765,-0.029619,-0.000012,0.000063,-0.033408,-0.000237,0.000153,-0.053704,-0.000359,0.000385,-0.025780,-0.000182,-0.000083
panda_0374,"['A man is playing golf on a green grass field with an ocean in the background.', 'A golf course with a green and water in the background.', 'A person is playing golf on a golf course with a green.']",199,39,5.097282,26.482400,0.861735,0.072676,26.573257,0.866936,0.075362,26.602489,0.867719,0.074863,26.419953,0.860574,0.074361,26.487953,0.861819,0.072037,26.648453,0.864235,0.067521,26.436509,0.860820,0.072930,0.090858,0.005201,0.002686,0.120090,0.005984,0.002187,-0.062446,-0.001161,0.001684,0.005553,0.000084,-0.000640,0.166053,0.002500,-0.005156,-0.045890,-0.000915,0.000254
panda_0375,"['A cartoon spongebob squarepants character with a hat.', 'A cartoon character named spongebob squarepants is lying in bed with a clock on the nightstand next to him.', 'A cartoon spongebob in front of a blue locker.']",218,36,0.163343,12.425218,0.681495,0.370396,12.454567,0.683025,0.369013,12.454477,0.682515,0.370911,12.435652,0.680677,0.371514,12.427312,0.680523,0.370959,12.434857,0.681714,0.371364,12.428678,0.681917,0.370339,0.029349,0.001530,-0.001383,0.029260,0.001020,0.000516,0.010434,-0.000818,0.001118,0.002094,-0.000972,0.000563,0.009639,0.000219,0.000968,0.003460,0.000422,-0.000056
panda_0376,"['Two men are working on a tire in a workshop.', 'A man is working on a tire with a screwdriver.', 'Two men in a workshop looking at a tire.']",142,29,0.810082,6.564856,0.525082,0.561387,6.434302,0.509566,0.576408,6.467717,0.519013,0.566305,6.426728,0.510283,0.576389,6.529959,0.520145,0.568285,6.589934,0.524884,0.556193,6.589802,0.533177,0.564923,-0.130554,-0.015516,0.015021,-0.097140,-0.006069,0.004918,-0.138129,-0.014798,0.015002,-0.034898,-0.004937,0.006897,0.025078,-0.000197,-0.005194,0.024946,0.008095,0.003536
panda_0377,"['A logo for a restaurant with a fork and spoon.', 'There is a red velvet pancakes stacked on top of each other with white cream on top.', 'A counter with flour, eggs, and other ingredients in it.']",198,37,0.222411,27.712473,0.933827,0.019391,27.633910,0.931290,0.020328,27.566395,0.930013,0.020562,27.493452,0.931125,0.020954,27.349659,0.930144,0.021873,27.762648,0.934136,0.019099,27.637731,0.932993,0.019990,-0.078563,-0.002536,0.000937,-0.146078,-0.003813,0.001171,-0.219021,-0.002701,0.001563,-0.362814,-0.003682,0.002482,0.050175,0.000309,-0.000292,-0.074742,-0.000833,0.000599
panda_0378,"['A planet with flames coming out of it.', 'There is a large spaceship in the middle of a planet with a red light on it.', 'An image of a man in a blue light.']",160,34,0.475809,13.000322,0.739651,0.275111,12.973775,0.730569,0.274872,13.062965,0.734355,0.275802,13.103433,0.741672,0.282511,12.941381,0.738305,0.277020,12.965358,0.739775,0.274132,13.038998,0.734426,0.276707,-0.026547,-0.009082,-0.000239,0.062643,-0.005297,0.000691,0.103110,0.002021,0.007400,-0.058942,-0.001346,0.001909,-0.034964,0.000124,-0.000979,0.038675,-0.005225,0.001596
panda_0379,"['The player is holding a gun and looking down a street with buildings on either side.', 'There is a person in a yellow hazmat suit standing in a clothing store.', 'A green car in a parking garage in a video game.']",215,41,1.367805,18.632640,0.588216,0.240628,18.596082,0.585443,0.245619,18.577095,0.575298,0.270089,18.645048,0.588280,0.240049,18.630939,0.587114,0.241863,18.612189,0.586587,0.242425,18.593650,0.585664,0.244280,-0.036559,-0.002773,0.004991,-0.055545,-0.012918,0.029461,0.012408,0.000064,-0.000579,-0.001701,-0.001102,0.001235,-0.020451,-0.001629,0.001797,-0.038990,-0.002552,0.003652
panda_0380,"['A news report about a pool health and safety violations.', 'A pool with steps and a fence in the background.', 'There is a pool with chairs and an umbrella behind a fence.']",175,32,0.078302,26.192204,0.820170,0.048383,26.083744,0.817936,0.047965,26.150815,0.817984,0.048617,26.122346,0.819322,0.048041,26.159192,0.819601,0.048288,26.189983,0.820404,0.048171,26.173857,0.819776,0.047981,-0.108460,-0.002234,-0.000418,-0.041389,-0.002185,0.000234,-0.069858,-0.000847,-0.000342,-0.033012,-0.000568,-0.000095,-0.002221,0.000234,-0.000212,-0.018348,-0.000394,-0.000401
panda_0381,"['The logo for gold solace.', 'A drawing of a minecraft character.', 'A blue background with text that says subscribe if you like if you are a subscriber stay sexy.']",166,29,0.118506,18.851099,0.915185,0.093852,18.870164,0.916526,0.094138,18.957293,0.916433,0.092067,18.855821,0.916114,0.092840,18.792357,0.915519,0.096824,18.862079,0.914767,0.094755,18.821138,0.915780,0.093777,0.019064,0.001341,0.000286,0.106193,0.001247,-0.001785,0.004721,0.000928,-0.001012,-0.058743,0.000333,0.002972,0.010979,-0.000418,0.000903,-0.029961,0.000595,-0.000075
panda_0382,"['It is a small metal screw with a spring on the end, sitting on top of a wooden surface.', 'A piece of metal sitting on a wooden table.', 'A pair of hands in white gloves working on something.']",195,38,0.054657,39.746177,0.968345,0.017358,39.831950,0.968473,0.017122,39.608612,0.967024,0.018399,39.213303,0.964366,0.020905,39.370409,0.965629,0.019702,39.713703,0.968187,0.017503,39.723961,0.968236,0.017462,0.085773,0.000128,-0.000236,-0.137565,-0.001321,0.001041,-0.532874,-0.003978,0.003548,-0.375768,-0.002715,0.002344,-0.032473,-0.000158,0.000146,-0.022216,-0.000108,0.000104
panda_0383,"['There is a grill on a balcony with mountains in the background.', 'A man in red pajamas is standing in a kitchen preparing food.', 'A man wearing a hat and a sweater in a hallway.']",183,35,0.502610,20.733699,0.813273,0.173418,20.644183,0.810718,0.173966,20.791749,0.814547,0.170937,20.674148,0.811849,0.173391,20.714155,0.813273,0.173575,20.703728,0.812045,0.173584,20.713061,0.812903,0.173507,-0.089516,-0.002555,0.000549,0.058050,0.001274,-0.002480,-0.059551,-0.001424,-0.000026,-0.019544,-0.000000,0.000157,-0.029970,-0.001227,0.000166,-0.020637,-0.000369,0.000089
panda_0384,"['A person is riding a green motorcycle in a parking lot.', 'A person is riding a motorcycle on a road and the view from the front of the bike.', 'A group of motorcyclists are riding on a highway and the camera is mounted on the front of one of the bikes.']",257,51,10.345370,12.205841,0.603235,0.566825,12.332441,0.605545,0.568033,12.348169,0.606668,0.564065,12.194104,0.601912,0.569504,12.197140,0.602889,0.565590,12.214471,0.602155,0.568222,12.222072,0.602892,0.565789,0.126601,0.002310,0.001208,0.142328,0.003433,-0.002760,-0.011736,-0.001323,0.002679,-0.008701,-0.000346,-0.001235,0.008630,-0.001080,0.001398,0.016231,-0.000343,-0.001036
panda_0385,"['A close up of a plate of food with the word pot roast on it.', 'Onions are being cooked in a pan with a wooden spoon.', 'A person is cooking food in a pot with meat, potatoes and carrots.']",191,39,0.047803,15.744053,0.583338,0.460309,16.439824,0.607903,0.436770,16.110151,0.594993,0.449956,15.717919,0.583000,0.459732,15.778065,0.584449,0.459251,15.734988,0.583491,0.459165,15.737888,0.583525,0.459665,0.695771,0.024565,-0.023539,0.366097,0.011655,-0.010352,-0.026134,-0.000338,-0.000577,0.034012,0.001111,-0.001058,-0.009065,0.000153,-0.001144,-0.006165,0.000188,-0.000643
panda_0386,"['The person is wearing a black hat with a white logo on it, and they are standing outside in front of a house.', 'A cup of liquid sitting on the ground next to a car.', 'A stove top that is laying on the ground.']",214,44,0.352587,23.642593,0.744828,0.061171,23.829825,0.750805,0.060325,23.707741,0.746632,0.061770,23.669845,0.745713,0.061118,23.661278,0.745130,0.061271,23.637653,0.745082,0.060744,23.652113,0.745493,0.060981,0.187232,0.005977,-0.000846,0.065148,0.001804,0.000599,0.027252,0.000884,-0.000053,0.018685,0.000302,0.000100,-0.004940,0.000254,-0.000427,0.009520,0.000664,-0.000189
panda_0387,"['A large red truck is driving down a dirt road.', 'A woman carrying water from a water source.', 'A road is being paved with asphalt, and the process is being done by a machine.']",180,34,0.311693,23.141890,0.774782,0.128693,23.239653,0.774501,0.128650,23.288492,0.775262,0.128405,23.094650,0.773569,0.129558,23.106442,0.773882,0.129300,23.132285,0.774540,0.128930,23.180854,0.774837,0.128532,0.097763,-0.000281,-0.000043,0.146602,0.000479,-0.000288,-0.047240,-0.001213,0.000865,-0.035448,-0.000901,0.000607,-0.009605,-0.000242,0.000237,0.038964,0.000054,-0.000161
panda_0388,"['A video game character with a mask on.', 'A video game screen showing a person wearing an outfit.', 'A video game character wearing an infinity lines mask.']",159,27,0.438048,20.972342,0.874541,0.090341,20.972314,0.873313,0.090433,21.019323,0.874216,0.089945,20.981311,0.873523,0.090923,20.973332,0.873446,0.091013,20.984369,0.874858,0.090397,20.985592,0.874904,0.090246,-0.000029,-0.001228,0.000092,0.046980,-0.000325,-0.000396,0.008969,-0.001018,0.000582,0.000990,-0.001095,0.000672,0.012027,0.000317,0.000056,0.013249,0.000362,-0.000096
panda_0389,"['There is a blue and white logo with the words ""switch traps"" on a white background.', 'A small blue machine on a white surface.', 'The text ""deep sleep mode"" is written in white letters on a blue background.']",211,38,0.119238,40.762678,0.992364,0.004195,40.682144,0.992179,0.004771,40.700497,0.992213,0.004788,40.756860,0.992211,0.004599,40.729754,0.992205,0.004570,40.746652,0.992339,0.004189,40.752083,0.992353,0.004255,-0.080533,-0.000185,0.000576,-0.062181,-0.000151,0.000593,-0.005818,-0.000153,0.000404,-0.032924,-0.000159,0.000375,-0.016026,-0.000025,-0.000006,-0.010595,-0.000011,0.000060
panda_0390,"['A white cat sniffing leaves on the floor next to a pair of scissors.', 'Two cats sniffing each other on the floor.', 'A living room with a couch, a cat house, and several cats.']",180,34,0.860907,26.505475,0.821174,0.202141,26.083502,0.816983,0.220000,26.132966,0.817447,0.215919,26.353293,0.819740,0.204660,26.430520,0.820464,0.204433,26.514242,0.821303,0.202226,26.531742,0.821270,0.202191,-0.421972,-0.004191,0.017859,-0.372508,-0.003727,0.013778,-0.152182,-0.001434,0.002519,-0.074954,-0.000710,0.002292,0.008767,0.000128,0.000085,0.026267,0.000096,0.000050
panda_0391,"['A view of a garden with mulch and plants.', 'A row of potted plants next to a wooden fence.', 'A garden with a lot of plants and a fence.']",141,29,2.239539,16.814284,0.736138,0.189566,16.883435,0.746270,0.188079,16.894167,0.748958,0.187577,16.812700,0.736290,0.189745,16.807457,0.735230,0.189838,16.811927,0.736201,0.189496,16.816515,0.736834,0.189529,0.069151,0.010132,-0.001487,0.079883,0.012820,-0.001989,-0.001584,0.000151,0.000178,-0.006827,-0.000908,0.000272,-0.002357,0.000063,-0.000070,0.002232,0.000695,-0.000038
panda_0392,"['A wooden table with a variety of ingredients on it.', 'Some nuts and other ingredients are in a blender on a table.', 'A blender filled with nuts is sitting on top of a counter next to some other ingredients.']",212,39,4.562934,17.771525,0.491685,0.171867,17.778154,0.490985,0.172843,17.779057,0.490992,0.172858,17.775893,0.491741,0.172086,17.786997,0.492143,0.171804,17.773615,0.491511,0.172111,17.770901,0.491752,0.171783,0.006629,-0.000700,0.000976,0.007532,-0.000693,0.000992,0.004368,0.000056,0.000220,0.015472,0.000458,-0.000063,0.002091,-0.000174,0.000245,-0.000623,0.000067,-0.000084
panda_0393,"['A man is holding a fish in his hand and showing it to the camera.', 'A man is standing on a pier by a lake and fishing with a spinning rod.', 'A man is holding a fish in his hand and cutting it with scissors.']",212,45,1.576230,20.733391,0.722082,0.242561,20.751365,0.722298,0.241555,20.726827,0.721380,0.241821,20.728636,0.721733,0.242900,20.732031,0.721822,0.243039,20.725114,0.721830,0.243173,20.719005,0.721680,0.242878,0.017974,0.000216,-0.001005,-0.006563,-0.000702,-0.000739,-0.004755,-0.000349,0.000340,-0.001359,-0.000260,0.000478,-0.008276,-0.000252,0.000612,-0.014386,-0.000402,0.000318
panda_0394,"['A chef is standing in front of a kitchen counter and talking to the camera.', 'A man is preparing food on a cutting board in a kitchen with bowls of fruit on the table.', 'A man standing in a kitchen with a plate of food.']",225,45,1.606772,12.166805,0.543033,0.648854,12.202197,0.554949,0.659278,12.293882,0.557731,0.655383,12.195328,0.539606,0.659562,12.029838,0.538604,0.652681,12.212133,0.535158,0.663361,12.216739,0.543438,0.650804,0.035392,0.011916,0.010423,0.127077,0.014698,0.006529,0.028523,-0.003427,0.010708,-0.136967,-0.004430,0.003826,0.045328,-0.007875,0.014507,0.049934,0.000404,0.001950
panda_0395,"['A video game screen showing a girl with red hair.', 'A computer screen showing a person on a video call.', 'A video game screen showing a girl playing a game.']",162,30,0.088062,14.463634,0.681907,0.228711,14.311659,0.680928,0.231513,14.312962,0.678823,0.231812,14.266200,0.672291,0.238995,14.364741,0.674348,0.235190,14.414415,0.679458,0.233021,14.402951,0.679539,0.229066,-0.151975,-0.000979,0.002802,-0.150673,-0.003085,0.003101,-0.197435,-0.009616,0.010283,-0.098893,-0.007560,0.006478,-0.049219,-0.002449,0.004309,-0.060683,-0.002368,0.000355
panda_0396,"['A wooden spoon sitting on top of a black lid.', 'The object is a black metal ashtray with an open top and a small amount of ash inside.', 'A picture of a turtle on the ground next to a stove.']",195,40,0.071520,12.422409,0.544495,0.488288,7.987628,0.521501,0.520281,8.135767,0.521338,0.515493,12.416767,0.546038,0.486263,12.564637,0.547330,0.486604,13.133381,0.576421,0.446625,12.725787,0.563163,0.469010,-4.434781,-0.022994,0.031993,-4.286643,-0.023157,0.027205,-0.005642,0.001543,-0.002025,0.142228,0.002835,-0.001685,0.710972,0.031926,-0.041663,0.303378,0.018668,-0.019278
panda_0397,"['A poster of a football player in uniform with a football in front of him.', 'A group of football players playing a game on a field.', 'A group of football players standing around a coach.']",191,35,0.697201,31.221018,0.923402,0.026706,31.387528,0.925270,0.026382,31.546387,0.927716,0.025390,31.182338,0.923059,0.027031,31.250712,0.923569,0.026701,31.183305,0.923228,0.026959,31.212174,0.923252,0.026836,0.166510,0.001868,-0.000324,0.325369,0.004314,-0.001315,-0.038680,-0.000343,0.000325,0.029695,0.000167,-0.000005,-0.037713,-0.000173,0.000253,-0.008844,-0.000149,0.000130
panda_0398,"['There is a green fruit on a white background.', 'A close up of a half ripe avocado on a cutting board.', 'There are green fruits on a white plate on a wooden table.']",168,33,0.047007,29.922461,0.903630,0.059733,30.267563,0.903218,0.090329,30.105092,0.898489,0.081737,29.818245,0.901870,0.060771,29.493673,0.895108,0.063994,30.435806,0.912651,0.061275,30.255013,0.906860,0.059213,0.345101,-0.000412,0.030597,0.182630,-0.005141,0.022004,-0.104216,-0.001760,0.001038,-0.428788,-0.008521,0.004261,0.513345,0.009022,0.001542,0.332552,0.003230,-0.000520
panda_0399,"['A collage of pictures of a woman with long hair.', 'Person henderson is a young woman with long blonde hair and a black shirt, sitting in front of a pink background with the words ""subscribe"" on it.', 'There is a sign that says ""click here to subscribe"" and there are two women in the video.']",295,55,0.411880,20.109545,0.735903,0.143167,20.122866,0.736940,0.142260,20.125289,0.735806,0.143190,20.119849,0.735501,0.143565,20.116300,0.735536,0.143196,20.113619,0.735632,0.143420,20.107788,0.736147,0.143115,0.013321,0.001037,-0.000906,0.015744,-0.000097,0.000023,0.010303,-0.000402,0.000398,0.006754,-0.000367,0.000029,0.004073,-0.000271,0.000253,-0.001758,0.000244,-0.000052
panda_0400,"['A person is using a hairdryer to dry a stuffed animal on a table.', 'A person is using an electric dog grooming tool on a grey parrot.', 'There is a person holding a grey stuffed animal on a wooden table.']",208,40,0.093042,20.783977,0.774782,0.225519,20.575277,0.763771,0.239582,20.583785,0.765937,0.237297,20.434281,0.781960,0.210451,20.074521,0.781792,0.209270,20.472417,0.783016,0.212063,20.282601,0.779761,0.214036,-0.208699,-0.011012,0.014064,-0.200192,-0.008846,0.011778,-0.349696,0.007178,-0.015068,-0.709456,0.007010,-0.016249,-0.311560,0.008233,-0.013455,-0.501376,0.004978,-0.011482
panda_0401,"['A purple sticker on the side of a laptop.', 'A close up of the headstock of a guitar.', 'A bunch of guitars hanging on a wall.']",130,26,1.407025,15.763974,0.512694,0.450928,15.857299,0.511667,0.450361,15.824347,0.512336,0.450618,15.741284,0.513035,0.451770,15.757874,0.512529,0.451179,15.759851,0.512437,0.450519,15.858966,0.513883,0.450001,0.093325,-0.001027,-0.000567,0.060374,-0.000357,-0.000310,-0.022690,0.000342,0.000842,-0.006100,-0.000165,0.000252,-0.004122,-0.000257,-0.000408,0.094992,0.001189,-0.000927
panda_0402,"['A man is talking to another man in front of a blue screen.', 'A person is using a tablet device with a graphical user interface to control music playback.', 'A person is using a digital tablet with a touch screen and navigating through its features.']",253,45,8.438071,7.115115,0.234487,0.674413,6.977622,0.229899,0.685805,7.057464,0.227140,0.681298,7.096073,0.233971,0.674332,7.165101,0.231198,0.672219,7.173139,0.234225,0.674638,7.152454,0.234178,0.674791,-0.137493,-0.004587,0.011392,-0.057650,-0.007347,0.006886,-0.019041,-0.000515,-0.000081,0.049986,-0.003289,-0.002194,0.058024,-0.000262,0.000225,0.037340,-0.000309,0.000378
panda_0403,"['There is a tree with roots growing out of the ground.', 'A drawing of a worm with orange and white strands.', 'A tree is growing out of the ground and its roots can be seen.']",177,35,0.207228,16.009527,0.641827,0.250457,16.077669,0.642741,0.249221,16.118059,0.641159,0.248162,15.977662,0.642397,0.250278,15.936645,0.643181,0.251047,15.982067,0.642192,0.250011,15.969842,0.642706,0.250190,0.068141,0.000914,-0.001235,0.108532,-0.000667,-0.002294,-0.031866,0.000570,-0.000179,-0.072883,0.001354,0.000591,-0.027461,0.000365,-0.000446,-0.039686,0.000879,-0.000266
panda_0404,"['A black ford explorer parked in a parking lot.', 'A man is driving a car and exploring the area while sitting in a high seat.', 'An orange ford suv parked in front of a water tower.']",185,36,6.447502,17.311876,0.514796,0.449674,16.649026,0.516911,0.484363,16.774625,0.517205,0.489361,17.306894,0.515505,0.449235,17.157136,0.508387,0.462101,17.138819,0.508271,0.462274,17.143968,0.507832,0.460783,-0.662850,0.002114,0.034690,-0.537251,0.002409,0.039688,-0.004983,0.000709,-0.000439,-0.154740,-0.006409,0.012427,-0.173057,-0.006525,0.012600,-0.167909,-0.006964,0.011109
panda_0405,"['Two men standing next to two cars on a grassy field.', 'Cars are driving down a narrow street in an urban area with buildings on either side.', 'There are two men standing next to a blue car and a white car.']",211,41,4.644993,25.251106,0.852254,0.029309,25.423426,0.856498,0.028391,25.453631,0.856444,0.028311,25.192860,0.851322,0.029521,25.216419,0.851680,0.029328,25.256881,0.852525,0.029165,25.254861,0.852812,0.029114,0.172320,0.004243,-0.000918,0.202526,0.004190,-0.000998,-0.058246,-0.000933,0.000212,-0.034687,-0.000574,0.000019,0.005775,0.000270,-0.000144,0.003755,0.000557,-0.000195
panda_0406,"['A man is standing in a bathroom and talking to the camera.', 'A man is shaving his beard in the bathroom.', 'A man is shaving his beard with a safety razor in the bathroom.']",176,34,0.048374,18.529846,0.651425,0.400871,19.711239,0.667712,0.365346,18.917554,0.653211,0.392967,18.211233,0.647393,0.406722,18.459170,0.652212,0.398107,18.663819,0.655347,0.393695,18.655372,0.654457,0.395110,1.181393,0.016287,-0.035525,0.387708,0.001786,-0.007904,-0.318614,-0.004032,0.005851,-0.070677,0.000787,-0.002764,0.133972,0.003922,-0.007176,0.125526,0.003032,-0.005761
panda_0407,"['Two simpsons characters standing next to each other.', 'A cartoon scene with three bikes in front of a wall.', 'A simpsons character is sitting at a desk with a laptop.']",172,30,0.135356,14.000254,0.732197,0.464654,14.043502,0.743838,0.458162,14.105187,0.728046,0.466881,14.203030,0.729882,0.465213,14.019417,0.737140,0.460252,14.044306,0.734968,0.461031,14.186319,0.734138,0.463878,0.043248,0.011640,-0.006492,0.104933,-0.004151,0.002227,0.202775,-0.002315,0.000559,0.019163,0.004943,-0.004402,0.044051,0.002771,-0.003623,0.186065,0.001941,-0.000776
panda_0408,"['There is a body of water in the foreground with some small islands in the background.', 'A person is cooking a green mixture in a pan on a stove.', 'A coral reef with plants and fish swimming in the ocean.']",209,40,0.083614,15.734051,0.477914,0.249539,15.802302,0.479656,0.249258,15.759358,0.476794,0.248355,15.544039,0.473073,0.256352,15.769109,0.478520,0.250119,15.757904,0.479727,0.249880,15.655757,0.475114,0.252342,0.068251,0.001742,-0.000281,0.025307,-0.001121,-0.001184,-0.190012,-0.004841,0.006813,0.035058,0.000606,0.000580,0.023853,0.001812,0.000341,-0.078294,-0.002800,0.002802
panda_0409,"['A close up of a wheel bearing on a vehicle.', 'The brake caliper is dirty and needs to be cleaned and greased.', 'A close up of a pair of pipes on a vehicle.']",161,33,1.650520,12.945409,0.485917,0.477742,12.829037,0.484510,0.485165,12.963417,0.487305,0.475893,12.941374,0.485496,0.477842,12.960992,0.486042,0.476847,12.948605,0.486131,0.476986,12.945532,0.485789,0.477451,-0.116372,-0.001407,0.007422,0.018008,0.001388,-0.001849,-0.004035,-0.000421,0.000099,0.015583,0.000125,-0.000895,0.003196,0.000214,-0.000757,0.000123,-0.000129,-0.000291
panda_0410,"['There is a young boy standing in a room with a dresser and a bed in the background.', 'A young boy wearing a t-shirt with a cat mask on it.', 'A mother and her two sons are dancing in their bedroom.']",202,41,0.435220,23.347887,0.817923,0.081399,23.340075,0.817934,0.080204,23.361153,0.818655,0.079435,23.309997,0.817408,0.082673,23.350896,0.817940,0.082398,23.313995,0.817764,0.081307,23.334464,0.818020,0.081204,-0.007812,0.000011,-0.001195,0.013266,0.000732,-0.001964,-0.037890,-0.000515,0.001274,0.003009,0.000016,0.000999,-0.033892,-0.000159,-0.000092,-0.013423,0.000096,-0.000195
panda_0411,"['A person is mixing coconut milk in a metal bowl on a wooden cutting board.', 'A cutting board with garlic, ginger, and red peppers on it.', 'A person is cooking food in a pan on a stove.']",190,37,0.785733,11.815340,0.553229,0.462673,12.248166,0.558000,0.459745,11.903268,0.552018,0.461043,11.704177,0.558977,0.462409,11.758202,0.559098,0.463071,11.905216,0.553160,0.464130,11.823998,0.553118,0.460347,0.432826,0.004771,-0.002928,0.087928,-0.001211,-0.001630,-0.111163,0.005748,-0.000265,-0.057138,0.005869,0.000398,0.089875,-0.000069,0.001457,0.008658,-0.000111,-0.002326
panda_0412,"['A close up of a pair of hands holding a thread.', 'An elderly woman is using her hands to stitch a piece of fabric.', 'Two women talking to each other in front of a quilt.']",175,35,0.509228,8.189253,0.682083,0.447719,8.142821,0.681164,0.451904,8.082962,0.681546,0.460655,8.147494,0.681332,0.448027,8.162182,0.680164,0.451137,8.164453,0.683654,0.448480,8.222135,0.684646,0.451031,-0.046432,-0.000919,0.004184,-0.106291,-0.000537,0.012935,-0.041758,-0.000751,0.000307,-0.027071,-0.001919,0.003418,-0.024800,0.001571,0.000760,0.032883,0.002563,0.003311
panda_0413,"['There is a jungle with tropical plants and trees, and the text ""raritan jungle"" appears on the screen.', 'A man is sitting on the floor with a cardboard box in front of him.', 'A man in a red shirt bending over to pick something up.']",236,45,9.482740,14.996173,0.423942,0.289466,14.625020,0.414069,0.316964,14.565062,0.412624,0.322464,14.735840,0.422201,0.310899,15.040512,0.426224,0.287387,14.971985,0.423141,0.291307,15.029092,0.425814,0.287548,-0.371153,-0.009872,0.027498,-0.431110,-0.011317,0.032998,-0.260333,-0.001740,0.021433,0.044339,0.002282,-0.002080,-0.024188,-0.000801,0.001841,0.032919,0.001872,-0.001918
panda_0414,"['A man is standing next to a black truck in a parking lot, pointing out the features of the vehicle.', ""There is a man sitting in the driver's seat of a car, and he is wearing a blue jacket."", 'The interior of a truck with a steering wheel and dashboard.']",257,50,0.449486,15.580540,0.502168,0.252420,14.658615,0.491291,0.350139,15.580586,0.502950,0.253839,15.570997,0.502031,0.253767,15.548184,0.501790,0.255337,15.622619,0.503639,0.250063,15.534203,0.501453,0.255868,-0.921925,-0.010877,0.097719,0.000046,0.000782,0.001419,-0.009543,-0.000137,0.001347,-0.032356,-0.000378,0.002917,0.042079,0.001471,-0.002357,-0.046337,-0.000715,0.003448
panda_0415,"['A close up of a blue car parked in a showroom.', 'A white car is parked on the street, and the wheel of the car is visible.', 'A close up of the dashboard of a car.']",168,36,0.702792,35.968956,0.965681,0.011373,35.795129,0.964971,0.011685,35.735901,0.964948,0.011741,35.794454,0.965039,0.011724,35.785700,0.965084,0.011674,35.923441,0.965589,0.011418,35.907388,0.965529,0.011465,-0.173827,-0.000710,0.000312,-0.233055,-0.000733,0.000368,-0.174502,-0.000642,0.000352,-0.183255,-0.000597,0.000302,-0.045515,-0.000092,0.000045,-0.061568,-0.000152,0.000093
panda_0416,"[""A person is driving a car and using the car's navigation system."", 'A person is driving a bus on a highway.', 'A car driving down a highway with a bridge in the background.']",176,33,0.207406,25.001380,0.811187,0.046621,24.837310,0.810107,0.044821,24.856793,0.811123,0.044567,25.014412,0.806856,0.048892,25.018963,0.808211,0.048663,25.023874,0.813002,0.045270,24.996474,0.811740,0.046128,-0.164071,-0.001080,-0.001800,-0.144587,-0.000064,-0.002054,0.013032,-0.004332,0.002271,0.017582,-0.002976,0.002042,0.022493,0.001815,-0.001350,-0.004907,0.000552,-0.000493
panda_0417,"['There is a picture of a man on a video game.', 'The camera is moving up a metal staircase with a view of a city in the background.', 'A screenshot of a video game showing a train going down a hill.']",201,41,0.961270,13.536529,0.587733,0.340171,13.781620,0.600167,0.333473,13.654821,0.595494,0.333035,13.616168,0.603959,0.324832,13.740068,0.595433,0.333886,13.501220,0.580349,0.362452,13.707160,0.596284,0.336162,0.245092,0.012434,-0.006698,0.118292,0.007761,-0.007136,0.079639,0.016226,-0.015339,0.203539,0.007700,-0.006285,-0.035308,-0.007384,0.022281,0.170631,0.008552,-0.004009
panda_0418,"['A screen shot of a video game menu.', 'The player is playing a first-person shooter game in which they are fighting against enemies in an urban environment.', 'The player is playing a first-person shooter game on a computer screen.']",235,39,0.937466,14.954389,0.575650,0.632852,14.692973,0.585320,0.621648,14.584644,0.583004,0.631938,14.431986,0.561423,0.649457,14.439531,0.565965,0.659235,14.580422,0.567284,0.643843,14.519828,0.559334,0.642084,-0.261415,0.009669,-0.011203,-0.369745,0.007353,-0.000913,-0.522403,-0.014227,0.016605,-0.514858,-0.009685,0.026384,-0.373967,-0.008366,0.010991,-0.434561,-0.016316,0.009232
panda_0419,"['A man is standing outside at night and waving a flashlight around.', 'It is dark at night, and there are trees in the foreground.', 'A man is standing in front of a dark background at night, looking into the camera.']",219,40,2.493945,14.658811,0.667370,0.451158,15.093221,0.681389,0.437318,14.874031,0.673361,0.444986,14.666071,0.671542,0.444740,14.523459,0.663953,0.455312,14.728090,0.664913,0.452370,14.656921,0.666406,0.450169,0.434410,0.014020,-0.013840,0.215220,0.005992,-0.006172,0.007260,0.004172,-0.006418,-0.135352,-0.003417,0.004154,0.069279,-0.002457,0.001212,-0.001890,-0.000963,-0.000989
panda_0420,"['A football game is taking place on a large field with a crowd of people watching.', 'A football game is being played on a field, and the players are running towards the end zone.', 'A football game is being played on a field.']",229,43,0.142065,17.137516,0.631246,0.151235,17.229469,0.635270,0.151752,17.221857,0.635095,0.151527,17.124901,0.630096,0.151838,17.121301,0.629795,0.151906,17.166952,0.632595,0.151104,17.138768,0.631079,0.151284,0.091953,0.004024,0.000517,0.084341,0.003848,0.000292,-0.012615,-0.001151,0.000603,-0.016215,-0.001451,0.000671,0.029436,0.001349,-0.000131,0.001253,-0.000168,0.000049
panda_0421,"['Two men in white lab coats standing in front of a table with red cups.', 'A red cup sitting on a table next to a plate of ice cubes.', 'A scientist is conducting an experiment in a laboratory.']",196,38,0.088686,24.389546,0.886447,0.053938,24.384489,0.885969,0.054137,24.407976,0.886712,0.053548,24.370920,0.885633,0.054379,24.371590,0.885798,0.054263,24.403933,0.886769,0.053694,24.395828,0.886648,0.053790,-0.005057,-0.000478,0.000199,0.018430,0.000265,-0.000389,-0.018626,-0.000814,0.000441,-0.017956,-0.000649,0.000325,0.014388,0.000323,-0.000243,0.006282,0.000201,-0.000148
panda_0422,"['An amazon product page on a computer screen.', 'An amazon page with a speaker on it.', 'A computer mouse is displayed on a website.']",135,24,0.094868,10.771345,0.576103,0.533493,11.126711,0.586406,0.524971,11.057177,0.588603,0.513357,10.783666,0.572921,0.526043,10.849735,0.580083,0.530734,10.899334,0.584883,0.532657,10.687148,0.580703,0.526267,0.355367,0.010303,-0.008522,0.285832,0.012500,-0.020136,0.012321,-0.003183,-0.007450,0.078390,0.003980,-0.002759,0.127989,0.008780,-0.000836,-0.084197,0.004600,-0.007226
panda_0423,"['A blue background with the words season 1 vlog 13.', ""A young woman is sitting in the driver's seat of a car while eating food."", 'A man and a woman sitting in a car eating food.']",182,36,1.172690,18.253864,0.905371,0.182112,17.403310,0.881182,0.198000,17.334154,0.881634,0.199186,17.450577,0.883226,0.206956,17.469436,0.882320,0.210424,17.503704,0.884292,0.206302,17.302587,0.881823,0.197574,-0.850554,-0.024189,0.015888,-0.919710,-0.023737,0.017075,-0.803287,-0.022145,0.024844,-0.784429,-0.023051,0.028312,-0.750161,-0.021080,0.024190,-0.951277,-0.023548,0.015462
panda_0424,"['Two trays of green beans on the ground next to each other.', 'A garden with a lot of plants in it.', 'There is a plant growing in a black pot, and the plant has green leaves.']",178,36,0.042454,22.334392,0.615619,0.157578,22.615822,0.627820,0.138000,22.587888,0.626442,0.139132,22.196963,0.608839,0.170249,22.248318,0.610596,0.164965,22.379580,0.617389,0.153952,22.354468,0.616182,0.157273,0.281430,0.012202,-0.019578,0.253496,0.010823,-0.018447,-0.137429,-0.006780,0.012671,-0.086074,-0.005023,0.007387,0.045188,0.001770,-0.003626,0.020076,0.000563,-0.000305
panda_0425,"['A group of soldiers are patrolling an area with riot gear and weapons.', 'A street scene with a lot of smoke in the air.', 'Police use tear gas to disperse protesters on a street in the city.']",195,37,0.500329,17.803979,0.419718,0.323404,17.815279,0.419784,0.323515,17.822721,0.419763,0.322989,17.808504,0.419788,0.323482,17.810994,0.419760,0.323423,17.802154,0.419554,0.323501,17.799813,0.419393,0.323847,0.011300,0.000066,0.000111,0.018742,0.000045,-0.000416,0.004525,0.000070,0.000078,0.007015,0.000042,0.000018,-0.001826,-0.000164,0.000097,-0.004166,-0.000325,0.000443
panda_0426,"['The player is in a dungeon with zombies coming out of the ground.', 'A video game showing a blue light in a dark cave.', 'The menu screen for a video game.']",159,31,0.500315,23.580714,0.917447,0.118622,23.379408,0.915492,0.123207,23.371727,0.915326,0.124200,23.664736,0.918308,0.116685,23.501939,0.916557,0.120294,23.549721,0.917876,0.116361,23.596919,0.918157,0.115644,-0.201307,-0.001954,0.004584,-0.208988,-0.002120,0.005578,0.084022,0.000862,-0.001937,-0.078776,-0.000889,0.001672,-0.030993,0.000429,-0.002261,0.016204,0.000711,-0.002978
panda_0427,"['There is a car on fire in the middle of a city street with smoke billowing out of it and people standing around watching.', 'There is a conflict between protesters and police in the street.', 'A street with a lot of smoke coming out of it.']",243,46,0.185388,15.743379,0.609469,0.662024,15.555587,0.582425,0.669846,15.641350,0.597725,0.659908,15.803802,0.588617,0.665556,15.760232,0.589276,0.672269,15.810342,0.590361,0.669909,15.850577,0.613909,0.660890,-0.187793,-0.027044,0.007821,-0.102030,-0.011745,-0.002116,0.060422,-0.020852,0.003532,0.016852,-0.020194,0.010245,0.066962,-0.019109,0.007884,0.107197,0.004440,-0.001134
panda_0428,"['A race car is driving on a track in a racing video game.', 'A person is driving a race car on a track during a race.', 'A race car driving down a track in a video game.']",172,37,1.376326,15.312966,0.649936,0.387217,15.651746,0.651417,0.383435,15.652289,0.651263,0.383117,15.309392,0.649606,0.387172,15.328798,0.649488,0.387357,15.314367,0.649737,0.387135,15.321852,0.649437,0.387063,0.338780,0.001480,-0.003782,0.339323,0.001327,-0.004100,-0.003574,-0.000330,-0.000045,0.015832,-0.000448,0.000140,0.001401,-0.000199,-0.000083,0.008886,-0.000499,-0.000155
panda_0429,"['A man in a suit and tie sitting at a desk.', 'Person of jewelry including necklace, earrings, and bracelets.', 'A collection of jewelry including earrings, necklaces and watches is being displayed.']",201,31,0.077112,27.031594,0.894185,0.030036,27.037619,0.894020,0.029926,27.048073,0.894180,0.029888,27.035880,0.893332,0.030242,27.033621,0.893247,0.030326,27.044529,0.894356,0.029799,27.035222,0.894315,0.029776,0.006025,-0.000165,-0.000110,0.016479,-0.000005,-0.000147,0.004286,-0.000853,0.000206,0.002026,-0.000938,0.000290,0.012934,0.000171,-0.000237,0.003628,0.000130,-0.000259
panda_0430,"['A young man in glasses is sitting at a desk with a computer and books on a shelf behind him.', 'A man with glasses and a guitar in front of a bookshelf.', 'A young man is sitting in front of a bookshelf and talking to the camera.']",233,47,1.388968,15.372562,0.698230,0.260216,15.376116,0.698422,0.259794,15.412954,0.699074,0.259220,15.407294,0.698007,0.259158,15.377528,0.698202,0.259639,15.353413,0.698301,0.260180,15.424911,0.699171,0.258527,0.003554,0.000193,-0.000423,0.040393,0.000845,-0.000996,0.034733,-0.000223,-0.001058,0.004966,-0.000028,-0.000578,-0.019148,0.000071,-0.000036,0.052349,0.000941,-0.001689
panda_0431,"['A black background with red text on it.', 'A black and red background with the words installation of the liner fabric step 1.', 'Two men on a lift working on a ceiling.']",172,32,0.593077,31.134568,0.939832,0.251521,34.030447,0.982614,0.045148,34.045391,0.982724,0.045067,30.919272,0.935472,0.304392,33.960175,0.982441,0.045366,34.020538,0.982938,0.044755,34.027186,0.982942,0.044751,2.895879,0.042782,-0.206373,2.910824,0.042891,-0.206454,-0.215296,-0.004360,0.052871,2.825607,0.042609,-0.206155,2.885971,0.043106,-0.206766,2.892618,0.043109,-0.206770
panda_0432,"['A man is playing a video game on his computer with a view of the city in the background.', 'The user is streaming a video game on twitch.', 'A video game with a man on the screen.']",183,37,0.044945,26.379107,0.881536,0.048825,26.423794,0.883470,0.046603,26.447192,0.884502,0.045967,26.383907,0.880626,0.048587,26.394494,0.879950,0.049427,26.443434,0.882650,0.047452,26.411040,0.881576,0.048855,0.044687,0.001934,-0.002222,0.068085,0.002966,-0.002858,0.004801,-0.000910,-0.000238,0.015387,-0.001586,0.000602,0.064328,0.001114,-0.001373,0.031933,0.000040,0.000030
panda_0433,"['A couple of people in a video game looking at each other.', 'A video game screen with a red light in the background.', 'The player is in a video game, and there are various characters and objects in the game.']",212,40,3.584807,23.042836,0.752305,0.256996,23.321548,0.761949,0.219690,24.100541,0.764481,0.212123,23.098728,0.763055,0.233065,22.702483,0.748382,0.255729,23.294839,0.765422,0.230027,23.198547,0.751453,0.258949,0.278712,0.009643,-0.037305,1.057706,0.012176,-0.044872,0.055892,0.010750,-0.023930,-0.340353,-0.003924,-0.001267,0.252003,0.013117,-0.026969,0.155711,-0.000852,0.001953
panda_0434,"['A soccer game is being played on a tv screen.', 'A soccer player celebrates scoring a goal in a stadium.', 'A soccer game is being played on a television screen.']",165,30,0.571384,25.430017,0.910653,0.046047,25.392973,0.910023,0.046908,25.377128,0.910204,0.046128,25.486551,0.910688,0.046130,25.440757,0.910353,0.046181,25.447903,0.910824,0.045944,25.444088,0.910694,0.046177,-0.037044,-0.000630,0.000861,-0.052889,-0.000448,0.000081,0.056533,0.000036,0.000083,0.010740,-0.000299,0.000134,0.017886,0.000172,-0.000103,0.014070,0.000041,0.000130
panda_0435,"['A bunch of lemons and a picture of the fruit.', 'A close up of a strawberry with a label on it.', 'A tomato is being cut and the pieces are falling on a background of vegetables.']",182,36,1.075500,21.741897,0.750194,0.159049,21.855127,0.753611,0.156534,21.861809,0.752788,0.157157,21.672720,0.747826,0.160791,21.702179,0.749224,0.159977,21.754393,0.751293,0.158718,21.752089,0.750707,0.158774,0.113229,0.003417,-0.002514,0.119911,0.002594,-0.001892,-0.069177,-0.002368,0.001742,-0.039718,-0.000970,0.000929,0.012496,0.001098,-0.000330,0.010191,0.000513,-0.000274
panda_0436,"['A painting of a man kicking a soccer ball.', 'A picture of a soccer player being carried on a stretcher.', ""A blue background with the words and don't forget to subscribe.""]",175,31,0.708834,20.050101,0.829075,0.136393,20.039616,0.828348,0.139053,19.971404,0.828212,0.137872,20.010123,0.827737,0.138394,20.052307,0.828688,0.137933,19.941168,0.828509,0.134668,20.046444,0.829316,0.135949,-0.010485,-0.000728,0.002660,-0.078697,-0.000863,0.001480,-0.039978,-0.001339,0.002002,0.002206,-0.000387,0.001541,-0.108933,-0.000566,-0.001724,-0.003657,0.000240,-0.000444
panda_0437,"['A black and white photo of a man and woman playing a musical instrument.', 'Two women sitting on purple couches in a tv studio.', 'A woman holding a large drum in front of a purple background.']",196,36,3.852876,29.885167,0.935969,0.021841,29.820229,0.935635,0.021663,29.820298,0.935804,0.021640,29.868992,0.935966,0.021865,29.876794,0.936194,0.021815,29.903886,0.936348,0.021735,29.882046,0.936090,0.021784,-0.064939,-0.000334,-0.000177,-0.064869,-0.000165,-0.000200,-0.016175,-0.000003,0.000024,-0.008374,0.000225,-0.000026,0.018718,0.000379,-0.000105,-0.003121,0.000121,-0.000057
panda_0438,"['A person holding an iphone in front of a speaker.', 'A person is holding an iphone with the app on the screen.', 'Person and clank on the amazon website.']",157,29,0.662069,18.989544,0.849752,0.092767,19.056296,0.850407,0.092616,19.025705,0.850249,0.092481,18.987544,0.849830,0.092986,18.972165,0.849537,0.092988,18.982800,0.849853,0.092836,18.981080,0.849956,0.092799,0.066751,0.000654,-0.000151,0.036160,0.000496,-0.000286,-0.002001,0.000078,0.000219,-0.017379,-0.000215,0.000221,-0.006745,0.000100,0.000069,-0.008464,0.000204,0.000032
panda_0439,"['A toy frog and a toy snake on a table.', 'A toy frog is attacking another toy frog on a white table.', 'A close up of a frog sitting on a table.']",148,32,0.233482,19.150563,0.700082,0.287014,18.840093,0.688578,0.302795,18.816725,0.689285,0.298386,19.050094,0.690943,0.299027,19.105294,0.693278,0.293786,19.068236,0.693469,0.293412,19.108464,0.701242,0.287060,-0.310470,-0.011504,0.015780,-0.333838,-0.010797,0.011372,-0.100469,-0.009139,0.012013,-0.045269,-0.006804,0.006771,-0.082327,-0.006613,0.006398,-0.042099,0.001160,0.000046
panda_0440,"['A person is preparing a dish by cutting meat into small pieces and mixing it with other ingredients in bowls on a red table.', 'A woman is cooking food in a pan on a stove in a kitchen.', 'A woman is cooking food in a pan on top of a stove.']",244,51,2.964601,14.642868,0.477969,0.477331,15.246786,0.515558,0.452719,15.267898,0.516564,0.451939,14.610482,0.476883,0.479327,14.641262,0.478026,0.477664,14.671296,0.478658,0.476733,14.672547,0.479073,0.476638,0.603918,0.037589,-0.024611,0.625030,0.038595,-0.025391,-0.032386,-0.001086,0.001996,-0.001606,0.000058,0.000333,0.028428,0.000689,-0.000598,0.029679,0.001104,-0.000693
panda_0441,"['A man is talking to the camera in a garage.', 'A room is filled with shoes, boots, bags of luggage and a chair.', 'A pair of office chairs sitting on a concrete floor.']",171,33,2.635035,12.321472,0.538608,0.435571,12.306692,0.538237,0.436899,12.125296,0.532920,0.445298,12.333775,0.538455,0.435307,12.358897,0.539730,0.433216,12.308852,0.538020,0.436412,12.348402,0.539382,0.433751,-0.014781,-0.000371,0.001328,-0.196176,-0.005688,0.009727,0.012302,-0.000153,-0.000264,0.037425,0.001123,-0.002355,-0.012621,-0.000588,0.000841,0.026930,0.000774,-0.001820
panda_0442,"['Two chicken breasts are being fried in a pan with garlic and lemon juice.', 'A close up of a crock pot on a table.', 'A woman in green is cooking food in a pan in a kitchen.']",177,37,5.033102,17.916602,0.839019,0.365083,17.808184,0.824013,0.409886,17.809377,0.826491,0.410917,17.954290,0.838693,0.368600,17.966693,0.837231,0.370203,17.710571,0.838628,0.386172,17.945683,0.840568,0.358755,-0.108418,-0.015006,0.044803,-0.107225,-0.012528,0.045834,0.037688,-0.000326,0.003517,0.050091,-0.001788,0.005120,-0.206031,-0.000391,0.021089,0.029081,0.001549,-0.006328
panda_0443,"['A glass jar with candy inside and text.', 'A person is holding a smartphone in their hand and tapping on the screen.', 'A person is using a smartphone and looking for the quick settings.']",190,34,1.468067,7.367896,0.331668,0.750752,7.187826,0.332552,0.756899,7.482078,0.360117,0.753426,7.259129,0.328601,0.755632,7.222167,0.328249,0.763635,7.317100,0.334357,0.749376,7.117270,0.326201,0.762144,-0.180070,0.000883,0.006146,0.114182,0.028449,0.002674,-0.108767,-0.003068,0.004880,-0.145729,-0.003419,0.012882,-0.050796,0.002689,-0.001376,-0.250626,-0.005467,0.011392
panda_0444,"['A chef is standing in front of a kitchen counter and talking to the camera.', 'A chef kneading dough on a table in a kitchen.', 'A chef preparing food on a table in a kitchen.']",179,35,3.351552,6.468074,0.513061,0.738624,6.368312,0.496794,0.765544,6.522809,0.497157,0.760198,6.359559,0.506842,0.748867,6.693452,0.515411,0.730498,6.470484,0.510361,0.743692,6.369035,0.511776,0.739895,-0.099762,-0.016267,0.026920,0.054734,-0.015905,0.021574,-0.108516,-0.006219,0.010243,0.225378,0.002349,-0.008126,0.002410,-0.002700,0.005068,-0.099039,-0.001285,0.001271
panda_0445,"['A basketball game is being played in an arena with a large crowd of people watching.', 'There is a basketball game in progress and the coaches are giving instructions to their players.', 'A group of basketball players celebrating at a game.']",244,41,14.238796,19.084204,0.740626,0.153688,19.110276,0.736488,0.160743,19.435892,0.730343,0.173332,19.588290,0.741377,0.155607,19.213017,0.737958,0.159060,19.662551,0.740247,0.157185,19.262269,0.743622,0.143833,0.026072,-0.004138,0.007055,0.351688,-0.010283,0.019643,0.504086,0.000751,0.001918,0.128813,-0.002668,0.005372,0.578347,-0.000379,0.003497,0.178065,0.002996,-0.009855
panda_0446,"['A braun smart control electric shaver on a white background.', 'A blue electric shaver is on a white background.', 'The philips norelco electric shaver and its accessories.']",176,27,0.386964,29.526372,0.865994,0.049705,29.542765,0.862238,0.051301,29.588993,0.863335,0.050617,29.523459,0.856148,0.054404,29.564992,0.858090,0.053716,29.553271,0.866561,0.049744,29.519369,0.866044,0.049607,0.016393,-0.003756,0.001596,0.062621,-0.002659,0.000912,-0.002913,-0.009845,0.004699,0.038620,-0.007903,0.004011,0.026899,0.000567,0.000039,-0.007003,0.000051,-0.000098
panda_0447,"['A collage of pictures of men wearing watches.', 'It is a view of a city skyline with tall buildings in the background and water in the foreground.', 'A man wearing a sweater and a watch on his wrist.']",203,38,0.139716,20.668042,0.812954,0.136291,20.711447,0.813316,0.135782,20.677046,0.813711,0.135547,20.670954,0.812553,0.136522,20.684731,0.812989,0.136360,20.765543,0.813493,0.135888,20.658506,0.812336,0.136566,0.043404,0.000363,-0.000509,0.009004,0.000758,-0.000744,0.002912,-0.000400,0.000231,0.016688,0.000035,0.000069,0.097500,0.000539,-0.000403,-0.009537,-0.000618,0.000276
panda_0448,"['A chef is preparing food in a kitchen.', 'A waiter is serving food to customers in a restaurant.', 'A man is sitting at a table in a restaurant, eating food from a plate. he is wearing a blue shirt and a black tie.']",218,43,0.937368,10.103665,0.487553,0.844160,9.745633,0.471587,0.853546,10.471451,0.491856,0.835823,9.891280,0.462199,0.847145,10.430198,0.480217,0.826549,10.038579,0.464631,0.847673,10.169736,0.469846,0.846071,-0.358032,-0.015966,0.009386,0.367786,0.004303,-0.008338,-0.212385,-0.025354,0.002985,0.326533,-0.007336,-0.017611,-0.065086,-0.022922,0.003512,0.066071,-0.017708,0.001911
panda_0449,"['A young girl is preparing food on a cutting board in a kitchen.', 'A person is preparing a dish in a bowl on a wooden cutting board.', 'The person is preparing salmon in a white bowl on a wooden cutting board.']",213,41,1.506437,18.956195,0.765473,0.261615,18.561565,0.723861,0.274232,18.312291,0.725529,0.267201,18.940449,0.760491,0.265149,18.971116,0.762396,0.264320,19.116723,0.772587,0.259372,18.972571,0.766712,0.261459,-0.394630,-0.041613,0.012617,-0.643904,-0.039944,0.005586,-0.015745,-0.004982,0.003534,0.014922,-0.003077,0.002705,0.160528,0.007114,-0.002242,0.016377,0.001239,-0.000156
panda_0450,"['A woman is sitting on a couch and talking to the camera with a serious expression.', 'Two women dressed in period costumes talking to each other.', 'A young woman is sitting on a couch and talking to the camera, with a pink background behind her.']",250,45,0.158899,24.415952,0.920275,0.045578,24.491604,0.919916,0.046185,24.488190,0.919770,0.045802,24.373127,0.919565,0.045793,24.816178,0.919295,0.045836,24.440699,0.920168,0.045628,24.420468,0.919997,0.045680,0.075652,-0.000359,0.000608,0.072238,-0.000505,0.000224,-0.042825,-0.000711,0.000216,0.400226,-0.000980,0.000259,0.024747,-0.000107,0.000050,0.004516,-0.000278,0.000102
panda_0451,"['A black background with the words ""no known anything about him"".', 'A black background with the words everyone will know his name.', 'The disaster artist logo on a black background.']",185,30,0.302124,22.416562,0.782833,0.258878,22.499333,0.782980,0.259168,22.558493,0.782844,0.258907,22.255643,0.780072,0.259628,22.282065,0.781697,0.259329,22.454297,0.782813,0.258688,22.469028,0.782866,0.258636,0.082771,0.000147,0.000290,0.141931,0.000011,0.000029,-0.160919,-0.002761,0.000750,-0.134497,-0.001135,0.000451,0.037736,-0.000019,-0.000190,0.052466,0.000033,-0.000241
panda_0452,"['The computer screen is displaying a white screen with a black border, and there are various icons on the screen.', 'A screen shot of a computer screen showing a woven pattern.', 'A screen shot of a computer screen showing a woven pattern.']",242,42,0.156269,17.754008,0.711373,0.380651,14.123187,0.685728,0.398375,18.936046,0.737408,0.341826,18.002256,0.715341,0.377096,18.045989,0.715551,0.379656,18.000004,0.714515,0.377453,18.002172,0.713018,0.378963,-3.630821,-0.025645,0.017724,1.182038,0.026035,-0.038826,0.248247,0.003967,-0.003555,0.291981,0.004178,-0.000996,0.245996,0.003142,-0.003198,0.248164,0.001645,-0.001689
panda_0453,"['A mobile phone with the word subscribe written in hindi on a yellow and blue background.', 'A smartphone screen with the word subscribe in hindi.', 'The text ""subscribe please thanks for watching"" is written in red on a blue background.']",240,40,1.154176,27.388126,0.921151,0.263351,25.711686,0.902144,0.277284,25.496569,0.903658,0.277619,25.561692,0.898119,0.275571,26.300661,0.908906,0.284999,27.321692,0.921071,0.261170,27.199390,0.918672,0.266221,-1.676440,-0.019008,0.013933,-1.891557,-0.017493,0.014268,-1.826434,-0.023033,0.012220,-1.087464,-0.012245,0.021648,-0.066434,-0.000081,-0.002181,-0.188736,-0.002479,0.002870
panda_0454,"['It is a black background with white text that reads ""2009 volkswagen jetta tdi mk4 front brake pads"".', ""A person is working on a car's brake system."", 'A person in a pair of gloves holding a small package.']",210,38,2.189246,32.548171,0.949847,0.007703,32.471410,0.944803,0.007622,32.371313,0.946257,0.007668,32.535902,0.939768,0.007694,32.434393,0.940989,0.007712,32.545985,0.949771,0.007693,32.546694,0.949512,0.007706,-0.076761,-0.005045,-0.000081,-0.176858,-0.003590,-0.000035,-0.012269,-0.010080,-0.000009,-0.113778,-0.008858,0.000009,-0.002186,-0.000076,-0.000010,-0.001477,-0.000335,0.000002
panda_0455,"['A man holding a microphone in front of a red car.', 'A close up of a red sports car.', 'A man in a suit holding a microphone standing next to a red car at a show.']",166,36,2.315878,14.501448,0.609510,0.534408,14.268637,0.636817,0.533525,14.800075,0.635189,0.526380,14.565397,0.614906,0.531633,14.492544,0.611902,0.533802,14.497127,0.608840,0.535093,14.470740,0.607260,0.536720,-0.232811,0.027308,-0.000883,0.298627,0.025679,-0.008028,0.063948,0.005397,-0.002776,-0.008904,0.002393,-0.000606,-0.004321,-0.000670,0.000685,-0.030708,-0.002249,0.002312
panda_0456,"['A man is driving a car with an autonomous system.', 'A car driving down a highway with a steering wheel and dashboard.', 'An aerial view of an intersection with cars on the road.']",182,33,4.048197,11.386652,0.472642,0.452734,11.430234,0.474109,0.451292,11.393110,0.481623,0.449019,11.398992,0.474003,0.451180,11.434007,0.474712,0.446912,11.417918,0.474020,0.450785,11.424079,0.473695,0.449251,0.043582,0.001467,-0.001442,0.006458,0.008981,-0.003715,0.012340,0.001362,-0.001554,0.047355,0.002070,-0.005821,0.031267,0.001378,-0.001949,0.037428,0.001053,-0.003483
panda_0457,"['An orange phone is placed on a stand with a black background.', 'A person holding a cell phone in its packaging.', 'A person holding an orange case for a cell phone.']",169,31,7.816243,7.392709,0.391677,0.808770,5.251252,0.306327,0.848661,5.197532,0.311877,0.842702,7.866302,0.395213,0.789187,7.496051,0.387422,0.805260,7.444595,0.386213,0.818237,7.833226,0.398470,0.805781,-2.141457,-0.085349,0.039892,-2.195176,-0.079799,0.033932,0.473593,0.003536,-0.019583,0.103342,-0.004255,-0.003510,0.051887,-0.005464,0.009468,0.440517,0.006793,-0.002989
panda_0458,"['Person is pouring a liquid into small cups on a baking tray.', 'A person holding a jar of something in their hand.', 'A person is putting green frosting on cupcakes.']",169,30,0.069994,18.475243,0.773754,0.278112,18.394094,0.771775,0.276194,18.291422,0.770091,0.279778,18.429939,0.772903,0.278732,18.133002,0.770062,0.279039,18.414091,0.772629,0.278422,18.423673,0.773583,0.278156,-0.081149,-0.001979,-0.001918,-0.183821,-0.003662,0.001666,-0.045304,-0.000851,0.000620,-0.342241,-0.003692,0.000927,-0.061152,-0.001124,0.000310,-0.051570,-0.000170,0.000043
panda_0459,"['A man is holding up a large cardboard sign that says ""solo"".', 'A video game with a view of a roller coaster.', 'A computer generated image of a roller coaster.']",164,30,0.187976,23.597360,0.890062,0.042307,23.899640,0.891772,0.039961,23.611484,0.889648,0.042461,23.565909,0.889117,0.042958,23.620425,0.889759,0.042447,23.666227,0.890602,0.041849,23.555523,0.889716,0.042712,0.302280,0.001710,-0.002346,0.014124,-0.000414,0.000154,-0.031451,-0.000945,0.000650,0.023065,-0.000303,0.000140,0.068867,0.000540,-0.000458,-0.041837,-0.000346,0.000405
panda_0460,"['A car is driving down a road with trees on both sides.', 'The person is driving a car on a mountain road with snow covered mountains in the background.', 'A black mercedes clk parked on a snowy road.']",203,38,0.489798,16.537616,0.591092,0.264260,16.520774,0.598998,0.258193,16.533920,0.598981,0.257876,16.481788,0.594678,0.258822,16.576734,0.594911,0.254999,16.535467,0.590455,0.262729,16.550150,0.589967,0.264605,-0.016842,0.007906,-0.006067,-0.003696,0.007890,-0.006384,-0.055828,0.003586,-0.005438,0.039118,0.003819,-0.009261,-0.002149,-0.000636,-0.001531,0.012534,-0.001125,0.000345
panda_0461,"['An iphone, a cup of coffee, a yellow sticky note, and a computer are on a desk.', 'A samsung phone on a table next to a cup of coffee and a notepad.', 'An iphone and a cup of coffee on a table.']",197,42,0.071491,14.037378,0.730193,0.347138,17.533847,0.824959,0.220838,22.959671,0.880344,0.149238,22.291501,0.876960,0.158273,21.979013,0.877775,0.159792,12.810002,0.647126,0.421623,14.023781,0.720513,0.355146,3.496469,0.094766,-0.126301,8.922293,0.150151,-0.197900,8.254123,0.146767,-0.188865,7.941635,0.147582,-0.187347,-1.227376,-0.083067,0.074485,-0.013597,-0.009680,0.008007
panda_0462,"['A cell phone with the text ""detailed appointment history access multiple schedules view package details"".', 'A smartphone is displayed on a white background.', 'There is a black smartphone on a white background with the word ""appointment plus"" displayed on the screen.']",272,41,0.918676,8.618517,0.621918,0.576873,8.671139,0.594685,0.569115,8.594476,0.590098,0.553436,8.777421,0.593725,0.569930,8.938472,0.583343,0.559092,9.099823,0.598314,0.563622,8.711882,0.622275,0.576031,0.052622,-0.027233,-0.007758,-0.024041,-0.031821,-0.023437,0.158904,-0.028193,-0.006943,0.319954,-0.038576,-0.017781,0.481305,-0.023604,-0.013251,0.093365,0.000357,-0.000842
panda_0463,"['The computer program is searching for and highlighting different components of a software application.', 'A computer screen with a lot of icons on it.', 'A computer screen showing a list of files.']",200,32,0.106355,13.800848,0.695179,0.405027,13.208395,0.682713,0.417782,13.341626,0.688752,0.408816,13.669790,0.691217,0.407070,13.734760,0.694441,0.402989,13.645542,0.692273,0.403208,13.763033,0.693488,0.407049,-0.592453,-0.012466,0.012755,-0.459222,-0.006428,0.003789,-0.131058,-0.003963,0.002043,-0.066088,-0.000738,-0.002038,-0.155306,-0.002906,-0.001819,-0.037815,-0.001691,0.002022
panda_0464,"['A man wearing headphones is sitting in front of a laptop computer and talking into a microphone.', 'A man is sitting at a desk with a microphone in front of him. he is wearing a baseball cap and appears to be talking into the microphone.', 'A man is sitting in a chair and talking to a microphone. he is wearing a black shirt.']",330,63,0.060732,21.412048,0.856785,0.111953,21.454433,0.856786,0.111525,21.542732,0.856710,0.111398,21.439498,0.856331,0.111818,21.339804,0.856165,0.112098,21.491721,0.856526,0.111527,21.507404,0.857296,0.111599,0.042385,0.000001,-0.000428,0.130683,-0.000075,-0.000554,0.027450,-0.000454,-0.000135,-0.072245,-0.000620,0.000145,0.079673,-0.000258,-0.000425,0.095355,0.000511,-0.000353
panda_0465,"['It is a close up shot of a succulent plant with small insects crawling on it.', 'It is a close up shot of a succulent plant with dew droplets on its leaves.', 'The plant is a succulent with red flowers and green leaves.']",223,43,0.274897,32.072594,0.968400,0.011540,32.073045,0.967243,0.012244,32.171863,0.968724,0.011661,32.007931,0.967558,0.012076,32.069240,0.967698,0.012029,32.060569,0.968026,0.011675,32.031200,0.968028,0.011632,0.000451,-0.001157,0.000704,0.099269,0.000324,0.000121,-0.064663,-0.000842,0.000537,-0.003354,-0.000702,0.000490,-0.012025,-0.000374,0.000135,-0.041394,-0.000372,0.000093
panda_0466,"['A person is cutting a red pepper on a cutting board with a knife.', 'A person putting food into a toaster oven.', 'An elderly man is standing in a kitchen and smiling at the camera.']",185,35,2.843806,7.133936,0.528634,0.718268,7.303561,0.515063,0.718430,7.353425,0.519074,0.716550,7.117256,0.526785,0.721461,7.112245,0.523724,0.723325,7.139450,0.530033,0.716644,7.113618,0.524514,0.720453,0.169625,-0.013572,0.000162,0.219489,-0.009560,-0.001718,-0.016680,-0.001849,0.003193,-0.021691,-0.004910,0.005058,0.005514,0.001399,-0.001623,-0.020318,-0.004120,0.002186
panda_0467,"['A person is mixing ingredients in a bowl on a wooden table.', 'A young man is standing in a kitchen, holding a smartphone and looking at it. he is wearing a blue shirt and has short brown hair.', 'There are several baked cookies on a piece of parchment paper on a wooden surface.']",283,53,0.771536,13.075871,0.519752,0.552175,12.925997,0.520950,0.552821,13.022904,0.521961,0.549634,13.057545,0.519123,0.553313,13.072956,0.519187,0.553215,13.055369,0.519136,0.551454,13.058369,0.519207,0.553200,-0.149873,0.001198,0.000646,-0.052967,0.002209,-0.002540,-0.018326,-0.000629,0.001138,-0.002915,-0.000565,0.001040,-0.020502,-0.000616,-0.000720,-0.017502,-0.000545,0.001025
panda_0468,"['There is a staircase leading to the second floor of an open-concept loft with a modern interior design.', 'The bathroom has a white toilet, sink, and bathtub. the walls are painted green, and there is a window in the room.', 'A large lawn of green grass in front of a home with a driveway that leads to a wooded area.']",321,60,2.136436,7.312555,0.229756,0.790445,6.197511,0.218433,0.796062,6.724245,0.209143,0.781723,7.256568,0.224490,0.794268,6.904999,0.230706,0.786807,7.266606,0.217093,0.779983,7.265832,0.231209,0.786865,-1.115044,-0.011323,0.005617,-0.588310,-0.020613,-0.008721,-0.055987,-0.005266,0.003823,-0.407556,0.000950,-0.003637,-0.045950,-0.012663,-0.010462,-0.046723,0.001453,-0.003580
panda_0469,"['People are exercising on outdoor fitness equipment in a park.', 'A construction worker is using a hammer and chisel to break up concrete on a construction site.', 'There is a busy city street with a lot of traffic, including cars, buses, and motorcycles.']",258,43,0.306785,13.887722,0.588689,0.415832,13.646574,0.584870,0.416561,13.781013,0.587312,0.417592,13.564410,0.586997,0.416251,13.589543,0.589986,0.416167,13.572767,0.586696,0.418778,13.559911,0.591746,0.417770,-0.241148,-0.003819,0.000730,-0.106709,-0.001378,0.001760,-0.323313,-0.001693,0.000419,-0.298179,0.001297,0.000336,-0.314955,-0.001993,0.002946,-0.327812,0.003057,0.001938
panda_0470,"['A person is playing with a toy made of lego bricks.', 'A person is holding a small black and white lego piece in their hand, and they are trying to put it together.', 'A person is holding a lego in their hand.']",213,42,1.193391,22.334601,0.877117,0.181033,22.332995,0.875427,0.177286,22.270969,0.874645,0.179501,22.300204,0.872338,0.180156,22.292892,0.872411,0.180732,22.332687,0.877339,0.180619,22.318370,0.877163,0.180131,-0.001606,-0.001690,-0.003748,-0.063632,-0.002471,-0.001532,-0.034397,-0.004778,-0.000877,-0.041708,-0.004706,-0.000301,-0.001914,0.000222,-0.000414,-0.016231,0.000046,-0.000903
panda_0471,"['A chef is mixing ingredients in a pot on a stove.', 'A person pouring liquid into a pot on a stove.', 'A close up of some food on a plate.']",142,30,0.937679,10.854743,0.265224,0.710971,10.896394,0.298918,0.666581,10.689388,0.324278,0.683850,10.802728,0.276136,0.720432,10.515975,0.271781,0.738438,10.753348,0.290014,0.717512,10.398529,0.273936,0.742582,0.041651,0.033694,-0.044389,-0.165354,0.059054,-0.027120,-0.052015,0.010912,0.009461,-0.338768,0.006557,0.027468,-0.101395,0.024790,0.006541,-0.456213,0.008712,0.031612
panda_0472,"['There is a wooden ramp with green artificial grass on it.', 'There is a wooden ramp with green grass on it.', 'A close up of a piece of wood and a piece of green grass.']",172,35,0.916500,15.411860,0.353033,0.268924,15.462280,0.358958,0.273635,15.778874,0.363320,0.253599,15.377188,0.349964,0.266133,15.411394,0.351196,0.266733,15.409429,0.351575,0.268343,15.378997,0.351372,0.268312,0.050420,0.005925,0.004711,0.367014,0.010287,-0.015325,-0.034671,-0.003069,-0.002792,-0.000466,-0.001837,-0.002191,-0.002431,-0.001458,-0.000582,-0.032863,-0.001661,-0.000612
panda_0474,"['The news reporter is reporting live from a snowy city street at night.', 'A truck and a car on a street at night.', 'A picture of a newscast with three people on it.']",169,33,0.104601,17.666392,0.836546,0.145955,17.758093,0.839178,0.143151,17.762597,0.839933,0.141787,17.671864,0.836457,0.145859,17.674249,0.836621,0.145876,17.664033,0.836417,0.145988,17.662461,0.836510,0.146094,0.091701,0.002632,-0.002804,0.096205,0.003386,-0.004167,0.005472,-0.000089,-0.000096,0.007857,0.000075,-0.000079,-0.002359,-0.000129,0.000033,-0.003931,-0.000036,0.000139
panda_0475,"['A comedian is performing stand-up comedy on stage in front of an audience.', 'A comedian is performing on stage in front of an audience.', 'Two men on stage with a microphone in front of them.']",196,35,1.364841,13.520843,0.483067,0.641355,12.159695,0.448443,0.714359,12.696606,0.422980,0.710333,13.529806,0.458710,0.678939,13.640651,0.464423,0.651141,13.544018,0.483123,0.648810,13.491935,0.478546,0.652809,-1.361148,-0.034624,0.073005,-0.824237,-0.060088,0.068978,0.008962,-0.024357,0.037584,0.119808,-0.018644,0.009786,0.023174,0.000055,0.007455,-0.028909,-0.004521,0.011454
panda_0476,"['A young man is standing in front of a black background with a dartboard and a sign behind him.', ""It is a scene from star wars the last jedi, showing the interior of snoke's supremacy, a massive mega class star destroyer with 32 engines and passengers consisting mostly of storm troopers and officers, with some black color bb units for light repairs. the command bridge is located in the middle on top of the ship, guarded by stormtroopers, and no hyperdrive has been reported to be implanted in this ship yet."", 'A man standing in front of a wall with a dart board.']",571,103,5.496540,5.514031,0.492476,0.543017,5.182517,0.451847,0.571072,5.199638,0.467606,0.561150,5.431785,0.481839,0.544915,5.474791,0.484740,0.546245,5.487558,0.492676,0.543003,5.533811,0.497381,0.559527,-0.331514,-0.040629,0.028055,-0.314393,-0.024871,0.018133,-0.082246,-0.010638,0.001897,-0.039240,-0.007736,0.003228,-0.026472,0.000200,-0.000014,0.019781,0.004904,0.016509
panda_0477,"['There are people kayaking in the ocean with a rocky cliff in the background.', 'A person in a kayak with a paddle is in a body of water near a cliff.', 'A person is paddling in a kayak on a river with lush vegetation and rock formations.']",241,47,0.618691,18.775714,0.729095,0.155654,18.824579,0.731657,0.153777,19.096750,0.734649,0.145753,18.778300,0.729558,0.156391,18.775966,0.730269,0.155361,18.766072,0.728476,0.156211,18.764740,0.727240,0.157058,0.048865,0.002562,-0.001876,0.321037,0.005553,-0.009900,0.002587,0.000463,0.000738,0.000252,0.001173,-0.000293,-0.009642,-0.000620,0.000558,-0.010974,-0.001855,0.001405
panda_0478,"['A team of football players are warming up on the field before a game of soccer.', 'A man is standing next to another man on a soccer field.', 'A group of soccer players are training on the field.']",199,38,0.308633,8.640370,0.324560,0.700835,8.883395,0.352972,0.720261,9.029295,0.359600,0.718072,8.532749,0.331131,0.730463,8.533170,0.326413,0.731968,8.872194,0.336358,0.712797,9.032518,0.340359,0.707896,0.243025,0.028412,0.019426,0.388925,0.035041,0.017237,-0.107621,0.006571,0.029629,-0.107200,0.001853,0.031133,0.231824,0.011799,0.011963,0.392148,0.015799,0.007061
panda_0479,"['There is a red sports car parked in a parking garage.', 'A man is driving a car in the city and the camera is on the inside of the car.', 'A man wearing sunglasses and a black leather jacket is standing outside a building on a sunny day.']",241,48,0.144144,9.023430,0.405800,0.626808,8.945312,0.401068,0.634584,8.673746,0.421418,0.626586,9.445455,0.401965,0.623779,9.479313,0.402250,0.626319,9.021680,0.407414,0.624519,9.131177,0.407338,0.626133,-0.078117,-0.004732,0.007776,-0.349683,0.015618,-0.000222,0.422026,-0.003835,-0.003029,0.455884,-0.003550,-0.000489,-0.001750,0.001614,-0.002289,0.107747,0.001539,-0.000676
panda_0480,"['A young woman is sitting on the floor with her phone in front of her. she appears to be watching something on the screen, possibly a video or a live stream.', 'A young woman is applying makeup to her face in front of a mirror while holding a cell phone.', 'A woman is drinking a strawberry lemonade beverage from a plastic cup while standing in a kitchen.']",359,67,0.471068,15.757064,0.607962,0.244192,15.779122,0.607515,0.243806,15.788021,0.607371,0.243808,15.749112,0.607643,0.243947,15.738057,0.607370,0.244415,15.803682,0.607807,0.243854,15.797822,0.607662,0.244308,0.022058,-0.000447,-0.000385,0.030957,-0.000591,-0.000384,-0.007952,-0.000319,-0.000244,-0.019007,-0.000592,0.000224,0.046618,-0.000155,-0.000338,0.040758,-0.000300,0.000116
panda_0481,"['The word ""warfare"" is written on a black background with white letters.', 'A video game screen showing a grassy field with a house in the background.', 'A screenshot of a video game with a purple house in the background.']",224,39,0.749620,8.465343,0.223251,0.771221,8.494785,0.236172,0.742267,8.430363,0.230902,0.752027,8.362886,0.224367,0.748578,8.388608,0.221413,0.758191,8.355212,0.222091,0.779440,8.308969,0.222124,0.762267,0.029441,0.012921,-0.028954,-0.034980,0.007651,-0.019194,-0.102457,0.001116,-0.022643,-0.076735,-0.001838,-0.013029,-0.110132,-0.001160,0.008219,-0.156374,-0.001127,-0.008954
panda_0482,"['A black man is standing in front of a dark background, wearing a plaid shirt and talking to the camera.', 'A black man is standing in front of a dark background and talking to the camera.', 'A picture of a river with mountains in the background.']",249,46,1.739971,13.311547,0.413716,0.651790,14.503628,0.456112,0.549370,14.621404,0.454216,0.554630,13.086943,0.406471,0.656182,13.411255,0.411078,0.655788,14.567258,0.452088,0.547632,14.604660,0.452923,0.547228,1.192081,0.042395,-0.102421,1.309858,0.040499,-0.097160,-0.224604,-0.007246,0.004392,0.099708,-0.002639,0.003998,1.255711,0.038371,-0.104158,1.293113,0.039207,-0.104563
panda_0483,"['There are several balls made of different fabrics, such as red, blue, and white, and some of them have a checkered pattern.', 'A person is holding a white ball on a table.', 'A person is tying a black and gray ball with a string.']",233,44,0.667464,11.587199,0.711223,0.397982,11.192175,0.700544,0.400590,11.643468,0.705426,0.393052,11.528884,0.699830,0.402646,11.501284,0.705339,0.400872,11.557584,0.708411,0.398963,11.493615,0.704930,0.402775,-0.395024,-0.010679,0.002609,0.056269,-0.005797,-0.004930,-0.058315,-0.011393,0.004664,-0.085915,-0.005884,0.002891,-0.029615,-0.002812,0.000982,-0.093584,-0.006293,0.004793
panda_0484,"['A close up of a pile of items on a table.', 'There are several green plastic objects in a black box.', 'A black box containing a variety of items.']",150,29,1.276878,23.185400,0.934359,0.207109,22.906782,0.932744,0.211517,22.841696,0.932518,0.211657,23.166662,0.934675,0.207539,23.124667,0.934349,0.207709,23.231481,0.934768,0.206787,23.220833,0.934674,0.206460,-0.278618,-0.001615,0.004409,-0.343704,-0.001841,0.004549,-0.018738,0.000316,0.000430,-0.060733,-0.000011,0.000600,0.046081,0.000409,-0.000321,0.035433,0.000315,-0.000649
panda_0485,"['A black book with a picture of a yellow bus.', 'There is an entrance to a hotel with a sign that says ""vibe hotel"" in front of the building.', 'The background is dark with white lines and text.']",197,38,0.624613,22.958109,0.735087,0.095591,23.022165,0.736760,0.094925,22.981390,0.735320,0.095575,22.980696,0.734921,0.097527,22.970755,0.734430,0.096695,22.986401,0.735561,0.095749,23.033947,0.736965,0.094872,0.064057,0.001672,-0.000666,0.023282,0.000233,-0.000017,0.022588,-0.000167,0.001936,0.012646,-0.000657,0.001103,0.028293,0.000474,0.000158,0.075839,0.001877,-0.000720
panda_0486,"['A computer screen with a picture of a tiger in flames.', 'A screen shot of a computer screen with a flame on it.', 'The player is inside a minecraft world and they are trying to find their way out of the floor.']",214,42,0.059194,6.478360,0.408974,0.662748,6.551515,0.419762,0.661538,6.539040,0.421380,0.660055,6.467984,0.406314,0.660849,6.488074,0.409059,0.662003,6.487719,0.408510,0.664203,6.517575,0.411416,0.663985,0.073156,0.010787,-0.001210,0.060680,0.012405,-0.002693,-0.010376,-0.002660,-0.001898,0.009714,0.000084,-0.000745,0.009359,-0.000465,0.001455,0.039215,0.002441,0.001237
panda_0487,"['A man in a red jacket standing in a flooded area.', 'A flooded street with tall buildings in the background.', 'A man in a suit and tie standing in front of a weather map.']",175,34,0.080889,26.601109,0.890611,0.063233,26.467463,0.890201,0.066325,26.496537,0.891447,0.064958,26.568682,0.889713,0.064138,26.610054,0.890120,0.064256,26.589027,0.890486,0.063473,26.576638,0.890215,0.063829,-0.133646,-0.000410,0.003092,-0.104571,0.000836,0.001724,-0.032427,-0.000898,0.000905,0.008945,-0.000491,0.001023,-0.012082,-0.000125,0.000240,-0.024471,-0.000396,0.000596
panda_0488,"['A bookmark with a safety pin attached to it.', 'A woman with red hair sitting in a room.', 'A person holding a piece of string next to a book with the word ""verdenschool"" written on it.']",189,36,1.734744,19.031513,0.747035,0.175824,19.070913,0.748511,0.173856,19.062812,0.746454,0.175262,19.063205,0.747475,0.175880,19.002491,0.745220,0.177524,19.010707,0.746314,0.176576,19.017903,0.746616,0.176052,0.039400,0.001476,-0.001968,0.031299,-0.000581,-0.000562,0.031692,0.000440,0.000056,-0.029022,-0.001815,0.001700,-0.020806,-0.000721,0.000752,-0.013610,-0.000419,0.000228
panda_0489,"['A person is opening a can of matcha tea.', 'A bowl with a cat on it is being stirred with chopsticks.', 'A person is stirring a bowl of green liquid with a spoon.']",166,33,5.118141,16.122200,0.736321,0.217986,16.018946,0.734198,0.221121,16.077151,0.736575,0.217748,16.250204,0.740032,0.211953,16.232231,0.739723,0.212631,16.123344,0.735833,0.219099,16.165356,0.737312,0.216310,-0.103254,-0.002123,0.003135,-0.045049,0.000254,-0.000238,0.128004,0.003711,-0.006033,0.110031,0.003402,-0.005355,0.001144,-0.000488,0.001112,0.043155,0.000991,-0.001676
panda_0490,"['A person is using a wooden spoon to mix red peppers in a frying pan.', 'A person is stirring a red bowl of soup with a spoon.', 'There is a bowl of soup on a stove, and a person is stirring it with a spoon.']",210,45,0.390051,6.791569,0.333552,0.883868,6.851814,0.334419,0.879094,6.810709,0.331263,0.879502,6.780955,0.322374,0.884885,6.785127,0.322002,0.883909,6.770305,0.332485,0.884696,6.785527,0.325670,0.882767,0.060245,0.000868,-0.004774,0.019140,-0.002289,-0.004366,-0.010614,-0.011178,0.001016,-0.006442,-0.011550,0.000041,-0.021264,-0.001067,0.000828,-0.006042,-0.007882,-0.001101
panda_0491,"['A man in a red shirt preparing food in a kitchen.', 'The chef is holding a bottle of water with cucumbers in it, and he is wearing a red shirt.', 'A cutting board with a bottle of water, cucumber, lemon, ginger and other fresh fruits and vegetables.']",253,47,1.602286,17.641463,0.782371,0.196755,17.400885,0.780410,0.201271,17.709375,0.781976,0.196885,17.653689,0.781849,0.197536,17.755072,0.782702,0.194350,17.727317,0.782893,0.194684,17.711237,0.783747,0.194386,-0.240578,-0.001962,0.004515,0.067913,-0.000395,0.000129,0.012227,-0.000522,0.000781,0.113610,0.000331,-0.002406,0.085854,0.000522,-0.002071,0.069775,0.001376,-0.002369
panda_0492,"['The settings page on the xbox one.', 'The settings menu on the xbox one.', 'The settings page on the xbox live website.']",123,22,0.126760,9.975171,0.690178,0.332905,10.112298,0.703114,0.319692,10.023972,0.703217,0.322129,10.014875,0.691819,0.327615,9.965711,0.691667,0.327906,10.025663,0.693827,0.326741,9.974078,0.690423,0.331956,0.137127,0.012936,-0.013212,0.048801,0.013039,-0.010776,0.039704,0.001641,-0.005289,-0.009460,0.001489,-0.004999,0.050493,0.003649,-0.006163,-0.001093,0.000245,-0.000948
panda_0493,"['The logo for day drops super official food reviews.', 'There is a menu board outside a fast food restaurant with various items listed, including burgers, sandwiches, fries, and drinks.', 'A view of a parking lot with snow on the ground.']",240,40,0.182008,40.720648,0.967688,0.001345,40.728973,0.964991,0.001353,40.638576,0.966544,0.001391,40.690405,0.960265,0.001392,40.645958,0.961769,0.001402,40.680621,0.967825,0.001364,40.690956,0.967845,0.001356,0.008324,-0.002697,0.000008,-0.082072,-0.001145,0.000046,-0.030243,-0.007424,0.000047,-0.074691,-0.005919,0.000057,-0.040028,0.000137,0.000019,-0.029693,0.000157,0.000011
panda_0494,"['There is a tank on display in a dark room, and it appears to be a 3d image.', 'A video game screen with some boxes on it.', 'There are screenshots of a video game, with a tank in the background.']",198,40,0.965640,6.944013,0.586205,0.583565,6.715594,0.553462,0.532986,7.735187,0.603964,0.561740,7.068856,0.623246,0.577148,6.271704,0.501380,0.669293,6.768269,0.559862,0.604252,6.230846,0.505407,0.655020,-0.228419,-0.032743,-0.050579,0.791173,0.017759,-0.021824,0.124842,0.037040,-0.006417,-0.672310,-0.084825,0.085729,-0.175744,-0.026343,0.020688,-0.713168,-0.080798,0.071455
panda_0495,"['A skeleton of a large animal in a museum.', 'There is a skeleton of an animal hanging on the wall in a museum.', 'A close up of a dinosaur skeleton on display in a museum.']",175,35,0.448752,22.170316,0.774299,0.054878,22.027474,0.766660,0.056746,22.022182,0.765882,0.057891,22.104613,0.770320,0.053699,22.050135,0.767895,0.053874,22.137328,0.772524,0.053415,22.124744,0.771606,0.053087,-0.142842,-0.007639,0.001868,-0.148134,-0.008417,0.003013,-0.065703,-0.003980,-0.001179,-0.120181,-0.006404,-0.001004,-0.032988,-0.001775,-0.001463,-0.045572,-0.002694,-0.001791
panda_0496,"['A screen shot of the fifa store website.', 'A screen shot of a video game with a man in a blue hoodie.', 'A man is in a room with a message on the wall.']",156,34,0.109269,25.160692,0.929626,0.039145,25.126528,0.929718,0.038942,25.213896,0.930362,0.038689,25.083458,0.928274,0.039734,25.104991,0.928506,0.039737,25.155514,0.929657,0.039103,25.168789,0.929772,0.039087,-0.034164,0.000092,-0.000203,0.053204,0.000736,-0.000456,-0.077234,-0.001352,0.000588,-0.055701,-0.001120,0.000592,-0.005178,0.000031,-0.000042,0.008097,0.000146,-0.000058
panda_0497,"['A pair of gloves holding a pencil to a piece of metal.', 'A piece of metal is sitting on top of a black surface.', 'A close up of a piece of metal.']",151,32,0.099680,14.270335,0.727844,0.302886,14.537062,0.732561,0.307746,15.018691,0.740977,0.284050,14.250798,0.728107,0.304627,14.305988,0.729707,0.302126,14.507765,0.733997,0.299705,14.426572,0.730847,0.302427,0.266728,0.004716,0.004860,0.748356,0.013133,-0.018836,-0.019537,0.000263,0.001741,0.035653,0.001862,-0.000761,0.237430,0.006153,-0.003181,0.156237,0.003003,-0.000459
panda_0498,"['The front grille of a blue audi suv.', 'A blue suv is driving on a country road and passing by a signboard.', 'A blue car is driving down a country road with trees on either side.']",183,36,0.081559,25.799968,0.834900,0.047588,25.610955,0.828855,0.048050,25.603588,0.828507,0.048136,25.784135,0.834214,0.047815,25.790894,0.834266,0.047723,25.792869,0.834694,0.047702,25.827917,0.835813,0.047388,-0.189013,-0.006046,0.000462,-0.196380,-0.006393,0.000548,-0.015833,-0.000686,0.000227,-0.009074,-0.000634,0.000136,-0.007099,-0.000207,0.000114,0.027948,0.000913,-0.000200
panda_0499,"['A car driving on a road with large tires.', 'An off-road vehicle is driving on a dirt road and creating dust.', 'A black and orange off road vehicle parked next to a body of water.']",184,35,2.217154,10.187799,0.491986,0.663427,10.196591,0.492703,0.662989,10.200740,0.492765,0.662976,10.241867,0.493968,0.662122,10.235184,0.494408,0.662463,10.246432,0.494071,0.662563,10.249415,0.494124,0.662469,0.008792,0.000718,-0.000438,0.012941,0.000779,-0.000450,0.054068,0.001983,-0.001305,0.047385,0.002422,-0.000963,0.058633,0.002085,-0.000864,0.061615,0.002138,-0.000958
panda_0500,"['A pair of blue clamps holding a piece of wood.', 'There is a wooden plank on a table with measurements written on it.', 'A piece of wood with writing on it.']",160,31,1.363845,19.904617,0.844501,0.160575,19.896583,0.844116,0.160847,19.927915,0.844092,0.161933,19.930695,0.843886,0.161260,19.926243,0.843903,0.161331,19.921766,0.844219,0.161233,19.909910,0.844493,0.160551,-0.008034,-0.000385,0.000272,0.023298,-0.000409,0.001358,0.026078,-0.000615,0.000685,0.021627,-0.000598,0.000757,0.017150,-0.000282,0.000658,0.005293,-0.000008,-0.000023
panda_0501,"['Two dogs in life jackets standing next to a raft.', 'A couple of dogs walking down some stairs.', 'There are two small dogs wearing matching outfits walking on a leash together.']",181,31,1.006914,16.933400,0.647607,0.373346,17.082737,0.653156,0.369432,17.013407,0.650673,0.372126,16.915046,0.646436,0.374207,16.948895,0.648001,0.373231,16.936228,0.647384,0.373571,16.984585,0.649504,0.371894,0.149337,0.005549,-0.003914,0.080007,0.003065,-0.001220,-0.018354,-0.001171,0.000861,0.015495,0.000394,-0.000116,0.002828,-0.000224,0.000225,0.051185,0.001897,-0.001452
panda_0502,"['There are glasses filled with strawberries and bananas on a table.', 'There are several glasses filled with fruit, including bananas and strawberries, on a countertop.', 'There are several glasses filled with different types of desserts on a table, including strawberries, bananas, and blueberries.']",302,43,4.650609,10.086868,0.356243,0.651531,10.081152,0.354698,0.652673,10.084627,0.354981,0.652636,10.094143,0.356200,0.651801,10.119100,0.357115,0.648575,10.088497,0.355625,0.651293,10.139482,0.357090,0.648100,-0.005716,-0.001545,0.001141,-0.002241,-0.001262,0.001105,0.007275,-0.000043,0.000269,0.032232,0.000871,-0.002956,0.001629,-0.000619,-0.000239,0.052614,0.000847,-0.003432
panda_0503,"['A red, white, and blue crochet flower on a white surface.', 'A person holding a green crochet hook in their hand.', 'A person is knitting a crochet flower with green and white yarn.']",185,33,0.061153,18.904938,0.787220,0.115953,20.758951,0.790615,0.101589,19.579472,0.791999,0.110909,18.749779,0.781811,0.117664,18.864760,0.783172,0.116973,18.869475,0.785653,0.116645,18.871238,0.786735,0.116741,1.854013,0.003395,-0.014364,0.674534,0.004779,-0.005044,-0.155159,-0.005409,0.001711,-0.040178,-0.004048,0.001021,-0.035463,-0.001567,0.000692,-0.033700,-0.000485,0.000788
panda_0504,"['A picture of a blender with the caption ""when found that the vitamin container may be in fact bpa free"".', 'A picture of a blender with a quote on it.', 'A picture of a blender on a white background.']",203,39,0.240650,9.872465,0.792102,0.396637,9.392339,0.770767,0.422943,9.556381,0.778619,0.414064,9.493576,0.774877,0.412544,9.416891,0.776302,0.411778,9.812319,0.791944,0.396282,9.667593,0.787463,0.402120,-0.480126,-0.021335,0.026306,-0.316084,-0.013483,0.017427,-0.378888,-0.017225,0.015907,-0.455574,-0.015800,0.015141,-0.060146,-0.000158,-0.000355,-0.204872,-0.004639,0.005483
panda_0505,"['A man is cutting a piece of wood with an electric saw.', 'A man is wearing glasses and working on a piece of wood in a room.', 'A man is working on building a wooden structure on the floor.']",193,39,0.107120,15.725211,0.678640,0.198422,15.849729,0.683280,0.186893,15.740227,0.677993,0.197154,15.719836,0.678637,0.197518,15.804489,0.683919,0.194624,15.705994,0.678302,0.198999,15.722213,0.678069,0.197750,0.124517,0.004640,-0.011529,0.015016,-0.000646,-0.001269,-0.005375,-0.000003,-0.000905,0.079277,0.005279,-0.003798,-0.019218,-0.000338,0.000577,-0.002999,-0.000571,-0.000673
panda_0506,"['An overhead view of a race car on a race track.', 'A view from the cockpit of a race car.', 'The logo for 24hr le mans on a blue background.']",144,30,8.589098,13.690188,0.474416,0.350403,13.518197,0.465095,0.357646,13.595986,0.468290,0.353143,13.624537,0.472482,0.353081,13.704593,0.475808,0.346915,13.677184,0.474698,0.350951,13.686419,0.474636,0.349709,-0.171991,-0.009321,0.007243,-0.094202,-0.006126,0.002740,-0.065651,-0.001935,0.002677,0.014405,0.001391,-0.003488,-0.013004,0.000282,0.000548,-0.003768,0.000219,-0.000695
panda_0507,"['The europe 1 logo on a blue background.', 'The twitter and facebook logo on a blue background.', 'A blue and white logo on a blue background.']",145,26,0.067109,20.876270,0.834987,0.146494,19.771849,0.825429,0.155340,19.636253,0.824968,0.155507,20.526860,0.823600,0.211011,20.743368,0.827867,0.188093,20.983144,0.835935,0.146165,20.727794,0.833764,0.146952,-1.104422,-0.009558,0.008846,-1.240018,-0.010019,0.009013,-0.349411,-0.011387,0.064517,-0.132902,-0.007120,0.041599,0.106874,0.000948,-0.000330,-0.148476,-0.001223,0.000458
panda_0508,"['There are two young boys in pajamas sitting on a bed with a green blanket.', 'A dog looking at the camera from under a table.', 'A young girl is sitting at a table with her siblings, and she is wiping down a pillow with disinfectant spray.']",243,46,0.305552,14.308500,0.503322,0.481139,14.322232,0.503443,0.481025,14.333743,0.503471,0.480799,14.328798,0.503446,0.481098,14.315274,0.503395,0.481114,14.322067,0.503347,0.481103,14.320403,0.503319,0.481075,0.013732,0.000121,-0.000114,0.025243,0.000149,-0.000340,0.020298,0.000124,-0.000041,0.006774,0.000073,-0.000025,0.013567,0.000026,-0.000036,0.011903,-0.000002,-0.000064
panda_0509,"['A close up of a toy pony with colorful hair.', 'A close up of a couple of my little pony toys.', 'There is a pink my little pony toy in front of a blue background with balloons and other decorations.']",203,40,0.977947,21.098080,0.802742,0.242684,21.120344,0.801221,0.244245,21.019761,0.801346,0.244190,21.148199,0.801717,0.241919,21.179498,0.803146,0.241443,21.159555,0.802907,0.242487,21.087661,0.802918,0.240631,0.022264,-0.001522,0.001561,-0.078318,-0.001396,0.001506,0.050119,-0.001026,-0.000765,0.081418,0.000404,-0.001241,0.061475,0.000165,-0.000197,-0.010418,0.000175,-0.002053
panda_0510,"['A spray foam insulation installation in a room.', 'A group of workers are constructing a house using wooden frames.', 'A house under construction with the words blooper alert.']",179,28,0.053214,18.007496,0.693051,0.237714,17.967696,0.691764,0.241344,17.974955,0.692824,0.238616,18.004973,0.692866,0.238122,18.008013,0.692955,0.238128,18.000757,0.692877,0.237611,18.000848,0.692888,0.237771,-0.039800,-0.001287,0.003631,-0.032541,-0.000227,0.000902,-0.002523,-0.000185,0.000409,0.000517,-0.000096,0.000415,-0.006738,-0.000174,-0.000103,-0.006647,-0.000163,0.000057
panda_0511,"['The player is in a minecraft game and they are in a crafting table room.', 'A screen showing a list of items in a minecraft game.', 'A room in a minecraft game.']",164,32,0.044501,19.838443,0.622808,0.171344,20.289786,0.643051,0.161200,20.360473,0.657600,0.162854,19.983114,0.630051,0.173098,19.814363,0.617837,0.173505,19.981243,0.634220,0.169313,19.965016,0.634571,0.168175,0.451342,0.020243,-0.010144,0.522030,0.034792,-0.008491,0.144670,0.007243,0.001754,-0.024081,-0.004970,0.002161,0.142799,0.011412,-0.002031,0.126573,0.011763,-0.003169
panda_0512,"['An image of a red and orange object in a dark space.', 'A quote on a black background with stars in the background.', 'A photo of a space background with a quote on it.']",172,34,0.965697,26.084218,0.844389,0.250696,25.489497,0.835336,0.277816,25.892296,0.840465,0.268210,25.761445,0.836821,0.262917,25.878522,0.839709,0.252015,26.234265,0.845830,0.244220,26.222522,0.845283,0.248250,-0.594721,-0.009053,0.027121,-0.191922,-0.003924,0.017514,-0.322773,-0.007568,0.012221,-0.205697,-0.004680,0.001319,0.150047,0.001441,-0.006476,0.138304,0.000895,-0.002446
panda_0513,"['A soccer player takes the ball into the net at night in a stadium during a game.', 'A soccer player scores a goal.', 'There is a large group of people gathered in a stadium, and they are all waving flags and banners.']",220,42,1.951632,13.541707,0.288000,0.411753,13.469770,0.287459,0.425848,13.571304,0.288934,0.414727,13.558268,0.288531,0.411652,13.555574,0.288798,0.411615,13.552011,0.288347,0.411045,13.544429,0.288197,0.411589,-0.071937,-0.000541,0.014095,0.029597,0.000934,0.002974,0.016561,0.000531,-0.000101,0.013868,0.000799,-0.000138,0.010305,0.000347,-0.000709,0.002722,0.000197,-0.000165
panda_0514,"['There is a bridge over a river in a city. the bridge is made of stone and has a white building on one side.', 'A group of people standing on the side of the road.', 'There is a concrete wall with leaves on it.']",213,44,0.761622,23.287977,0.840993,0.102743,23.319553,0.842462,0.099765,23.310113,0.841603,0.099991,23.280922,0.838942,0.105354,23.286010,0.840634,0.101827,23.270657,0.839332,0.105114,23.282826,0.840792,0.102648,0.031576,0.001469,-0.002979,0.022135,0.000611,-0.002752,-0.007055,-0.002050,0.002610,-0.001967,-0.000358,-0.000916,-0.017321,-0.001661,0.002370,-0.005152,-0.000200,-0.000096
panda_0515,"['There is a messy kitchen filled with piles of clutter and debris.', 'A collage of items that are used for organizing.', 'An advertisement for the cut the clutter com.']",170,29,0.132793,34.736693,0.957453,0.011050,34.900337,0.959866,0.009392,35.143695,0.960281,0.009013,34.725021,0.960835,0.010901,34.612569,0.960048,0.011206,34.667383,0.957224,0.011184,34.708430,0.957358,0.011037,0.163644,0.002413,-0.001658,0.407002,0.002827,-0.002037,-0.011672,0.003382,-0.000149,-0.124124,0.002594,0.000156,-0.069310,-0.000229,0.000134,-0.028263,-0.000095,-0.000013
panda_0516,"['A pair of white sticks in a grassy field.', 'A close up of a yellow rope tied to a pole.', 'A red and yellow rope is attached to a black object.']",148,31,0.987509,19.021943,0.750146,0.113947,19.002751,0.749574,0.114736,18.974518,0.748016,0.116102,18.984721,0.745930,0.116492,18.978378,0.745597,0.116696,19.040789,0.751987,0.111815,19.012877,0.748984,0.113714,-0.019192,-0.000571,0.000789,-0.047425,-0.002130,0.002155,-0.037222,-0.004216,0.002544,-0.043565,-0.004548,0.002748,0.018846,0.001841,-0.002132,-0.009066,-0.001162,-0.000233
panda_0517,"['A man and a little girl preparing food in a kitchen.', 'A little girl standing next to a man in a kitchen.', 'A man and a young girl are making food in a kitchen.']",166,34,1.921297,19.317876,0.800224,0.235731,19.001693,0.795585,0.245245,19.439057,0.798225,0.233009,19.349860,0.798141,0.237799,19.517006,0.801553,0.228450,19.377368,0.799956,0.236330,19.406879,0.800079,0.234020,-0.316182,-0.004638,0.009514,0.121181,-0.001999,-0.002721,0.031984,-0.002083,0.002068,0.199130,0.001329,-0.007281,0.059493,-0.000267,0.000599,0.089003,-0.000145,-0.001711
panda_0518,"['A man holding up a camera with a red light on it.', 'It is a view of a cityscape from a high-rise building with tall, red brick buildings and a clear blue sky.', 'A close up of a red object in a mirror.']",206,43,0.432245,20.565382,0.781793,0.186063,20.514596,0.782668,0.188681,20.457073,0.782114,0.186989,20.583859,0.782468,0.185327,20.523872,0.780825,0.182703,20.586774,0.783591,0.184257,20.526607,0.784409,0.190517,-0.050786,0.000875,0.002617,-0.108309,0.000321,0.000925,0.018477,0.000675,-0.000737,-0.041510,-0.000968,-0.003361,0.021391,0.001798,-0.001807,-0.038775,0.002616,0.004453
panda_0519,"['A fence covered in snow in front of a house.', 'A man is digging a deep hole in the snow with a shovel.', 'A man is digging through snow to harvest carrots that were planted seven months ago.']",195,38,0.597336,6.591104,0.220164,0.826549,6.423020,0.222588,0.840511,6.523913,0.220765,0.847653,6.577920,0.223014,0.843894,6.613140,0.223129,0.842151,6.716724,0.220112,0.835833,6.729916,0.220405,0.837771,-0.168083,0.002424,0.013962,-0.067191,0.000601,0.021104,-0.013184,0.002850,0.017345,0.022037,0.002965,0.015602,0.125620,-0.000052,0.009284,0.138812,0.000241,0.011222
panda_0520,"['An electronic device with a red button on it.', 'An electronic device with a red button on it.', 'A close up of a machine that has a red light on it.']",153,31,0.118272,36.549496,0.956398,0.019155,36.480548,0.955522,0.019721,36.486934,0.955661,0.019512,36.432340,0.955230,0.019863,36.448373,0.955280,0.019816,36.521942,0.956187,0.019335,36.546475,0.956323,0.019183,-0.068948,-0.000877,0.000566,-0.062561,-0.000738,0.000357,-0.117156,-0.001169,0.000708,-0.101123,-0.001118,0.000661,-0.027553,-0.000211,0.000180,-0.003020,-0.000076,0.000028
panda_0521,"['The player is in a first-person perspective, flying over a mountainous terrain and viewing the surrounding area from a high altitude.', 'A screenshot of a computer screen showing a map.', 'The person is playing a video game where they are in a helicopter and trying to shoot targets.']",287,48,0.262540,13.571724,0.504887,0.496852,13.807081,0.501253,0.497123,14.539746,0.503740,0.492585,13.690286,0.501144,0.496283,13.865803,0.502638,0.494381,13.902880,0.507103,0.496988,13.624083,0.504996,0.496875,0.235357,-0.003634,0.000271,0.968022,-0.001147,-0.004267,0.118563,-0.003743,-0.000569,0.294079,-0.002249,-0.002471,0.331156,0.002216,0.000136,0.052359,0.000109,0.000023
panda_0522,"['The person is holding markers on a black cardboard.', 'A person writing with a marker on a black board.', 'A woman is writing on a piece of paper with a purple marker.']",171,32,0.339435,23.217227,0.863474,0.072313,21.753129,0.874634,0.071046,22.478761,0.884841,0.066781,23.542777,0.859176,0.072866,22.510176,0.864126,0.071522,21.571632,0.861231,0.074323,21.515164,0.861530,0.074507,-1.464098,0.011160,-0.001267,-0.738466,0.021367,-0.005533,0.325550,-0.004298,0.000553,-0.707051,0.000652,-0.000791,-1.645595,-0.002243,0.002010,-1.702062,-0.001944,0.002194
panda_0523,"['There is a small white dog wearing a yellow hat sitting on a table surrounded by various items such as clothes, shoes, and toys.', 'There is a small white dog sitting on a gray couch.', 'There is a white pomeranian dog standing on a floor and there are various items on the floor such as shoes, toys, and other objects.']",323,60,0.078244,8.146577,0.345996,0.759994,8.062425,0.348928,0.748054,8.181331,0.345651,0.752006,8.159829,0.341682,0.761164,8.185078,0.344844,0.757189,8.159595,0.346012,0.757818,8.130107,0.345473,0.759364,-0.084152,0.002932,-0.011940,0.034754,-0.000345,-0.007988,0.013252,-0.004314,0.001170,0.038501,-0.001152,-0.002805,0.013019,0.000016,-0.002176,-0.016469,-0.000523,-0.000630
panda_0524,"['There is a group of people in uniforms celebrating on a field.', 'A group of baseball players huddled together on a field.', 'A group of baseball players are sitting on the bench during a game.']",197,35,0.096509,25.588511,0.811958,0.067369,25.572729,0.810102,0.067833,25.555130,0.808394,0.068465,25.583685,0.811312,0.068143,25.573266,0.810721,0.067800,25.603589,0.813183,0.067394,25.589422,0.811867,0.067329,-0.015782,-0.001856,0.000464,-0.033381,-0.003563,0.001096,-0.004826,-0.000645,0.000775,-0.015245,-0.001236,0.000431,0.015077,0.001225,0.000025,0.000911,-0.000091,-0.000040
panda_0525,"['An icon showing the concept of internet of things.', 'A computer screen showing a list of emails.', 'There are two diagrams, one on the top and another on the bottom.']",170,30,0.225659,28.880672,0.928481,0.021436,28.880351,0.927646,0.021918,28.871381,0.928396,0.021478,28.903148,0.927559,0.021876,28.875196,0.928022,0.021590,28.877663,0.928511,0.021409,28.856422,0.928470,0.021476,-0.000321,-0.000834,0.000482,-0.009292,-0.000085,0.000042,0.022475,-0.000921,0.000440,-0.005477,-0.000459,0.000154,-0.003009,0.000030,-0.000027,-0.024250,-0.000011,0.000040
panda_0526,"['A person pointing at a body of water with clouds in the sky.', 'A person holding a fish in a net.', 'Two men on a boat fishing on a lake.']",141,30,0.148760,18.489159,0.612746,0.114108,18.509249,0.613104,0.114450,18.532058,0.613998,0.114118,18.454620,0.609002,0.115006,18.473430,0.611003,0.114665,18.459707,0.609824,0.114857,18.489980,0.611642,0.114170,0.020090,0.000358,0.000342,0.042899,0.001252,0.000010,-0.034539,-0.003744,0.000898,-0.015729,-0.001743,0.000557,-0.029453,-0.002921,0.000749,0.000821,-0.001103,0.000063
panda_0527,"['There is a pond surrounded by green plants and trees, with the wind blowing gently on the water surface.', 'There is a small pond surrounded by green grass, trees, and flowers in a peaceful countryside setting.', 'A herd of horses grazing in a grassy field.']",261,45,0.234400,29.980312,0.961801,0.088670,29.749616,0.960663,0.094269,29.946550,0.960955,0.089966,29.849522,0.960953,0.092537,29.885649,0.961479,0.090788,29.960339,0.961582,0.090211,29.987276,0.961878,0.089072,-0.230697,-0.001138,0.005599,-0.033762,-0.000846,0.001297,-0.130790,-0.000848,0.003867,-0.094663,-0.000323,0.002118,-0.019974,-0.000219,0.001541,0.006964,0.000076,0.000402
panda_0528,"['A person pointing at a tray of cauliflower and carrots.', 'A person pointing to a bowl of sunflower seeds.', 'A person holding a bag of spices in their hand.']",161,29,1.185319,20.023872,0.800013,0.188323,20.400530,0.802909,0.179238,20.208755,0.797863,0.186705,20.031802,0.800443,0.188200,20.032349,0.800489,0.188576,19.969971,0.800110,0.191880,20.027055,0.799710,0.188500,0.376658,0.002897,-0.009086,0.184883,-0.002150,-0.001618,0.007930,0.000430,-0.000123,0.008476,0.000476,0.000253,-0.053901,0.000097,0.003557,0.003182,-0.000303,0.000177
panda_0529,"['There is a christmas decoration on the doorstep of a house.', 'There is a christmas light display in a yard at night, and the lights are lit up.', 'A bunch of lights that are lit up in different colors.']",206,39,2.117336,12.343177,0.323747,0.652648,12.417936,0.326923,0.647356,12.376613,0.325956,0.651897,12.383556,0.326582,0.647602,12.353381,0.324211,0.652361,12.310429,0.326616,0.641272,12.318441,0.327917,0.640066,0.074760,0.003176,-0.005292,0.033437,0.002208,-0.000751,0.040379,0.002835,-0.005046,0.010204,0.000464,-0.000287,-0.032748,0.002869,-0.011376,-0.024736,0.004170,-0.012582
panda_0530,"['An apple slicer is being used to slice apples on a kitchen countertop.', 'A sheet of browned apple chips on a table.', 'A glass bowl with apple chips in it.']",160,30,0.145080,31.799471,0.942240,0.091573,31.775252,0.941870,0.090470,31.703573,0.941152,0.091749,31.750816,0.941048,0.093990,31.722169,0.940692,0.095599,31.785992,0.942117,0.092644,31.776236,0.941887,0.093867,-0.024219,-0.000370,-0.001103,-0.095898,-0.001089,0.000175,-0.048655,-0.001192,0.002417,-0.077302,-0.001549,0.004026,-0.013479,-0.000123,0.001071,-0.023235,-0.000354,0.002293
panda_0531,"['A man in a black and orange uniform is dunking a basketball.', 'A young man and woman are sitting on a bench in a basketball court while talking to each other.', 'A logo for silver shark media on a dark background.']",218,41,0.570466,15.527182,0.377624,0.273252,15.538076,0.379677,0.272962,15.529921,0.380354,0.272463,15.520710,0.376107,0.274221,15.514594,0.375802,0.274113,15.515042,0.375243,0.274769,15.515035,0.375317,0.274553,0.010894,0.002053,-0.000290,0.002739,0.002730,-0.000789,-0.006472,-0.001517,0.000969,-0.012588,-0.001822,0.000861,-0.012140,-0.002382,0.001517,-0.012147,-0.002307,0.001300
panda_0532,"['A man is sitting at a desk and looking at a computer screen.', 'A computer screen displaying a video game.', 'There is a man in a black shirt standing in front of a large screen displaying a futuristic cityscape with skyscrapers and flying vehicles.']",253,44,0.115401,11.245518,0.537708,0.589381,12.235975,0.606440,0.510175,11.705332,0.590766,0.544990,10.691032,0.527649,0.597740,10.625935,0.520376,0.612619,10.831520,0.534750,0.598505,11.039961,0.537300,0.596922,0.990457,0.068732,-0.079205,0.459814,0.053058,-0.044391,-0.554486,-0.010059,0.008359,-0.619584,-0.017332,0.023238,-0.413998,-0.002958,0.009124,-0.205557,-0.000408,0.007541
panda_0533,"['A skateboarder is riding down the stairs in the city at night.', 'A man wearing a spider-man mask in a store.', 'A man with a pink headband smiling at the camera.']",166,31,0.191914,18.400961,0.653103,0.154366,18.369805,0.649751,0.154534,18.376577,0.649077,0.154259,18.413495,0.653317,0.154409,18.410755,0.654341,0.154569,18.408775,0.653274,0.154162,18.406014,0.653943,0.154586,-0.031156,-0.003352,0.000168,-0.024384,-0.004026,-0.000107,0.012535,0.000215,0.000044,0.009794,0.001238,0.000203,0.007814,0.000172,-0.000204,0.005053,0.000840,0.000220
panda_0534,"['A game screen showing a green field.', 'It is a video of a person playing a video game, possibly a clan or clan battle, and the player is trying to make a specific type of arrangement in the game.', 'A twitter screen with a cartoon character on it.']",252,48,31.395052,17.004517,0.518814,0.346653,17.322836,0.522535,0.336961,17.393005,0.524924,0.332230,17.073529,0.518974,0.343491,17.076435,0.519628,0.341979,17.014936,0.519631,0.346461,17.043882,0.519731,0.343342,0.318318,0.003721,-0.009692,0.388487,0.006110,-0.014424,0.069011,0.000159,-0.003162,0.071917,0.000814,-0.004674,0.010419,0.000816,-0.000192,0.039364,0.000916,-0.003312
panda_0535,"['A bush with lots of green leaves in front of a fence.', 'A close up of a fruit on a tree.', 'Person is holding a hazelnut in their hand, and they are about to crack it open to reveal the nut inside.']",202,42,1.098579,20.929362,0.668093,0.298189,21.533696,0.700087,0.273384,21.467112,0.695517,0.275627,20.864678,0.663175,0.300897,20.761104,0.656842,0.304035,20.898294,0.665147,0.301509,21.007837,0.672131,0.296572,0.604334,0.031994,-0.024805,0.537750,0.027424,-0.022562,-0.064684,-0.004918,0.002708,-0.168257,-0.011252,0.005846,-0.031067,-0.002946,0.003320,0.078475,0.004037,-0.001618
panda_0536,"['A black and white photo of tony williams playing a trumpet.', 'A drummer and bassist are playing together in a jazz band.', 'Two men are playing music on a synthesizer and bass guitar at a concert.']",201,36,7.493745,9.673107,0.562472,0.478696,11.262249,0.593882,0.440237,12.302636,0.599776,0.414162,9.416895,0.542139,0.495614,9.558750,0.549831,0.486581,10.037169,0.628288,0.440141,9.518439,0.550436,0.486441,1.589142,0.031411,-0.038459,2.629529,0.037305,-0.064534,-0.256211,-0.020332,0.016918,-0.114357,-0.012641,0.007885,0.364062,0.065816,-0.038555,-0.154668,-0.012036,0.007745
panda_0537,"['The player is in a first-person shooter game and is fighting against enemies in an urban environment.', 'A video game screen showing a missile in the air.', 'A screenshot of a video game showing a scoreboard.']",212,36,0.112435,13.126175,0.415453,0.761954,13.175509,0.427025,0.759144,13.123598,0.428150,0.757102,13.149483,0.423202,0.756913,13.259773,0.420615,0.753384,13.227386,0.428164,0.749955,13.162232,0.415841,0.758602,0.049334,0.011572,-0.002810,-0.002577,0.012697,-0.004851,0.023308,0.007749,-0.005041,0.133598,0.005162,-0.008569,0.101211,0.012711,-0.011999,0.036057,0.000388,-0.003352
panda_0538,"['A pair of brake calipers sitting on a table.', 'A close up of a brake rotor on a car.', 'A close up of a brake disc and caliper.']",132,28,1.205652,10.303919,0.485441,0.678613,10.338619,0.483354,0.682227,10.591562,0.484288,0.684055,10.462773,0.493987,0.684892,10.430665,0.495227,0.673239,10.353561,0.484415,0.682427,10.312967,0.488190,0.687738,0.034699,-0.002087,0.003613,0.287643,-0.001153,0.005442,0.158854,0.008546,0.006279,0.126746,0.009786,-0.005374,0.049642,-0.001026,0.003813,0.009047,0.002749,0.009125
panda_0539,"['Two cartoon characters sitting on the floor next to each other.', 'A cartoon character kneeling on the floor next to a couch.', 'A cartoon character with a beard is standing in a room.']",188,33,11.605103,9.111663,0.184394,0.651416,9.125547,0.186382,0.647216,9.143120,0.188108,0.647691,9.109376,0.183244,0.649573,9.113067,0.182324,0.648107,9.110496,0.184360,0.649901,9.111801,0.183720,0.650370,0.013884,0.001987,-0.004199,0.031457,0.003713,-0.003724,-0.002286,-0.001150,-0.001843,0.001404,-0.002070,-0.003308,-0.001167,-0.000034,-0.001515,0.000138,-0.000675,-0.001046
panda_0540,"['An asian man in a suit and tie on a tv screen.', 'A map showing the location of china and japan.', 'There is a tall building with many windows on the side of the street.']",173,35,0.075495,17.862269,0.831749,0.106491,17.841674,0.831528,0.105658,17.870896,0.830246,0.106768,17.853345,0.831087,0.106503,17.855615,0.831771,0.104796,17.867147,0.831987,0.105668,17.855882,0.831730,0.106081,-0.020595,-0.000222,-0.000833,0.008627,-0.001504,0.000278,-0.008925,-0.000662,0.000012,-0.006654,0.000022,-0.001695,0.004878,0.000238,-0.000823,-0.006387,-0.000019,-0.000410
panda_0541,"['Two cartoon characters jumping off of a shark.', 'Two cartoon characters standing next to each other.', 'A cartoon character is holding an ice cube and looking sad.']",168,27,7.711684,6.733519,0.356881,0.831408,6.655607,0.344386,0.838861,6.707863,0.341408,0.842483,6.700684,0.355194,0.836044,6.699263,0.352902,0.832227,6.726819,0.352766,0.828835,6.736493,0.355422,0.837950,-0.077913,-0.012495,0.007453,-0.025656,-0.015473,0.011075,-0.032835,-0.001687,0.004636,-0.034256,-0.003979,0.000819,-0.006700,-0.004115,-0.002573,0.002973,-0.001459,0.006542
panda_0542,"['A video game screen with a man wearing headphones.', 'Four screens showing the different types of vpn.', 'A video game with a man wearing headphones.']",153,25,0.666770,15.525854,0.400264,0.392994,15.522621,0.400293,0.393164,15.524406,0.399990,0.393353,15.523705,0.400491,0.393172,15.522362,0.400407,0.393490,15.521040,0.400333,0.393133,15.527999,0.400536,0.392575,-0.003233,0.000030,0.000170,-0.001448,-0.000274,0.000359,-0.002149,0.000228,0.000178,-0.003492,0.000144,0.000496,-0.004814,0.000069,0.000139,0.002145,0.000273,-0.000419
panda_0543,"['A person is talking to the camera while sitting in front of a laptop.', 'There is a man sitting in front of a laptop with a black background and some graffiti on the wall behind him.', 'A man is sitting in front of a laptop and talking to the camera while watching a video on it.']",283,56,0.370084,25.144450,0.897564,0.134860,25.247541,0.900389,0.133150,25.012887,0.901613,0.136520,24.923242,0.895755,0.146917,25.711872,0.909369,0.122310,25.697597,0.909086,0.121688,25.673441,0.909221,0.120541,0.103091,0.002824,-0.001710,-0.131563,0.004048,0.001660,-0.221208,-0.001810,0.012057,0.567422,0.011804,-0.012550,0.553147,0.011522,-0.013172,0.528990,0.011657,-0.014319
panda_0544,"['A man is standing in front of his rv, holding various products such as holding tank treatments and rv toilet paper.', 'Four rolls of eco-sof paper stacked on top of each other.', 'A man is standing in front of an rv and displaying various toilet products.']",259,46,0.354151,7.994116,0.556211,0.693630,8.030969,0.556066,0.709460,8.146669,0.562574,0.697592,7.979231,0.553337,0.694988,7.976755,0.556727,0.691458,8.019046,0.558740,0.693062,7.981661,0.552927,0.692409,0.036853,-0.000145,0.015830,0.152553,0.006363,0.003962,-0.014886,-0.002874,0.001358,-0.017361,0.000516,-0.002172,0.024930,0.002529,-0.000567,-0.012456,-0.003284,-0.001221
panda_0545,"['A funny cat wearing a hat and standing in a dark room.', 'A raccoon wearing a cowboy hat and boots is standing in a dimly lit room with a lantern on the wall, looking around nervously.', 'A dog wearing a hat is standing on a wooden floor in a dark room.']",257,51,1.371618,15.973007,0.595486,0.496733,15.365224,0.587678,0.502031,15.331447,0.586055,0.500299,15.854717,0.593250,0.499153,15.977648,0.600431,0.495630,15.860227,0.596837,0.501104,15.946626,0.596983,0.494746,-0.607783,-0.007808,0.005298,-0.641560,-0.009431,0.003566,-0.118289,-0.002237,0.002420,0.004641,0.004944,-0.001103,-0.112779,0.001351,0.004371,-0.026381,0.001497,-0.001987
panda_0546,"['A car is driving on a snowy road in the middle of a forest. the video also shows that there are mountains in the background, and the sky is cloudy.', 'There is an air conditioning unit on a table with windows in the background.', 'A stack of metal disks with numbers on them.']",279,53,0.083330,8.594886,0.393618,0.673459,8.442162,0.385757,0.681233,8.236923,0.405294,0.686172,8.500931,0.387571,0.683130,8.680436,0.389077,0.677165,8.392198,0.389741,0.677234,8.653478,0.392656,0.679237,-0.152724,-0.007860,0.007774,-0.357963,0.011677,0.012713,-0.093955,-0.006047,0.009671,0.085550,-0.004540,0.003706,-0.202688,-0.003876,0.003775,0.058592,-0.000962,0.005778
panda_0547,"['The floor is being cleaned with a machine.', 'A man is using a floor polisher to clean the floor in a hallway.', 'A picture of a piece of paper with the words ""wearable substrate"" on it.']",190,36,1.686301,9.828635,0.355317,0.863864,9.681015,0.347111,0.872323,9.694073,0.347076,0.867574,9.835556,0.352530,0.865123,9.812746,0.351855,0.868685,9.772500,0.353972,0.860099,9.837799,0.352525,0.864488,-0.147619,-0.008207,0.008459,-0.134562,-0.008241,0.003710,0.006921,-0.002787,0.001259,-0.015889,-0.003462,0.004821,-0.056135,-0.001345,-0.003765,0.009165,-0.002792,0.000624
panda_0548,"['A christmas tree with the words make it and take it challenge lab.', 'A person is packing up presents to give to people in need.', 'A bunch of christmas bags with snowmen on them.']",183,34,3.207025,17.377511,0.691348,0.188861,17.507626,0.699936,0.197503,17.327627,0.698145,0.209391,17.454846,0.698461,0.188077,17.383985,0.687557,0.188438,17.309175,0.684942,0.198272,17.458160,0.690455,0.187965,0.130115,0.008589,0.008642,-0.049884,0.006797,0.020530,0.077335,0.007113,-0.000784,0.006474,-0.003791,-0.000422,-0.068336,-0.006406,0.009412,0.080649,-0.000892,-0.000896
panda_0549,"['A man in a suit and tie is standing on a stage in front of a large screen displaying an image of the 2013 honda accord coupe concept car.', 'A red honda accord on display at an auto show.', 'A red honda accord on display at an auto show.']",241,49,0.416874,9.603555,0.259170,0.791622,9.640428,0.260972,0.787459,9.713562,0.262279,0.788028,9.644131,0.259294,0.788333,9.588008,0.258900,0.789263,9.597959,0.259303,0.788239,9.557159,0.258099,0.791388,0.036873,0.001802,-0.004162,0.110006,0.003109,-0.003593,0.040576,0.000124,-0.003288,-0.015548,-0.000270,-0.002358,-0.005596,0.000133,-0.003383,-0.046397,-0.001072,-0.000234
panda_0550,"['A virtual dj software screen.', 'A computer screen showing the virtual dj software.', 'A computer screen showing a list of music files.']",139,22,0.053677,32.056407,0.942713,0.014100,32.034560,0.942564,0.014202,32.046809,0.942712,0.014148,32.156304,0.943479,0.013594,32.146841,0.943281,0.013774,32.107756,0.943117,0.013890,32.132035,0.943403,0.013692,-0.021847,-0.000149,0.000102,-0.009598,-0.000001,0.000048,0.099897,0.000766,-0.000506,0.090434,0.000568,-0.000326,0.051349,0.000404,-0.000210,0.075627,0.000690,-0.000407
panda_0551,"['There is a luxurious bathroom with a bathtub and a chandelier.', 'Two women are standing in a kitchen and one of them is closing a cabinet door.', 'A large house with a pool in the backyard of it.']",200,38,20.556412,17.104623,0.758594,0.312117,16.474883,0.741610,0.313683,16.154773,0.717617,0.348653,17.166746,0.759987,0.304027,17.189104,0.758451,0.301379,16.793573,0.745044,0.317562,17.093742,0.751835,0.309428,-0.629740,-0.016985,0.001566,-0.949850,-0.040977,0.036535,0.062123,0.001393,-0.008091,0.084481,-0.000144,-0.010739,-0.311050,-0.013551,0.005445,-0.010881,-0.006759,-0.002690
panda_0552,"['A woman is sitting in front of a christmas tree, looking at her phone.', 'A woman in a black coat talking to a reporter.', 'A blonde woman is holding a cellphone in front of a christmas tree.']",195,37,1.453076,27.563594,0.909725,0.083973,27.618762,0.911854,0.084726,27.600972,0.911406,0.084862,28.119871,0.918248,0.069450,27.656297,0.910921,0.082192,27.895121,0.915154,0.076829,27.414710,0.907499,0.089867,0.055168,0.002129,0.000752,0.037378,0.001681,0.000889,0.556277,0.008523,-0.014523,0.092702,0.001196,-0.001781,0.331527,0.005429,-0.007144,-0.148884,-0.002226,0.005894
panda_0553,"['A metal bowl with ingredients written on it.', 'A large chocolate cake is in a pan with a knife.', 'A close up of a chocolate cake covered in powdered sugar.']",161,30,0.205904,15.644874,0.414683,0.263983,15.648703,0.415028,0.263024,15.637643,0.414574,0.263509,15.643722,0.414591,0.264164,15.640758,0.414480,0.264382,15.643126,0.414732,0.264178,15.632259,0.414122,0.264645,0.003829,0.000345,-0.000959,-0.007232,-0.000109,-0.000475,-0.001153,-0.000092,0.000181,-0.004116,-0.000203,0.000399,-0.001749,0.000049,0.000195,-0.012615,-0.000562,0.000662
panda_0554,"['It is a man wearing a red shirt and headphones standing in front of a white wall.', 'Wizards vs hawks logo on a blue screen.', 'A picture of a basketball player in a red jersey.']",181,35,0.195897,24.186690,0.907053,0.056491,24.398874,0.910385,0.054559,24.430349,0.910702,0.053926,24.054318,0.904827,0.059072,24.277648,0.908784,0.056682,24.194596,0.906800,0.056549,23.987527,0.904060,0.059826,0.212185,0.003332,-0.001932,0.243659,0.003649,-0.002565,-0.132372,-0.002226,0.002581,0.090958,0.001731,0.000191,0.007907,-0.000253,0.000058,-0.199162,-0.002993,0.003335
panda_0555,"['A cartoon girl looking at her phone with a speech bubble that says good morning.', 'It is a black background with white text on it.', 'A couple of text messages with a pink background.']",188,34,0.365646,7.820814,0.276121,0.709105,10.825537,0.275355,0.620501,10.825767,0.275823,0.621096,10.950931,0.273720,0.710988,10.981654,0.274496,0.715706,10.963502,0.282272,0.686895,10.972054,0.280503,0.707430,3.004723,-0.000766,-0.088604,3.004953,-0.000298,-0.088009,3.130117,-0.002401,0.001883,3.160840,-0.001626,0.006600,3.142688,0.006151,-0.022210,3.151240,0.004381,-0.001675
panda_0556,"['Two wicker chairs with the text how to coat outdoor wicker furniture.', 'A woman standing in front of a wall of power tools.', 'A woman kneeling down next to a wicker chair.']",177,32,0.123011,20.231546,0.625264,0.067565,20.261851,0.624446,0.067431,20.247325,0.624021,0.067391,20.246513,0.625267,0.067499,20.246129,0.625141,0.067598,20.223972,0.624545,0.067442,20.207956,0.624071,0.067489,0.030306,-0.000818,-0.000133,0.015780,-0.001243,-0.000174,0.014968,0.000003,-0.000066,0.014583,-0.000122,0.000034,-0.007574,-0.000719,-0.000123,-0.023590,-0.001193,-0.000075
panda_0557,"['A soccer player scores a goal.', 'A soccer player scores a goal against the atletico madrid team.', 'A soccer game is being played in a stadium with a large crowd of people watching.']",186,33,0.317384,25.843898,0.889518,0.116119,25.651152,0.882399,0.114957,25.718668,0.884046,0.111276,25.762582,0.873716,0.128159,25.759899,0.875666,0.122482,25.840598,0.888138,0.121200,25.866473,0.888774,0.118162,-0.192745,-0.007119,-0.001162,-0.125230,-0.005473,-0.004843,-0.081316,-0.015802,0.012040,-0.083999,-0.013852,0.006363,-0.003300,-0.001380,0.005081,0.022575,-0.000744,0.002043
panda_0558,"['Two young women are shopping in a clothing store.', 'The person is creating a lower third in adobe after effects by creating a new solid, creating a box, creating a square, duplicating the layer, moving it to the right, clicking on two mask points, and creating a mask.', 'A pink duck logo is being animated on a pink background.']",333,59,3.096895,14.114599,0.516683,0.503661,14.120275,0.516323,0.504267,14.111198,0.516616,0.503733,14.117852,0.516743,0.503662,14.121209,0.516768,0.503671,14.112417,0.516667,0.503698,14.111074,0.516726,0.503660,0.005676,-0.000359,0.000606,-0.003402,-0.000066,0.000072,0.003253,0.000060,0.000001,0.006610,0.000085,0.000010,-0.002182,-0.000016,0.000037,-0.003525,0.000043,-0.000002
panda_0559,"['An aerial view of a city with a river in the background.', 'There are various types of nuts and dried fruits on display in a market.', 'People are standing at a food counter at a market.']",190,36,0.563654,13.525578,0.770738,0.441651,13.260311,0.766649,0.457089,13.282484,0.767768,0.455043,13.527086,0.770794,0.441606,13.537594,0.771017,0.441141,13.569090,0.771412,0.439768,13.276737,0.767782,0.454281,-0.265267,-0.004089,0.015438,-0.243094,-0.002970,0.013391,0.001508,0.000057,-0.000045,0.012015,0.000279,-0.000511,0.043512,0.000674,-0.001883,-0.248841,-0.002956,0.012630
panda_0560,"['A man is mixing ingredients for cookies in a glass bowl on a wooden table.', 'A man is sitting at a table with a tray of chocolates in front of him.', 'A collage of pictures with various cakes and desserts.']",210,40,4.129083,6.226939,0.448890,0.757156,6.456695,0.440117,0.774942,6.482128,0.448159,0.773232,6.184545,0.441105,0.753345,6.252531,0.442317,0.753075,6.252219,0.444390,0.757623,6.225540,0.444346,0.757204,0.229756,-0.008773,0.017786,0.255189,-0.000731,0.016076,-0.042394,-0.007785,-0.003810,0.025592,-0.006573,-0.004081,0.025280,-0.004500,0.000467,-0.001399,-0.004544,0.000048
panda_0561,"['There are graves of soldiers in a cemetery with american flags.', 'A white car is driving on a dirt road in the desert. the sky is blue and there are mountains in the background.', 'A white car is driving down a dirt road in the desert with mountains in the distance.']",271,51,0.210867,19.904015,0.684425,0.082478,19.775145,0.679351,0.084811,19.769405,0.679075,0.084649,19.875500,0.684037,0.087654,19.940480,0.686184,0.083752,19.905187,0.684567,0.082195,19.875134,0.683700,0.083854,-0.128870,-0.005074,0.002333,-0.134610,-0.005350,0.002171,-0.028516,-0.000388,0.005176,0.036465,0.001759,0.001273,0.001172,0.000142,-0.000283,-0.028882,-0.000725,0.001376
panda_0562,"['A person holding a cell phone with a music app on it.', 'A person holding a cell phone with a youtube page on it.', 'A person is holding a smartphone with a picture of a map on the screen.']",192,39,0.093636,21.373066,0.763268,0.082491,21.366284,0.762760,0.082881,21.338372,0.762131,0.083136,21.365761,0.762270,0.083179,21.406286,0.764132,0.082515,21.383505,0.764225,0.082630,21.381234,0.763963,0.082744,-0.006782,-0.000507,0.000390,-0.034694,-0.001137,0.000645,-0.007305,-0.000998,0.000688,0.033219,0.000864,0.000024,0.010439,0.000957,0.000139,0.008168,0.000695,0.000253
panda_0563,"['A camera and a box next to each other.', 'A person holding a cord and a camera on top of a wooden table.', 'The person is holding a device with a screen displaying options for wi-fi hotspot, recording time, and sensitivity.']",227,41,1.147575,12.348840,0.604409,0.333414,12.416053,0.619640,0.321380,12.417148,0.602854,0.337125,12.380812,0.602045,0.334879,12.364462,0.606517,0.331750,12.355697,0.608377,0.331290,12.392888,0.605111,0.332026,0.067213,0.015231,-0.012034,0.068308,-0.001555,0.003711,0.031972,-0.002364,0.001465,0.015622,0.002108,-0.001664,0.006857,0.003968,-0.002124,0.044048,0.000703,-0.001388
panda_0564,"['A black background with text that reads from canada quality street chocolates and caramel review.', 'A purple sign with different candies on it.', 'It is a black background with text on it.']",193,32,0.345294,14.635296,0.778817,0.542851,17.838828,0.837175,0.565759,16.937023,0.828685,0.554258,14.003201,0.759645,0.563833,14.072823,0.755819,0.590282,14.168080,0.779833,0.558512,14.564759,0.779385,0.534618,3.203532,0.058358,0.022907,2.301727,0.049868,0.011406,-0.632095,-0.019172,0.020982,-0.562473,-0.022998,0.047430,-0.467216,0.001016,0.015660,-0.070537,0.000568,-0.008234
panda_0565,"['An advertisement for the tps test.', 'A flyer for a current affairs plus event.', 'A man giving a presentation in front of a white board.']",141,25,0.085141,27.168077,0.931849,0.025298,27.814438,0.945087,0.021015,27.455969,0.939207,0.022648,26.843052,0.926791,0.027231,27.146169,0.931192,0.025736,27.098258,0.931061,0.025550,26.907568,0.928180,0.026528,0.646362,0.013238,-0.004283,0.287892,0.007358,-0.002650,-0.325024,-0.005058,0.001933,-0.021908,-0.000657,0.000438,-0.069818,-0.000788,0.000252,-0.260509,-0.003669,0.001230
panda_0566,"['A dog is sleeping on a couch with a red background.', 'A close up of a dog with its tongue out.', 'A pit bull dog standing on a wooden floor.']",145,30,0.769855,20.896565,0.667382,0.189039,21.000640,0.669271,0.186386,20.977023,0.668805,0.187241,20.912067,0.667861,0.188990,20.904479,0.667704,0.189317,20.892650,0.667466,0.189067,20.913862,0.667914,0.188396,0.104074,0.001889,-0.002653,0.080457,0.001424,-0.001798,0.015502,0.000479,-0.000049,0.007914,0.000323,0.000278,-0.003915,0.000084,0.000028,0.017297,0.000533,-0.000643
panda_0567,"['The woman is sitting in front of a laptop with headphones on, looking at the screen.', 'A man wearing headphones is sitting next to another man in a room.', 'The man is sitting in front of a computer with a big smile on his face, wearing glasses and a black shirt.']",268,51,4.426207,20.743813,0.785328,0.139141,21.093081,0.801403,0.113097,20.944175,0.792741,0.122719,20.842634,0.788611,0.131672,20.786271,0.788627,0.131745,20.733898,0.786306,0.137405,20.809554,0.787518,0.132157,0.349268,0.016074,-0.026044,0.200362,0.007413,-0.016421,0.098821,0.003283,-0.007468,0.042458,0.003299,-0.007395,-0.009915,0.000978,-0.001735,0.065741,0.002190,-0.006983
panda_0568,"['A computer screen showing a message that says ""stationary case"".', 'A computer screen showing the interface of a game.', 'A computer screen showing the cards in hearthstone.']",177,27,0.083863,17.045001,0.769244,0.226451,16.987390,0.765446,0.231549,16.964415,0.765953,0.230519,17.030606,0.767986,0.228061,17.062485,0.768462,0.227064,17.001875,0.766062,0.228254,17.079259,0.769258,0.227014,-0.057611,-0.003798,0.005097,-0.080586,-0.003292,0.004068,-0.014394,-0.001258,0.001610,0.017485,-0.000783,0.000613,-0.043126,-0.003182,0.001803,0.034259,0.000014,0.000562
panda_0569,"['There is a dog sitting on a bed with a pillow. the dog is a husky and is black and white.', 'A husky dog is standing on its hind legs and reaching into a cardboard box with its front paws.', 'A husky dog is sitting on a purple cushion and licking its chops while looking up at the camera.']",292,59,6.171420,11.824224,0.513920,0.616537,11.879405,0.514216,0.618925,11.853510,0.522328,0.605810,11.899991,0.514241,0.613562,11.843932,0.513726,0.614046,11.734392,0.510844,0.618890,11.804045,0.511570,0.619019,0.055181,0.000297,0.002388,0.029285,0.008408,-0.010726,0.075766,0.000321,-0.002975,0.019708,-0.000194,-0.002491,-0.089832,-0.003076,0.002353,-0.020179,-0.002350,0.002482
panda_0570,"['A close up of a red and blue device.', 'A close up of a hand holding a piece of equipment.', 'A close up of a hand holding a piece of metal.']",144,31,0.288513,22.503875,0.701998,0.086271,22.459841,0.697052,0.089318,22.472953,0.697071,0.089521,22.474917,0.699767,0.087095,22.338448,0.694486,0.088905,22.542177,0.701835,0.086393,22.505340,0.701952,0.086471,-0.044034,-0.004945,0.003047,-0.030922,-0.004927,0.003250,-0.028958,-0.002231,0.000824,-0.165427,-0.007512,0.002634,0.038302,-0.000163,0.000122,0.001464,-0.000045,0.000200
panda_0571,"['There is an old blue pickup truck parked in a dirt lot surrounded by trees and rocks.', 'An old truck is parked in a field with mountains in the background.', ""There is an old rusty truck with a steering wheel on the driver's side.""]",235,44,0.828144,29.306454,0.929759,0.135476,29.827951,0.930263,0.133059,29.222471,0.927992,0.144026,29.234678,0.928593,0.141600,29.245018,0.928848,0.140553,29.298412,0.929705,0.135827,29.291350,0.929472,0.136553,0.521497,0.000503,-0.002416,-0.083983,-0.001767,0.008551,-0.071776,-0.001166,0.006124,-0.061436,-0.000911,0.005078,-0.008042,-0.000054,0.000352,-0.015105,-0.000287,0.001078
panda_0572,"['A tray filled with squares of food on a table.', 'A couple of trays of food sitting on a table.', 'A man in an apron is cooking food on trays in a kitchen.']",159,33,0.466389,22.441106,0.914162,0.025810,21.934820,0.905670,0.027014,23.395501,0.918423,0.023651,22.714320,0.906703,0.025056,22.814007,0.909235,0.024785,22.582161,0.915745,0.025367,22.557373,0.915927,0.025341,-0.506286,-0.008492,0.001204,0.954395,0.004261,-0.002159,0.273214,-0.007459,-0.000754,0.372901,-0.004927,-0.001025,0.141055,0.001583,-0.000443,0.116267,0.001765,-0.000469
panda_0573,"['A bathroom with green cabinets and a sink.', 'A bathroom has green towels on hooks and a door to the kitchen.', 'The bathroom is decorated in a green and white color scheme, with a green cabinet, green curtains, green towels, and a green rug.']",246,44,0.460314,11.289311,0.482169,0.692278,11.059808,0.490210,0.695277,11.153874,0.498165,0.690843,11.219516,0.485989,0.694174,11.261276,0.492423,0.693223,10.965293,0.482310,0.690707,11.263548,0.482972,0.684685,-0.229503,0.008041,0.002998,-0.135437,0.015996,-0.001435,-0.069795,0.003820,0.001895,-0.028035,0.010254,0.000945,-0.324018,0.000141,-0.001571,-0.025763,0.000803,-0.007594
panda_0574,"['A man is sitting at a desk and talking to the camera while gesturing with his hands.', 'A group of robots laying on a table.', 'A person pointing at something on a table.']",174,33,0.505677,17.983904,0.789086,0.153397,18.427283,0.800152,0.138829,18.478197,0.799297,0.140825,17.949278,0.788536,0.154310,18.128656,0.792835,0.146646,17.976133,0.788643,0.153354,17.967559,0.788349,0.154037,0.443380,0.011066,-0.014568,0.494293,0.010211,-0.012572,-0.034626,-0.000549,0.000913,0.144753,0.003749,-0.006751,-0.007771,-0.000443,-0.000043,-0.016345,-0.000736,0.000640
panda_0575,"['There are three young women dressed in cosplay costumes standing in front of a building.', 'A young man and woman are standing in front of a convention center talking to each other.', 'A man and a woman in costumes standing next to each other.']",247,44,3.401837,19.729920,0.743840,0.091234,19.620653,0.736806,0.091058,19.629653,0.737460,0.090986,19.697409,0.741727,0.091183,19.712562,0.743191,0.091230,19.710064,0.742691,0.090688,19.708419,0.742254,0.091130,-0.109267,-0.007033,-0.000176,-0.100268,-0.006380,-0.000248,-0.032511,-0.002112,-0.000052,-0.017358,-0.000648,-0.000004,-0.019857,-0.001148,-0.000547,-0.021502,-0.001585,-0.000105
panda_0576,"['The text zero hero appears on a red background with light flashes.', 'A painting of a young boy holding a basket.', 'A bunch of old tools sitting on a table.']",161,30,1.339394,30.718536,0.935883,0.021236,25.600853,0.786069,0.054226,24.739232,0.764446,0.063287,30.677372,0.935075,0.021481,30.710626,0.935572,0.021303,30.629777,0.935003,0.021434,30.660385,0.935233,0.021404,-5.117683,-0.149814,0.032990,-5.979304,-0.171437,0.042050,-0.041164,-0.000808,0.000245,-0.007910,-0.000311,0.000067,-0.088759,-0.000880,0.000198,-0.058151,-0.000650,0.000168
panda_0577,"['A person is working on some beads on a table.', 'A person is working with beads on a wooden table.', 'A person is making a bracelet with beads and a pair of scissors.']",170,33,0.760493,15.954763,0.588434,0.214677,15.893022,0.582625,0.211390,15.664870,0.581909,0.226418,15.942685,0.586786,0.212313,15.965115,0.589165,0.215139,15.919044,0.586773,0.212922,15.972919,0.587329,0.212808,-0.061741,-0.005808,-0.003287,-0.289893,-0.006524,0.011741,-0.012078,-0.001648,-0.002364,0.010352,0.000731,0.000462,-0.035719,-0.001661,-0.001755,0.018156,-0.001104,-0.001869
panda_0578,"['A car driving down a street next to a verizon store.', 'A police officer is making a statement at a press conference.', 'A police officer is speaking at a press conference.']",176,31,0.138273,25.493516,0.845482,0.050825,25.441412,0.842573,0.051741,25.423286,0.842669,0.050761,25.488162,0.844816,0.051698,25.492119,0.845002,0.051689,25.481210,0.845115,0.051316,25.472212,0.845016,0.050835,-0.052104,-0.002910,0.000916,-0.070230,-0.002813,-0.000063,-0.005354,-0.000666,0.000874,-0.001397,-0.000480,0.000864,-0.012306,-0.000367,0.000491,-0.021304,-0.000466,0.000010
panda_0579,"['A view of the inside of a tractor in a video game.', 'A green vehicle drives down a road next to trees.', 'There is a car driving down a dirt road at night with the headlights on.']",183,37,8.171773,6.793504,0.182500,0.799515,4.563614,0.127432,0.909032,4.648409,0.106784,0.912883,6.642212,0.174249,0.824370,5.591879,0.179797,0.860622,6.707517,0.190292,0.799913,6.810998,0.189694,0.800844,-2.229890,-0.055068,0.109516,-2.145094,-0.075716,0.113367,-0.151292,-0.008251,0.024854,-1.201625,-0.002704,0.061107,-0.085986,0.007792,0.000397,0.017495,0.007194,0.001328
panda_0580,"['A newspaper headline with a picture of a document.', 'A news article about the health department.', 'A news anchor is presenting a newscast in a studio with a backdrop of the world map.']",189,33,2.953151,10.917422,0.587502,0.482631,10.953776,0.586153,0.483765,10.964205,0.588366,0.481917,10.924377,0.586462,0.483686,10.926892,0.587741,0.482194,10.912913,0.588094,0.482087,10.908382,0.587889,0.483788,0.036354,-0.001348,0.001134,0.046783,0.000864,-0.000714,0.006955,-0.001039,0.001054,0.009470,0.000239,-0.000438,-0.004509,0.000593,-0.000544,-0.009040,0.000387,0.001157
panda_0581,"['A person is jumping on a trampoline in the dark.', 'Two young boys are sitting at a table and one of them is feeding the other with food.', 'A baby is drinking from a water bottle.']",184,36,1.273026,15.418401,0.611673,0.489281,15.410221,0.610783,0.487669,15.396828,0.611144,0.485327,15.342325,0.603820,0.494653,15.380157,0.606468,0.491467,15.402090,0.610657,0.489619,15.433721,0.611942,0.487496,-0.008180,-0.000890,-0.001612,-0.021573,-0.000529,-0.003954,-0.076076,-0.007852,0.005371,-0.038244,-0.005204,0.002185,-0.016311,-0.001016,0.000338,0.015320,0.000269,-0.001786
panda_0582,"['A hand pointing to a paper that has been taped to the windshield of a car.', 'A red car parked next to some other cars.', 'There is a red car parked on the side of the road, surrounded by other cars and people.']",214,43,2.178114,14.496264,0.599566,0.340700,14.483141,0.598587,0.340954,14.505428,0.599569,0.339870,14.491125,0.599902,0.340041,14.565927,0.604065,0.339227,14.473421,0.599123,0.342451,14.485277,0.599479,0.341144,-0.013123,-0.000979,0.000254,0.009164,0.000003,-0.000830,-0.005139,0.000337,-0.000659,0.069663,0.004500,-0.001473,-0.022843,-0.000442,0.001751,-0.010987,-0.000086,0.000444
panda_0583,"['There is a green sports car driving down a city street.', 'A man is riding a motorized skateboard on a city street.', 'A car is driving on a street with other cars and buildings in the background.']",200,37,0.345512,21.902853,0.774174,0.102924,21.823839,0.771830,0.104628,20.026082,0.714276,0.237109,21.830501,0.771731,0.104242,21.862206,0.773094,0.103278,21.858627,0.772860,0.103688,21.903310,0.773967,0.103222,-0.079014,-0.002344,0.001704,-1.876772,-0.059898,0.134185,-0.072352,-0.002442,0.001317,-0.040647,-0.001080,0.000354,-0.044226,-0.001314,0.000764,0.000457,-0.000207,0.000298
panda_0584,"['There is a man standing in front of a booth displaying bicycles, and he is talking about the new 2017 hyper nd frame.', 'A close up of a red bike with a black seat.', 'A close up of a purple bike with yellow rims.']",217,44,0.572812,9.581432,0.611249,0.469490,11.174535,0.599534,0.455010,11.053817,0.597897,0.455555,8.961291,0.604024,0.471612,11.078417,0.600649,0.461677,9.146954,0.609581,0.468517,11.156693,0.621029,0.466982,1.593104,-0.011715,-0.014480,1.472385,-0.013352,-0.013935,-0.620141,-0.007225,0.002122,1.496985,-0.010600,-0.007813,-0.434477,-0.001668,-0.000973,1.575261,0.009780,-0.002507
panda_0585,"['A man in a hat and sunglasses is standing on a boat with a green sea turtle on his lap.', 'A man is standing on the bow of a boat in a mangrove swamp. he is wearing a blue shirt and has a beard and sunglasses.', 'A man with a beard is wearing sunglasses, a hat, and a blue shirt. he is standing on a boat in a mangrove swamp.']",329,70,0.735065,22.967825,0.793460,0.134824,23.012276,0.793891,0.132660,23.012128,0.794247,0.130964,22.941518,0.791980,0.139600,22.948111,0.792329,0.138404,22.958848,0.792553,0.138170,22.967402,0.793238,0.135256,0.044452,0.000431,-0.002164,0.044304,0.000787,-0.003860,-0.026307,-0.001480,0.004775,-0.019714,-0.001131,0.003580,-0.008976,-0.000907,0.003345,-0.000423,-0.000222,0.000432
panda_0586,"['A young man with glasses is standing in front of a window and looking at the camera.', 'A view of a hillside with a river and trees.', 'A man is talking to the camera in his living room.']",190,38,0.066711,27.716316,0.913250,0.039784,26.927922,0.911743,0.044760,27.824354,0.912274,0.039095,27.683595,0.912283,0.040321,27.746712,0.913188,0.039964,27.694841,0.913219,0.039730,27.691046,0.913357,0.039180,-0.788395,-0.001507,0.004975,0.108038,-0.000975,-0.000690,-0.032721,-0.000967,0.000537,0.030396,-0.000062,0.000180,-0.021475,-0.000031,-0.000054,-0.025270,0.000107,-0.000604
panda_0587,"['A bunch of black parts sitting on top of a wooden floor.', 'A close up of two black objects sitting on top of a table.', 'The read reviews logo on a white background.']",170,33,1.300462,7.786674,0.421803,0.800848,7.813480,0.397354,0.800939,7.818655,0.394952,0.798408,7.780019,0.405879,0.799907,7.827838,0.419321,0.802092,7.801575,0.419446,0.800291,7.808202,0.419074,0.802197,0.026807,-0.024449,0.000091,0.031982,-0.026851,-0.002440,-0.006655,-0.015924,-0.000941,0.041165,-0.002483,0.001243,0.014901,-0.002357,-0.000557,0.021529,-0.002729,0.001349
panda_0588,"['A red jeep is parked in a parking lot at night, with the headlights on and a tire on the back of the jeep.', 'A car driving down a dark road with its headlights on.', 'Two men standing next to each other on a city street.']",225,46,1.283582,10.955401,0.166229,0.589825,12.663191,0.170838,0.560406,12.022844,0.169796,0.572049,10.708940,0.170869,0.584550,10.755522,0.169592,0.585984,10.901165,0.173883,0.585326,10.990885,0.168026,0.586666,1.707790,0.004610,-0.029419,1.067443,0.003567,-0.017776,-0.246461,0.004640,-0.005275,-0.199880,0.003363,-0.003842,-0.054236,0.007655,-0.004499,0.035484,0.001797,-0.003159
panda_0589,"['There are still classified and unreleased confidential files regarding events in the arctic circle that were claimed by individuals who were part of a mission known as operation highjump.', 'There is a black and white photograph of an old ship in the middle of the ocean with several flying saucers hovering above it.', 'There is a natural rock formation in the woods with moss growing on it.']",396,67,0.961270,18.789527,0.432865,0.717098,18.860847,0.395505,0.684143,19.381931,0.439698,0.677565,17.413293,0.405507,0.762355,17.783124,0.413436,0.751075,18.564716,0.432319,0.723860,18.711591,0.437239,0.723401,0.071320,-0.037360,-0.032955,0.592404,0.006833,-0.039533,-1.376235,-0.027358,0.045256,-1.006403,-0.019429,0.033977,-0.224811,-0.000546,0.006762,-0.077936,0.004374,0.006303
panda_0590,"['A dark room with a reflection of a building in the glass.', 'A close up of a meter on a rock wall.', 'A group of miners are working in an underground coal mine.']",164,33,0.759939,12.307449,0.568479,0.408702,12.352220,0.569936,0.405388,12.277285,0.570838,0.406460,12.306589,0.570945,0.407763,12.341130,0.571186,0.407409,12.321618,0.569741,0.407021,12.326735,0.570885,0.407882,0.044770,0.001457,-0.003314,-0.030164,0.002358,-0.002243,-0.000861,0.002465,-0.000939,0.033681,0.002706,-0.001293,0.014168,0.001261,-0.001681,0.019286,0.002405,-0.000820
panda_0591,"['A green tent set up on a grassy field.', 'A close up of a yellow cord attached to a tent.', 'A green tent with chairs inside of it.']",135,28,4.588550,21.619523,0.850599,0.118083,22.997518,0.849316,0.113443,22.936696,0.848975,0.115381,21.186421,0.803464,0.193070,21.309969,0.815243,0.167418,21.314922,0.814544,0.180228,23.096743,0.853818,0.102549,1.377995,-0.001284,-0.004640,1.317173,-0.001625,-0.002702,-0.433102,-0.047135,0.074987,-0.309554,-0.035357,0.049335,-0.304602,-0.036056,0.062145,1.477220,0.003218,-0.015535
panda_0592,"['A woman is giving an interview on tv.', 'A small stream of water running through a forest with trees in the foreground and a person with a backpack walking through the forest.', 'A man is talking to an older woman in a room.']",228,43,6.466832,19.670330,0.764805,0.195940,19.808072,0.768288,0.194840,19.660481,0.764051,0.202691,19.565159,0.757440,0.208717,19.682053,0.765828,0.195619,19.676088,0.765537,0.195593,19.674176,0.765929,0.195791,0.137743,0.003483,-0.001101,-0.009849,-0.000754,0.006751,-0.105171,-0.007365,0.012777,0.011723,0.001023,-0.000321,0.005758,0.000732,-0.000347,0.003846,0.001124,-0.000149
panda_0593,"['Two young women are cooking food in a kitchen.', 'A young woman is cooking soup in a kitchen.', 'The two women are making a cooking video and showing it to the camera.']",171,32,4.776879,12.639737,0.631454,0.319943,12.517751,0.630751,0.318202,12.492652,0.629994,0.318613,12.614928,0.631225,0.320101,12.623562,0.631120,0.320395,12.650545,0.632400,0.317274,12.649146,0.631801,0.319171,-0.121986,-0.000703,-0.001740,-0.147085,-0.001460,-0.001330,-0.024809,-0.000229,0.000158,-0.016175,-0.000334,0.000452,0.010808,0.000945,-0.002669,0.009409,0.000347,-0.000772
panda_0594,"['A ferret is playing with a red heart-shaped toy.', 'A person is playing with a ferret.', 'A ferret is playing with a stuffed animal on a laptop.']",148,27,0.777555,21.134905,0.785196,0.132744,21.158092,0.785379,0.132892,21.172943,0.784578,0.134133,21.134252,0.784675,0.133092,21.132161,0.784951,0.132854,21.129705,0.785469,0.132402,21.134523,0.785015,0.133041,0.023187,0.000183,0.000147,0.038038,-0.000618,0.001388,-0.000653,-0.000521,0.000348,-0.002744,-0.000245,0.000110,-0.005200,0.000273,-0.000342,-0.000382,-0.000181,0.000297
panda_0595,"['The dashboard of a mercedes benz.', ""The car's infotainment system has a sleek and modern design, with a touchscreen display and various buttons and knobs for controlling the audio, navigation, and other features."", 'A yellow sports car driving down a curvy road.']",267,42,1.639942,30.907064,0.927055,0.026854,30.947605,0.927065,0.027407,30.953002,0.926671,0.027487,30.847368,0.925721,0.027070,30.913449,0.927185,0.026783,30.928341,0.927328,0.026683,30.937640,0.927414,0.026800,0.040541,0.000009,0.000553,0.045938,-0.000384,0.000633,-0.059696,-0.001334,0.000216,0.006385,0.000129,-0.000071,0.021277,0.000272,-0.000171,0.030576,0.000358,-0.000054
panda_0596,"['A small room with a tv, a stool, and a vending machine.', 'The room has a garage door, shelves and tools on the wall.', 'A cheque on a blue background.']",155,30,0.283697,21.020826,0.832437,0.136531,21.434789,0.833667,0.156129,20.888491,0.831461,0.133325,21.119585,0.828613,0.161259,21.026993,0.831735,0.142742,21.121583,0.831281,0.148337,21.067264,0.831005,0.144409,0.413963,0.001230,0.019598,-0.132335,-0.000975,-0.003206,0.098759,-0.003824,0.024729,0.006167,-0.000701,0.006211,0.100757,-0.001156,0.011806,0.046438,-0.001432,0.007879
panda_0597,"['It is a white mercedes 280 se cabriolet driving on a winding road.', 'A convertible car parked on the side of the road with mountains in the background.', ""A close up of a car's dashboard and the air vent.""]",209,39,15.968474,7.462405,0.302195,0.736435,7.998907,0.306687,0.706079,7.799496,0.306802,0.736885,7.294118,0.305829,0.734186,7.155441,0.301813,0.735190,7.388245,0.309534,0.737148,7.224019,0.299499,0.730418,0.536503,0.004491,-0.030356,0.337091,0.004607,0.000451,-0.168287,0.003633,-0.002248,-0.306964,-0.000382,-0.001244,-0.074159,0.007338,0.000714,-0.238386,-0.002696,-0.006017
panda_0598,"['A man and a woman are sitting in front of a computer screen with a blue background.', 'A man and a woman sitting next to each other on a computer screen.', 'A picture of a video game with a caption that says ""next car game"".']",228,45,1.281243,17.527485,0.876971,0.198062,17.387979,0.876003,0.192944,17.396400,0.880180,0.183789,17.316096,0.877901,0.184160,17.435868,0.876215,0.194409,17.292704,0.876069,0.193335,17.395380,0.876533,0.188039,-0.139507,-0.000968,-0.005118,-0.131086,0.003209,-0.014273,-0.211390,0.000929,-0.013902,-0.091617,-0.000757,-0.003653,-0.234782,-0.000902,-0.004727,-0.132105,-0.000439,-0.010023
panda_0599,"['Three jars filled with different colored pills on a shelf.', 'A three tiered shelf in a bathroom with soap, lotion, and other items on it.', 'Two mason jars with flowers and brushes on a counter.']",199,35,0.130869,13.502421,0.609957,0.503582,12.830052,0.592474,0.518646,13.368407,0.616883,0.502665,13.240818,0.580689,0.514044,12.786265,0.590285,0.520947,13.012426,0.595613,0.521638,13.482761,0.598894,0.510126,-0.672369,-0.017482,0.015064,-0.134013,0.006927,-0.000917,-0.261603,-0.029267,0.010463,-0.716155,-0.019671,0.017365,-0.489995,-0.014343,0.018057,-0.019659,-0.011062,0.006544
panda_0600,"['Two people wearing protective gear in a hospital room.', 'A television screen showing a view of a city.', 'There are doctors wearing protective gear in a hospital room treating patients with symptoms of covid-19.']",216,34,2.803025,24.122595,0.881344,0.041087,24.092367,0.881791,0.040936,24.135352,0.881962,0.040855,23.991668,0.880103,0.042325,24.054421,0.880606,0.041855,24.063005,0.880988,0.041342,24.061073,0.880853,0.041486,-0.030228,0.000447,-0.000152,0.012756,0.000618,-0.000232,-0.130927,-0.001241,0.001237,-0.068174,-0.000739,0.000768,-0.059590,-0.000356,0.000255,-0.061522,-0.000491,0.000399
panda_0601,"['The man is wearing a brown shirt and glasses, and he is talking to the camera.', 'A man is holding two spark plugs in his hand and examining them.', 'A man holding a screw in front of a blurry background.']",208,40,0.477464,8.124836,0.341320,0.595119,7.696829,0.360323,0.518890,7.702262,0.360049,0.522862,8.119368,0.336993,0.589766,8.289477,0.338488,0.582516,8.361500,0.344800,0.584963,8.370561,0.344491,0.582088,-0.428007,0.019002,-0.076229,-0.422575,0.018729,-0.072257,-0.005469,-0.004327,-0.005354,0.164640,-0.002833,-0.012603,0.236663,0.003480,-0.010156,0.245725,0.003171,-0.013032
panda_0602,"['A robot on a computer screen.', 'A robot in a video game.', 'The player is standing on a futuristic planet with a large city in the background, holding a futuristic weapon.']",176,31,2.477623,12.164549,0.594904,0.590997,12.259856,0.580803,0.595289,12.152168,0.573787,0.600418,12.109816,0.574430,0.598401,12.137724,0.595736,0.591749,12.133720,0.591396,0.593296,12.173976,0.587169,0.595907,0.095306,-0.014102,0.004292,-0.012382,-0.021118,0.009421,-0.054733,-0.020475,0.007404,-0.026825,0.000832,0.000752,-0.030829,-0.003508,0.002299,0.009427,-0.007735,0.004910
panda_0603,"['A view of the inside of a vehicle from the outside.', 'A classic car is driving down a road with mountains in the background.', 'The video is about a car, possibly a studebaker avanti, driving down a winding road in a scenic countryside.']",241,43,16.046564,16.837246,0.726663,0.445426,16.759007,0.703306,0.455470,16.842039,0.709175,0.445623,16.664642,0.703424,0.452118,16.758763,0.712350,0.445039,16.830613,0.719660,0.437383,16.917225,0.718848,0.440661,-0.078239,-0.023357,0.010044,0.004792,-0.017488,0.000197,-0.172604,-0.023239,0.006692,-0.078483,-0.014314,-0.000387,-0.006634,-0.007004,-0.008043,0.079978,-0.007816,-0.004764
panda_0604,"['A black background with the words try your answer in the comments.', 'A gaming pc is placed on a desk with a furry 500w power supply.', 'A close up of a power supply on a table.']",181,36,0.298801,13.731622,0.578662,0.406001,15.006011,0.627251,0.316714,15.489197,0.607184,0.326616,13.595201,0.574306,0.407497,13.642450,0.592311,0.385516,13.650409,0.576206,0.409978,13.675116,0.576404,0.405423,1.274389,0.048590,-0.089287,1.757574,0.028523,-0.079385,-0.136421,-0.004356,0.001495,-0.089172,0.013649,-0.020486,-0.081213,-0.002456,0.003976,-0.056506,-0.002258,-0.000578
panda_0605,"['The word film guide on a blue background.', 'The person is standing in a snowy field with trees in the background, holding their arms up in the air.', 'A snow covered field with trees and a building.']",203,37,0.352838,19.007794,0.828308,0.119660,19.072761,0.828753,0.119600,18.997525,0.828038,0.120081,19.030016,0.828431,0.119431,19.028034,0.828494,0.119470,19.026371,0.828518,0.119432,19.021292,0.828445,0.119553,0.064967,0.000445,-0.000060,-0.010269,-0.000270,0.000420,0.022222,0.000123,-0.000229,0.020240,0.000186,-0.000191,0.018577,0.000210,-0.000229,0.013498,0.000137,-0.000108
panda_0606,"['The character select screen for marvel vs capcom 3.', 'The character is holding a shield and standing in front of a cityscape.', 'The menu screen for marvel vs capcom 3.']",173,30,0.050402,15.477378,0.655709,0.249774,15.726978,0.660131,0.239562,15.918144,0.669593,0.233118,15.497239,0.654854,0.247591,15.662461,0.656123,0.246031,15.456610,0.657390,0.248403,15.504036,0.656073,0.248433,0.249600,0.004423,-0.010212,0.440766,0.013884,-0.016656,0.019861,-0.000855,-0.002183,0.185083,0.000414,-0.003743,-0.020768,0.001682,-0.001371,0.026658,0.000364,-0.001342
panda_0607,"['A news anchor and reporter are sitting at a news desk in a television studio.', 'A newscast with two newscasters talking about a tractor trailer accident.', 'A scene of an accident on a busy highway with cars and trucks with their lights on.']",245,43,2.396245,28.822437,0.931772,0.020731,28.918046,0.931670,0.020406,28.740115,0.930578,0.021423,28.714472,0.930748,0.021906,28.800423,0.930729,0.021728,28.801457,0.931494,0.021327,28.951480,0.932100,0.021006,0.095609,-0.000102,-0.000324,-0.082321,-0.001193,0.000692,-0.107964,-0.001024,0.001175,-0.022013,-0.001042,0.000998,-0.020980,-0.000277,0.000597,0.129044,0.000328,0.000275
panda_0608,"['A person is holding a sunflower plush toy.', 'A hand holding a piece of paper with a note on it.', 'A person holding a card that says plants vs zombies.']",156,30,5.858381,18.217940,0.685371,0.444201,17.701012,0.677653,0.459221,17.779989,0.681092,0.453671,18.185201,0.683674,0.446649,18.213485,0.685474,0.444733,18.243937,0.686000,0.443877,18.216239,0.685835,0.444288,-0.516928,-0.007718,0.015020,-0.437950,-0.004279,0.009470,-0.032738,-0.001697,0.002448,-0.004454,0.000103,0.000532,0.025998,0.000629,-0.000324,-0.001700,0.000464,0.000087
panda_0609,"['A close up of a white samsung cell phone.', 'A man is holding a smartphone with an app on the screen in his hand over a desk.', 'A close up of a cell phone laying on concrete.']",179,37,7.514034,22.776692,0.903094,0.103166,22.775258,0.902754,0.106494,22.779101,0.902957,0.105517,22.783746,0.902944,0.104900,22.780938,0.902936,0.104740,22.804248,0.903011,0.102692,22.795568,0.903279,0.103145,-0.001434,-0.000340,0.003328,0.002409,-0.000137,0.002351,0.007054,-0.000150,0.001735,0.004246,-0.000157,0.001574,0.027556,-0.000083,-0.000474,0.018876,0.000185,-0.000021
panda_0610,"['A pile of bags of fertilizer sitting in front of a garage.', 'A snowy field with trees in the background, a house, and a building in the background.', 'A motorcycle is parked in a garage and there are bags of grain on the floor.']",232,44,0.496863,20.234569,0.562045,0.173868,19.948137,0.560738,0.176499,20.650709,0.578768,0.134679,20.164140,0.560650,0.176992,19.908144,0.550219,0.190352,20.155372,0.557923,0.180219,20.175729,0.563073,0.171416,-0.286432,-0.001307,0.002631,0.416140,0.016723,-0.039189,-0.070430,-0.001395,0.003124,-0.326425,-0.011826,0.016484,-0.079197,-0.004122,0.006351,-0.058841,0.001028,-0.002452
panda_0611,"['It is a blue bmw m240i driving on a winding road surrounded by trees.', 'A blue car is driving on a highway near a forest.', 'A blue bmw m2 coupe is parked on a road.']",170,35,0.186262,4.884235,0.349869,0.757378,4.640862,0.366453,0.754359,4.530187,0.361215,0.753955,4.624102,0.350411,0.759692,4.593979,0.342471,0.767688,4.564142,0.348245,0.761628,4.730150,0.349829,0.756158,-0.243372,0.016584,-0.003019,-0.354048,0.011346,-0.003424,-0.260133,0.000542,0.002314,-0.290256,-0.007398,0.010309,-0.320092,-0.001624,0.004249,-0.154085,-0.000039,-0.001221
panda_0612,"['A white plate topped with food and a spoon.', 'There is a man sitting at a wooden table with plates of food in front of him.', 'There is a man sitting at a table outside a restaurant, enjoying a meal.']",204,40,7.118715,19.058327,0.680623,0.147227,19.043972,0.679818,0.147625,19.061497,0.680074,0.147707,19.040642,0.679632,0.147475,19.039499,0.679929,0.147562,19.022694,0.679673,0.147593,19.045753,0.680034,0.147474,-0.014355,-0.000806,0.000398,0.003170,-0.000549,0.000480,-0.017685,-0.000992,0.000249,-0.018828,-0.000694,0.000336,-0.035633,-0.000951,0.000366,-0.012574,-0.000589,0.000248
panda_0613,"['An ea sports logo on a black background.', 'A man is talking to the camera in an office with blurred city lights in the background.', 'A snowboarder is going down a snowy slope in a video game.']",197,37,0.155088,33.750496,0.969133,0.004480,33.741038,0.961162,0.004320,33.793417,0.961405,0.004347,33.741113,0.959462,0.004330,33.770191,0.960414,0.004295,33.780466,0.969211,0.004429,33.725905,0.969232,0.004295,-0.009458,-0.007971,-0.000161,0.042921,-0.007728,-0.000133,-0.009383,-0.009671,-0.000150,0.019695,-0.008719,-0.000185,0.029970,0.000078,-0.000051,-0.024591,0.000099,-0.000185
panda_0614,"['There is a machine in a factory with a water pump and a black box.', 'A close up of a metal object with a metal band around it.', 'There are three black panels stacked on top of each other in a room with a white floor.']",222,46,0.877021,20.523189,0.714610,0.151031,20.602635,0.717906,0.145984,20.521969,0.715019,0.148157,20.466611,0.712302,0.154176,20.467632,0.712716,0.152418,20.480045,0.713229,0.151463,20.514365,0.714328,0.151065,0.079446,0.003296,-0.005047,-0.001221,0.000408,-0.002874,-0.056578,-0.002309,0.003144,-0.055558,-0.001894,0.001386,-0.043145,-0.001382,0.000431,-0.008825,-0.000283,0.000034
panda_0615,"['A man is talking to the camera while holding a razor.', 'A man is sitting at home and talking to the camera.', 'A black background with the words subscribe to after prison show.']",181,33,0.264642,23.139988,0.859458,0.086707,23.044851,0.858391,0.087803,22.940496,0.858863,0.087544,23.061112,0.858697,0.087429,23.112681,0.859434,0.086555,23.106759,0.859294,0.086811,23.133029,0.859339,0.086825,-0.095138,-0.001067,0.001096,-0.199492,-0.000595,0.000837,-0.078876,-0.000761,0.000721,-0.027307,-0.000024,-0.000152,-0.033229,-0.000164,0.000103,-0.006959,-0.000120,0.000117
panda_0616,"['A man is cooking food on a grill in the backyard of his house.', 'A person is mixing ingredients in a bowl on a kitchen counter.', 'Person is mixing ingredients in a bowl with a mixer.']",188,36,1.349780,14.789706,0.555796,0.542550,14.908542,0.556030,0.539639,14.941799,0.555287,0.541969,14.899042,0.550493,0.545497,14.801195,0.556053,0.541966,14.875301,0.554501,0.540742,14.911516,0.554606,0.543566,0.118836,0.000234,-0.002911,0.152093,-0.000508,-0.000580,0.109335,-0.005302,0.002947,0.011489,0.000258,-0.000584,0.085595,-0.001295,-0.001808,0.121810,-0.001190,0.001016
panda_0617,"['A red car parked on a grassy hill next to a lake.', 'A close up of the engine compartment of a car.', 'A red car is driving on a dirt road through a forest and crossing a river.']",181,38,0.303095,25.017473,0.886115,0.106846,25.064214,0.886994,0.105089,25.032635,0.896209,0.092007,25.007536,0.885835,0.107484,24.997076,0.884601,0.109122,24.993559,0.885454,0.106824,25.013232,0.886391,0.105614,0.046741,0.000879,-0.001757,0.015162,0.010094,-0.014839,-0.009937,-0.000281,0.000638,-0.020397,-0.001514,0.002276,-0.023914,-0.000662,-0.000022,-0.004241,0.000276,-0.001232
panda_0618,"['Two sports cars parked in front of a garage.', 'A collage of many different cars in a parking lot.', 'A man is driving a sports car on a sunny day.']",151,30,3.445915,23.641635,0.827945,0.104886,22.810526,0.804163,0.126471,25.289071,0.879018,0.050223,23.611147,0.827109,0.103006,25.084540,0.871531,0.059929,25.046437,0.873564,0.058979,25.247736,0.878771,0.052117,-0.831109,-0.023782,0.021585,1.647436,0.051073,-0.054663,-0.030488,-0.000836,-0.001880,1.442905,0.043585,-0.044957,1.404803,0.045619,-0.045907,1.606101,0.050826,-0.052769
panda_0619,"['A stick insect is crawling on a branch in an aquarium.', 'A brown object sitting on top of a gray background.', 'A close up of a bug with a caption that says ""giant prickly stick insect"".']",191,36,2.741699,17.088974,0.883154,0.242672,17.386736,0.886600,0.236837,17.165821,0.883864,0.241182,17.072088,0.882939,0.242175,17.158666,0.883668,0.241443,17.096987,0.883108,0.243430,17.141896,0.883544,0.243023,0.297762,0.003445,-0.005835,0.076847,0.000709,-0.001490,-0.016886,-0.000215,-0.000498,0.069693,0.000513,-0.001230,0.008014,-0.000046,0.000758,0.052922,0.000390,0.000351
panda_0620,"['The iphone 12 is placed on a wooden table and rotates slowly.', 'A close up of an apple iphone on a wooden table.', 'There is a white iphone on a wooden table with a computer in the background.']",197,38,0.961270,14.221662,0.193976,0.696263,14.140636,0.186135,0.708804,14.316458,0.189868,0.709027,14.228144,0.190667,0.699371,14.168429,0.193669,0.698429,14.283895,0.197593,0.694075,14.343518,0.196980,0.696734,-0.081026,-0.007841,0.012541,0.094797,-0.004108,0.012764,0.006482,-0.003310,0.003107,-0.053233,-0.000308,0.002166,0.062233,0.003616,-0.002188,0.121857,0.003003,0.000470
panda_0621,"['A close up of a man running on a track.', 'There is a man running on a track in front of a crowd of people.', 'A professional athlete is running on a track and jumping over hurdles.']",185,37,1.132157,27.251622,0.938670,0.050648,27.073943,0.937261,0.056823,27.099884,0.934843,0.073153,27.180205,0.938047,0.051434,27.283784,0.938548,0.050587,27.227445,0.938465,0.050825,27.087225,0.937921,0.052684,-0.177679,-0.001409,0.006175,-0.151738,-0.003827,0.022505,-0.071417,-0.000622,0.000786,0.032163,-0.000122,-0.000061,-0.024176,-0.000204,0.000177,-0.164397,-0.000749,0.002036
panda_0622,"['A futuristic looking vehicle with a door and a directional arrow.', 'A man in a plaid shirt looking at vegetables in a grocery store.', 'A white van driving down a street next to palm trees.']",194,35,18.851688,18.332439,0.738792,0.325367,18.848753,0.752181,0.270067,19.080977,0.754114,0.273447,18.167952,0.731939,0.334605,18.231440,0.737437,0.324388,18.521545,0.735333,0.320574,18.505939,0.735650,0.326101,0.516314,0.013389,-0.055300,0.748538,0.015322,-0.051920,-0.164487,-0.006853,0.009238,-0.100999,-0.001355,-0.000979,0.189106,-0.003459,-0.004793,0.173500,-0.003142,0.000735
panda_0623,"['A person is holding a toy dinosaur that appears to be a tyrannosaurus rex, the coloration and detail of the toy are very similar to a previous model released last year, the toy has bite marks on its neck and tail, and the pose of the toy is based on fossil records of carnivores.', 'A person is holding a plastic toy of a dinosaur, specifically a triceratops.', 'A sculpture of a fish on a wooden surface.']",409,76,0.610207,19.402100,0.800394,0.259306,19.400895,0.799780,0.259086,19.499768,0.805406,0.268505,19.396841,0.800840,0.256376,19.440411,0.801941,0.260435,19.422681,0.802551,0.260052,19.398149,0.802941,0.259776,-0.001205,-0.000614,-0.000220,0.097668,0.005012,0.009199,-0.005258,0.000445,-0.002929,0.038311,0.001547,0.001130,0.020581,0.002156,0.000747,-0.003951,0.002546,0.000470
panda_0624,"['There is a bird in a cage with food scattered around it.', 'A yellow budgie is eating eggs in an enclosure.', 'A yellow parrot is eating eggs in slow motion.']",161,30,4.981853,20.175440,0.798963,0.387562,20.143299,0.797747,0.389318,20.142726,0.797842,0.388698,20.152035,0.797727,0.388014,20.126017,0.796887,0.388985,20.158886,0.798500,0.386841,20.128117,0.797991,0.388396,-0.032141,-0.001216,0.001755,-0.032713,-0.001122,0.001135,-0.023405,-0.001237,0.000452,-0.049423,-0.002076,0.001422,-0.016554,-0.000464,-0.000722,-0.047323,-0.000973,0.000833
panda_0625,"['A small frog sitting on top of a green plant.', 'A fish is eating a crab underwater.', 'A large snake in a fish tank next to some logs.']",139,28,0.276033,18.214378,0.678590,0.359781,17.575788,0.681391,0.349859,17.554935,0.678529,0.349058,18.130353,0.678301,0.363834,18.402146,0.681580,0.359484,18.601677,0.696827,0.344915,18.161132,0.677326,0.363754,-0.638590,0.002801,-0.009922,-0.659443,-0.000060,-0.010723,-0.084025,-0.000289,0.004053,0.187768,0.002991,-0.000297,0.387299,0.018237,-0.014866,-0.053246,-0.001264,0.003973
panda_0626,"['A news anchor and reporter are sitting at a desk in front of a cityscape background.', 'A group of police officers standing next to a car.', 'Two police officers standing next to a car.']",189,34,0.063552,24.693881,0.895927,0.060836,24.662126,0.892918,0.062755,24.595470,0.891325,0.063595,24.679048,0.894475,0.061814,24.705936,0.894819,0.061756,24.683477,0.895297,0.061463,24.652701,0.895268,0.061403,-0.031755,-0.003009,0.001920,-0.098411,-0.004602,0.002759,-0.014833,-0.001452,0.000979,0.012055,-0.001108,0.000920,-0.010405,-0.000630,0.000627,-0.041181,-0.000659,0.000567
panda_0627,"['A bunch of toy figures on a shelf with the words ""grims toy show action inside"".', 'There is a man wearing headphones and sitting in front of a desk with shelves filled with toys and action figures.', 'There are several toy action figures displayed on a shelf in a store.']",275,50,0.611948,17.762182,0.571786,0.123914,18.670791,0.628079,0.116379,18.742566,0.633748,0.115536,18.159603,0.595116,0.120179,18.248432,0.601887,0.119226,18.060173,0.591070,0.120846,18.000384,0.586166,0.121553,0.908610,0.056293,-0.007535,0.980385,0.061962,-0.008378,0.397422,0.023330,-0.003736,0.486250,0.030101,-0.004689,0.297991,0.019284,-0.003068,0.238202,0.014380,-0.002362
panda_0628,"['A person with a backpack standing in a subway station.', 'A blue train on a train track next to a building.', 'A view of a city from a train window.']",152,30,0.803514,10.272093,0.419322,0.651120,10.316792,0.417367,0.652380,10.302899,0.417993,0.651852,10.259434,0.419002,0.650114,10.261618,0.419769,0.649553,10.253405,0.418729,0.650960,10.249348,0.417950,0.652171,0.044699,-0.001955,0.001260,0.030806,-0.001329,0.000732,-0.012659,-0.000319,-0.001005,-0.010475,0.000447,-0.001566,-0.018688,-0.000592,-0.000160,-0.022745,-0.001371,0.001051
panda_0629,"['A street is flooded with water from a water main break.', 'A photo of a street with cars and a lightning bolt.', 'An aerial view of a house that has been damaged by a tornado.']",179,35,0.215851,18.393170,0.713884,0.137601,18.366300,0.701794,0.151085,18.414256,0.709978,0.138773,18.396217,0.713578,0.137741,18.396146,0.713410,0.137751,18.381871,0.713887,0.137641,18.399516,0.713827,0.137664,-0.026871,-0.012091,0.013484,0.021086,-0.003906,0.001173,0.003047,-0.000306,0.000141,0.002976,-0.000474,0.000151,-0.011299,0.000003,0.000040,0.006345,-0.000057,0.000063
panda_0630,"['A table with a bunch of wine glasses and a bunch of purple flowers.', 'A man in a sweater is holding seeds in a greenhouse.', 'A man putting soil into a pot on a table.']",172,35,0.139820,17.875161,0.678317,0.155924,17.867113,0.677317,0.156166,17.941702,0.678203,0.154990,17.889594,0.677965,0.156164,17.905549,0.678242,0.155816,17.892077,0.678166,0.156028,17.874495,0.678059,0.156164,-0.008048,-0.001000,0.000242,0.066541,-0.000114,-0.000934,0.014433,-0.000352,0.000239,0.030388,-0.000075,-0.000109,0.016916,-0.000151,0.000104,-0.000666,-0.000258,0.000239
panda_0631,"['There is a person standing on top of a tall tower in the middle of a mountainous terrain with a view of the surrounding mountains and valleys.', 'There is a person standing on top of a rocky cliff overlooking a vast landscape with mountains and valleys in the distance.', 'A large explosion is happening in the middle of a city, with smoke and debris everywhere.']",366,65,6.178212,21.495391,0.634720,0.388774,22.058006,0.648421,0.377380,22.365450,0.661251,0.367440,20.812494,0.622772,0.399318,20.865925,0.620858,0.402619,22.147115,0.653474,0.374673,21.992676,0.649222,0.381021,0.562616,0.013701,-0.011395,0.870059,0.026530,-0.021334,-0.682896,-0.011949,0.010544,-0.629465,-0.013863,0.013845,0.651724,0.018754,-0.014101,0.497285,0.014502,-0.007753
panda_0632,"['Police officers are responding to a crime scene at night.', 'A police car parked in front of a house at night.', 'A television screen with a news story about a man who was killed in a home invasion.']",202,38,0.101232,25.916801,0.891215,0.061161,25.923671,0.890243,0.061694,25.926968,0.890866,0.061075,25.891021,0.889451,0.063071,25.888835,0.889563,0.063011,25.907096,0.891245,0.061042,25.939182,0.891372,0.061168,0.006870,-0.000972,0.000533,0.010167,-0.000349,-0.000086,-0.025780,-0.001763,0.001911,-0.027966,-0.001652,0.001850,-0.009705,0.000030,-0.000119,0.022381,0.000158,0.000007
panda_0633,"['A group of baseball players high fiving each other.', 'A group of baseball players are on the field and they are celebrating after winning the game.', 'The new york yankees are congratulated by their teammates after winning a baseball game.']",244,40,0.732647,18.067257,0.711038,0.326408,18.137044,0.715721,0.324351,18.167961,0.710033,0.327869,18.131726,0.710417,0.327571,18.193421,0.712108,0.325305,18.165226,0.713261,0.326149,18.172796,0.714031,0.325993,0.069786,0.004683,-0.002057,0.100703,-0.001005,0.001460,0.064469,-0.000621,0.001163,0.126164,0.001070,-0.001103,0.097969,0.002223,-0.000259,0.105539,0.002992,-0.000416
panda_0634,"['It is a dark background with a bright light shining in the center.', 'The text ""black 3x"" appears on a dark background with lens flares.', 'A computer screen showing a list of items.']",186,33,1.182493,36.490917,0.951069,0.061285,36.304416,0.949334,0.065867,36.376940,0.949955,0.064170,36.264376,0.948984,0.065813,36.334968,0.949202,0.065204,36.526486,0.951309,0.061086,36.509454,0.951143,0.061566,-0.186501,-0.001735,0.004581,-0.113977,-0.001114,0.002885,-0.226541,-0.002084,0.004527,-0.155949,-0.001867,0.003918,0.035569,0.000240,-0.000200,0.018538,0.000074,0.000281
panda_0635,"['The earth from space with a black background.', 'A picture of a device with a globe in the background.', 'A picture of a baby washer with instructions on how to use it.']",172,32,1.550013,26.963862,0.835979,0.122473,26.827287,0.828563,0.127777,27.019680,0.832014,0.122170,27.020535,0.825983,0.125317,26.982826,0.826927,0.122546,26.992346,0.835998,0.124187,27.000491,0.836193,0.123290,-0.136575,-0.007415,0.005304,0.055818,-0.003964,-0.000302,0.056672,-0.009996,0.002844,0.018963,-0.009052,0.000073,0.028484,0.000020,0.001714,0.036629,0.000214,0.000818
panda_0636,"['There are two young women standing in a kitchen, smiling and laughing.', 'Two young women are standing in a kitchen preparing food.', 'Two young women are standing in a kitchen making food.']",193,32,0.123634,22.507298,0.828801,0.065681,22.472950,0.828080,0.067467,22.479301,0.828207,0.066843,22.498742,0.828426,0.066047,22.489884,0.828230,0.066294,22.507907,0.828820,0.065848,22.494592,0.828774,0.066711,-0.034348,-0.000720,0.001787,-0.027997,-0.000594,0.001162,-0.008556,-0.000375,0.000367,-0.017415,-0.000570,0.000613,0.000609,0.000019,0.000168,-0.012706,-0.000026,0.001031
panda_0637,"['A man is standing in a gym and talking to the camera.', 'There is a person working out on a machine in a gym.', 'A man is sitting in a car and talking about a camera.']",170,36,1.119582,10.483415,0.280760,0.673342,10.359062,0.277769,0.685307,10.446852,0.278962,0.675055,10.251442,0.278753,0.682624,10.222344,0.277684,0.682757,10.334491,0.279126,0.685330,10.613024,0.282929,0.675094,-0.124353,-0.002990,0.011964,-0.036564,-0.001798,0.001713,-0.231974,-0.002007,0.009282,-0.261072,-0.003075,0.009415,-0.148924,-0.001633,0.011988,0.129609,0.002170,0.001752
panda_0638,"['Two young women are preparing food in a kitchen.', 'Two women standing in a kitchen with a plate of food.', 'A person is cutting food on a green plate with a knife.']",168,32,0.302400,14.910980,0.513626,0.535185,14.911218,0.513574,0.535708,14.911137,0.513661,0.535591,14.912055,0.513774,0.535286,14.912376,0.514021,0.534586,14.910827,0.513772,0.535073,14.911915,0.513833,0.534631,0.000238,-0.000052,0.000523,0.000158,0.000035,0.000406,0.001076,0.000148,0.000101,0.001396,0.000395,-0.000600,-0.000153,0.000146,-0.000113,0.000935,0.000207,-0.000554
panda_0639,"['There is a metal shower head hanging from the ceiling in a bathroom with white tiles and black grout.', 'A red leather couch in a room with drawers.', 'The interior of a vintage bus has been converted into a comfortable living space.']",237,42,0.835074,28.202545,0.920507,0.047086,27.882636,0.918664,0.047370,27.607765,0.917839,0.047703,28.218289,0.920220,0.047110,28.122170,0.920035,0.047182,28.207746,0.920359,0.047153,28.077624,0.919886,0.047281,-0.319910,-0.001844,0.000285,-0.594780,-0.002668,0.000617,0.015744,-0.000287,0.000025,-0.080375,-0.000473,0.000096,0.005201,-0.000148,0.000067,-0.124921,-0.000621,0.000195
panda_0640,"['A gray suv kia sportage is parked on the side of the road.', 'The interior of a car is equipped with brown leather seats.', 'The interior of a car with a steering wheel and dashboard.']",187,35,0.124456,24.526929,0.792295,0.050042,24.473224,0.791173,0.049021,24.568401,0.793671,0.048602,24.497985,0.791362,0.049882,24.534707,0.792426,0.049676,24.545291,0.792836,0.049547,24.517268,0.792345,0.049493,-0.053705,-0.001122,-0.001021,0.041472,0.001377,-0.001440,-0.028944,-0.000933,-0.000160,0.007778,0.000132,-0.000366,0.018363,0.000542,-0.000495,-0.009660,0.000050,-0.000549
panda_0641,"['A video game screen with text on it.', 'A screenshot of a video game showing a rifle.', 'The user is playing a first-person shooter game.']",141,25,2.532513,37.754786,0.995613,0.003225,39.272154,0.997091,0.002351,39.102739,0.997023,0.002374,38.853242,0.996727,0.002777,38.970114,0.996825,0.002691,38.990134,0.996820,0.002569,35.787007,0.994149,0.005277,1.517368,0.001477,-0.000873,1.347954,0.001410,-0.000850,1.098456,0.001114,-0.000447,1.215328,0.001212,-0.000534,1.235348,0.001207,-0.000655,-1.967779,-0.001464,0.002052
panda_0642,"['A man is standing in front of a green parrot and holding a gun.', 'A close up of a green and red parrot.', 'A computer screen showing a dice game.']",150,30,0.772823,15.619983,0.723070,0.526950,14.941314,0.697396,0.561046,14.853306,0.717996,0.532747,16.021025,0.727525,0.548654,15.532214,0.722693,0.528504,15.212638,0.725088,0.541245,15.427236,0.724811,0.543927,-0.678669,-0.025673,0.034096,-0.766677,-0.005074,0.005797,0.401041,0.004455,0.021705,-0.087770,-0.000377,0.001555,-0.407345,0.002018,0.014295,-0.192747,0.001742,0.016977
panda_0643,"['A boy and a girl are drawing on paper.', 'There are two young girls sitting on the floor and drawing with colored markers on a white paper.', 'A boy and a girl holding up a white board with a like sign on it.']",212,43,1.776198,10.015429,0.317141,0.654908,10.022855,0.317184,0.655056,10.013191,0.317055,0.654950,10.013695,0.317015,0.654928,10.017522,0.317115,0.654925,10.011183,0.317024,0.654949,10.007925,0.317046,0.655002,0.007426,0.000043,0.000148,-0.002237,-0.000086,0.000042,-0.001734,-0.000126,0.000020,0.002093,-0.000026,0.000017,-0.004246,-0.000117,0.000041,-0.007504,-0.000095,0.000095
panda_0644,"['A man with glasses sitting in front of a light.', 'A man in a lab coat looking at a computer screen.', 'A middle-aged man is sitting in a dimly lit room and holding a vial of liquid.']",186,37,0.327554,19.257338,0.710564,0.315020,18.022263,0.616098,0.385414,13.870082,0.606712,0.411772,19.246543,0.711919,0.318668,19.244504,0.712218,0.316506,19.230735,0.708826,0.317193,19.244777,0.710592,0.313991,-1.235075,-0.094466,0.070394,-5.387256,-0.103852,0.096752,-0.010795,0.001355,0.003648,-0.012834,0.001654,0.001486,-0.026604,-0.001738,0.002173,-0.012561,0.000028,-0.001029
panda_0645,"['A chef is preparing food in a kitchen with paper, cloth and dough.', 'A chef is heating up a pan on a stove with oil and onions.', 'A person is kneading a dough on a table.']",176,36,4.819657,21.962108,0.746279,0.368655,22.006378,0.746232,0.369396,21.927689,0.746092,0.369788,21.933422,0.745995,0.369021,21.951551,0.746063,0.369019,21.970673,0.746258,0.368880,22.012787,0.746304,0.368820,0.044270,-0.000047,0.000741,-0.034419,-0.000187,0.001133,-0.028686,-0.000284,0.000366,-0.010557,-0.000216,0.000364,0.008565,-0.000021,0.000225,0.050679,0.000025,0.000165
panda_0646,"['There is a bowl of black soy sauce on a white table.', 'A person is preparing a dish by adding soy sauce and maple syrup to a bowl.', 'There are different ingredients placed in a white bowl.']",194,37,0.296499,4.855003,0.357176,0.647416,4.572420,0.367821,0.644537,4.713713,0.324634,0.660476,4.665289,0.354959,0.666504,4.755779,0.358178,0.658612,4.836450,0.359834,0.645215,4.932673,0.351328,0.644010,-0.282583,0.010646,-0.002880,-0.141290,-0.032542,0.013060,-0.189714,-0.002216,0.019087,-0.099224,0.001002,0.011195,-0.018553,0.002658,-0.002202,0.077670,-0.005848,-0.003407
panda_0647,"['It is raining on a street and there are puddles of water on the ground.', 'A makeup palette is placed in the middle of a pile of pine needles.', 'A young woman is applying makeup to her face.']",195,38,2.674569,6.112927,0.438436,0.651060,5.541350,0.435112,0.640918,5.543433,0.441223,0.634715,5.940724,0.420432,0.664522,5.999283,0.428166,0.660312,6.026592,0.426102,0.660414,5.988341,0.429136,0.657360,-0.571578,-0.003324,-0.010142,-0.569495,0.002787,-0.016345,-0.172203,-0.018004,0.013462,-0.113645,-0.010270,0.009252,-0.086336,-0.012334,0.009354,-0.124586,-0.009300,0.006300
panda_0648,"['An aerial view of a white building with a man standing in front of it.', 'The backyard of a villa has a pool and a green lawn with a palm tree.', 'An aerial view of an old stone house surrounded by trees in a small village.']",227,46,4.670564,11.216262,0.488167,0.637558,9.938208,0.472507,0.684827,10.893315,0.465739,0.682669,11.166011,0.504081,0.635109,11.122236,0.489022,0.634752,11.213091,0.486890,0.637608,11.337314,0.505457,0.636164,-1.278054,-0.015660,0.047268,-0.322947,-0.022428,0.045111,-0.050251,0.015914,-0.002449,-0.094026,0.000854,-0.002807,-0.003172,-0.001277,0.000050,0.121052,0.017290,-0.001394
panda_0649,"['A close up of a green bowl with two bottles in it.', 'Two bags with a picture of tom and perry on them.', 'A close up of a bottle of liquid on a table.']",155,34,0.153919,27.855341,0.917907,0.027012,28.007552,0.918996,0.026175,27.837156,0.916772,0.026999,27.859989,0.917343,0.027043,27.827811,0.916971,0.027226,27.858542,0.917728,0.026825,27.826203,0.917073,0.027162,0.152211,0.001089,-0.000837,-0.018185,-0.001135,-0.000013,0.004648,-0.000564,0.000031,-0.027531,-0.000936,0.000214,0.003201,-0.000179,-0.000186,-0.029138,-0.000835,0.000151
panda_0650,"['A small green train is on a toy track.', 'A toy thomas the tank engine next to a toy car.', 'A toy train is moving on the floor.']",132,28,0.058449,27.253122,0.929733,0.176509,27.084822,0.921710,0.181691,27.517787,0.924756,0.184376,27.485728,0.931907,0.163509,28.506434,0.930703,0.174787,28.909399,0.937951,0.133274,28.139620,0.933388,0.158001,-0.168300,-0.008023,0.005182,0.264665,-0.004977,0.007867,0.232606,0.002174,-0.013000,1.253312,0.000970,-0.001722,1.656277,0.008218,-0.043235,0.886498,0.003655,-0.018509
panda_0651,"['Person is cooking a dish in a slow cooker.', 'A person is rinsing seeds in a pot of water.', 'A person is cooking a meal in a slow cooker. the person is adding ingredients to the slow cooker and stirring the contents with a wooden spoon.']",241,46,5.983134,22.716584,0.778890,0.128463,23.083179,0.777230,0.124246,22.783436,0.774676,0.130993,22.602193,0.774754,0.129861,22.771125,0.773379,0.129901,22.833884,0.778139,0.128212,22.640955,0.779417,0.128820,0.366595,-0.001660,-0.004217,0.066852,-0.004214,0.002531,-0.114391,-0.004136,0.001398,0.054541,-0.005511,0.001439,0.117300,-0.000751,-0.000251,-0.075629,0.000527,0.000357
panda_0652,"['Person is being poured into a pot on the kitchen sink.', 'A person is sprinkling shredded cheese on top of ingredients in a slow cooker.', 'A person is using a red plastic spoon to stir a bowl of food in a slow cooker.']",222,43,1.148895,17.516658,0.706254,0.174556,17.646621,0.707121,0.170980,17.649299,0.707334,0.171132,17.529926,0.706598,0.174533,17.511065,0.705941,0.174829,17.569950,0.707173,0.172772,17.495634,0.705924,0.175214,0.129964,0.000867,-0.003576,0.132642,0.001080,-0.003424,0.013268,0.000344,-0.000022,-0.005593,-0.000313,0.000273,0.053293,0.000919,-0.001784,-0.021024,-0.000329,0.000658
panda_0653,"['A close up of some food on a plate.', 'A close up of a blender with a metal spoon in it.', 'A bowl of shredded cheese sitting on top of a table.']",148,32,3.940955,13.790797,0.407683,0.660842,12.796626,0.386837,0.680034,12.571237,0.375009,0.693631,13.793559,0.408043,0.661463,13.798398,0.408459,0.661873,13.784713,0.407387,0.661042,13.071012,0.398307,0.671365,-0.994171,-0.020846,0.019192,-1.219560,-0.032674,0.032789,0.002762,0.000361,0.000621,0.007601,0.000777,0.001031,-0.006084,-0.000295,0.000200,-0.719784,-0.009375,0.010522
panda_0654,"['The logo for chemical business simulator and the logo for the college of engineering.', 'A web page with a red and white design.', 'A web page with a red and white background.']",179,32,0.108795,9.415056,0.752806,0.507407,9.480017,0.752571,0.512634,9.426494,0.751485,0.516860,9.328335,0.748501,0.513280,9.353590,0.749467,0.510075,9.352073,0.751573,0.505463,9.359343,0.752439,0.508986,0.064962,-0.000235,0.005227,0.011438,-0.001321,0.009453,-0.086721,-0.004305,0.005873,-0.061466,-0.003339,0.002668,-0.062983,-0.001233,-0.001944,-0.055712,-0.000367,0.001579
panda_0655,"['A screen shot of a video editor with a man sitting at a bar.', 'A computer screen showing a video editing program.', 'A screen shot of a video editing program.']",163,30,0.672794,19.462826,0.553342,0.732422,18.344145,0.541784,0.758763,18.383415,0.539209,0.760384,19.609332,0.546282,0.730891,19.587928,0.547913,0.732021,19.529672,0.551319,0.734996,19.517435,0.554513,0.731683,-1.118681,-0.011558,0.026340,-1.079410,-0.014133,0.027962,0.146506,-0.007059,-0.001531,0.125102,-0.005429,-0.000401,0.066846,-0.002022,0.002574,0.054609,0.001171,-0.000740
panda_0656,"['A man is screaming in front of a fire.', 'A man with his mouth wide open in front of a fire.', 'A young man is sitting in front of a camera and talking to the viewer.']",170,36,0.403088,21.628049,0.800441,0.170994,21.505155,0.796735,0.180830,21.484277,0.796513,0.179892,21.645613,0.801509,0.182861,21.587037,0.797054,0.195481,21.589521,0.798398,0.191757,21.579865,0.795584,0.196829,-0.122894,-0.003706,0.009837,-0.143771,-0.003929,0.008898,0.017565,0.001068,0.011867,-0.041012,-0.003387,0.024487,-0.038527,-0.002043,0.020763,-0.048184,-0.004857,0.025835
panda_0657,"['A video game lobby with a checkered floor.', 'The player is playing a first-person shooter game in an airport.', 'A person is playing a video game on a computer screen, and there are various objects in the background such as buildings, cars, and trees.']",256,44,0.143919,16.234696,0.731377,0.429152,16.140477,0.711459,0.454407,16.245682,0.714929,0.449229,16.238614,0.731302,0.430300,16.248190,0.731431,0.429529,16.254375,0.731816,0.428924,16.230207,0.731344,0.429578,-0.094219,-0.019918,0.025254,0.010986,-0.016448,0.020076,0.003918,-0.000075,0.001147,0.013494,0.000054,0.000377,0.019679,0.000439,-0.000229,-0.004489,-0.000033,0.000426
panda_0658,"['There is a construction site with several houses in the background.', 'A screen shot of a graph showing a number of business groups.', 'There is a street with houses on either side of it, and a car driving down the street.']",226,41,22.009602,16.502626,0.586713,0.340028,16.425859,0.583462,0.340487,16.489644,0.585760,0.340057,16.482277,0.585460,0.340232,16.506005,0.586285,0.340206,16.488862,0.586361,0.340270,16.494570,0.586140,0.340319,-0.076767,-0.003251,0.000459,-0.012981,-0.000953,0.000028,-0.020349,-0.001252,0.000203,0.003379,-0.000428,0.000178,-0.013764,-0.000352,0.000242,-0.008055,-0.000573,0.000291
panda_0659,"['A person in a kitchen holding a tray of muffin tins.', 'A catholic priest is talking to the camera in his kitchen.', 'The home baking logo on a green background.']",165,30,0.633079,16.504035,0.479222,0.453071,16.445486,0.480680,0.452508,16.431945,0.478981,0.453086,16.492113,0.478906,0.452991,16.537407,0.479835,0.452796,16.520998,0.479014,0.452951,16.509536,0.478927,0.453231,-0.058549,0.001458,-0.000564,-0.072090,-0.000241,0.000014,-0.011922,-0.000317,-0.000080,0.033372,0.000612,-0.000275,0.016963,-0.000208,-0.000120,0.005501,-0.000295,0.000160
panda_0660,"['A news anchor in a suit and tie on a tv screen.', 'A person is standing with two children in front of a building that appears to be a shelter for the homeless.', 'A man in a suit and tie standing in front of a tv screen.']",224,47,0.068047,25.702039,0.900323,0.039062,25.576233,0.895529,0.041428,25.505785,0.893421,0.043047,25.442655,0.892033,0.043386,25.624016,0.897248,0.040581,25.696145,0.898677,0.039734,25.589376,0.898127,0.040056,-0.125806,-0.004794,0.002366,-0.196254,-0.006902,0.003985,-0.259383,-0.008290,0.004324,-0.078023,-0.003075,0.001519,-0.005894,-0.001646,0.000672,-0.112663,-0.002197,0.000994
panda_0661,"['A person is cutting a quesadilla with a knife.', 'A chef is preparing food on a stainless steel countertop.', 'A person is putting scrambled eggs on a tortilla.']",164,28,3.397526,11.683373,0.785607,0.346369,10.149680,0.757336,0.366978,10.909995,0.765435,0.363429,11.628144,0.782902,0.347661,11.731107,0.785720,0.344896,11.728402,0.784393,0.346860,11.774744,0.786585,0.343604,-1.533694,-0.028270,0.020609,-0.773378,-0.020172,0.017061,-0.055229,-0.002705,0.001292,0.047734,0.000113,-0.001473,0.045029,-0.001214,0.000491,0.091370,0.000978,-0.002765
panda_0662,"['A man is sitting at a table in a kitchen, holding a plastic container and looking at it.', 'A man in a gray sweatshirt standing in a kitchen with two small dogs.', 'A man is sitting at a table and holding a box with a label on it.']",234,48,0.286473,20.590842,0.814685,0.096167,20.607758,0.814253,0.096317,20.602699,0.814419,0.096155,20.586708,0.814231,0.096568,20.603334,0.814539,0.096313,20.591884,0.814642,0.096112,20.598477,0.814654,0.096173,0.016916,-0.000432,0.000150,0.011857,-0.000266,-0.000012,-0.004134,-0.000455,0.000401,0.012491,-0.000146,0.000146,0.001042,-0.000044,-0.000055,0.007635,-0.000032,0.000007
panda_0663,"['A young black woman in a blue dress sits in a chair and smiles at the camera.', 'A young woman is sitting at a table and reading a book at night.', 'The couple is standing on a street and smiling at the camera.']",214,43,0.961270,7.816759,0.147577,0.959679,8.370422,0.144145,0.878635,7.992979,0.143503,0.919547,7.805514,0.141943,0.959011,7.824812,0.144666,0.963797,7.871775,0.148742,0.958718,7.907358,0.148791,0.951314,0.553664,-0.003432,-0.081044,0.176220,-0.004074,-0.040132,-0.011245,-0.005634,-0.000668,0.008053,-0.002911,0.004119,0.055017,0.001165,-0.000960,0.090599,0.001215,-0.008365
panda_0664,"['The words growing and pruning part 2 by byron martin.', 'A man standing next to a potted tree.', 'A sign that says ""growing and pruning starfruit part 1"".']",158,28,0.072739,35.310235,0.958303,0.018609,35.407089,0.957734,0.018426,35.470827,0.957940,0.017999,35.417527,0.957747,0.018826,35.408618,0.957888,0.018718,35.316547,0.958312,0.018549,35.333025,0.958435,0.018359,0.096854,-0.000570,-0.000183,0.160592,-0.000363,-0.000610,0.107292,-0.000557,0.000217,0.098383,-0.000415,0.000109,0.006311,0.000008,-0.000061,0.022790,0.000132,-0.000250
panda_0665,"['A white-tailed deer is standing in a field and then runs away.', 'A man with a beard wearing a hat stands in the woods.', 'A man with a beard wearing a hat stands in the woods.']",180,36,0.658698,24.056646,0.923271,0.132543,24.601601,0.922722,0.136729,24.607692,0.923702,0.133590,24.053490,0.923642,0.131501,24.036610,0.924713,0.131005,24.043759,0.924203,0.130635,24.084434,0.923478,0.131455,0.544954,-0.000549,0.004187,0.551045,0.000431,0.001047,-0.003157,0.000371,-0.001042,-0.020037,0.001442,-0.001538,-0.012888,0.000932,-0.001908,0.027788,0.000207,-0.001088
panda_0666,"['A pile of money next to a pile of oil barrels.', 'An oil and gas sector chart.', 'There are cars parked on the side of a busy street with a divider in the middle.']",166,34,0.823155,19.446852,0.817572,0.200135,19.198820,0.808061,0.206407,19.481378,0.816592,0.200243,19.589742,0.817774,0.197204,19.362328,0.815517,0.202272,19.417351,0.816446,0.201958,19.485177,0.816591,0.200475,-0.248031,-0.009511,0.006272,0.034526,-0.000980,0.000108,0.142890,0.000202,-0.002931,-0.084523,-0.002056,0.002137,-0.029500,-0.001126,0.001823,0.038326,-0.000981,0.000340
panda_0667,"['Two young men are standing in front of a red background and they are both wearing t-shirts, one of them is holding a plastic cup.', 'A close up of a man in a red blanket.', 'A shirtless man holding a towel in front of a wall.']",229,46,0.749053,14.716469,0.746990,0.278242,15.311012,0.754933,0.271606,14.772185,0.747740,0.277774,15.102424,0.753045,0.273042,14.794115,0.749160,0.276046,14.749832,0.747215,0.278471,14.849922,0.749711,0.274961,0.594543,0.007943,-0.006636,0.055715,0.000750,-0.000468,0.385955,0.006055,-0.005199,0.077646,0.002170,-0.002196,0.033362,0.000225,0.000230,0.133452,0.002721,-0.003281
panda_0668,"['There is a book open on a table with a red and blue lace bookmark on it.', 'A butterfly shaped bookmark sitting on top of a green book.', 'A woman is holding a piece of celery and talking to the camera.']",206,41,0.041931,26.812781,0.930363,0.034586,26.457880,0.926155,0.037265,26.386698,0.924635,0.037600,26.498834,0.925041,0.037362,26.601698,0.926682,0.036325,26.861197,0.930775,0.034201,26.764515,0.929388,0.034918,-0.354902,-0.004209,0.002679,-0.426083,-0.005728,0.003014,-0.313948,-0.005323,0.002776,-0.211083,-0.003682,0.001739,0.048416,0.000412,-0.000385,-0.048267,-0.000975,0.000332
panda_0669,"['A baby laying on a wooden floor next to a laptop.', 'There is a camera attached to a metal arm that can move up and down, and a table with various items on it.', 'A fan is placed on a desk in a room with pink walls.']",219,47,0.068723,18.010729,0.729463,0.389501,17.425735,0.732180,0.389064,17.173555,0.727015,0.396842,18.051915,0.729738,0.387524,18.584507,0.731810,0.377594,18.119899,0.733084,0.384082,18.462467,0.740314,0.372679,-0.584994,0.002717,-0.000437,-0.837174,-0.002448,0.007341,0.041187,0.000275,-0.001977,0.573778,0.002347,-0.011907,0.109170,0.003621,-0.005420,0.451738,0.010851,-0.016823
panda_0670,"['Sonic the hedgehog standing on top of a city.', 'It is a video game cartridge for the atari 2600, but due to a bug in the game, there were more cartridges produced than the number of consoles sold.', 'The words ""subscribe 3"" on a blurry background.']",252,46,0.084425,10.499369,0.436247,0.684318,10.825593,0.439936,0.675960,11.072106,0.443045,0.677972,10.493936,0.435463,0.683449,10.483455,0.437218,0.685974,10.550800,0.437605,0.681457,10.517124,0.435943,0.683895,0.326224,0.003689,-0.008358,0.572737,0.006798,-0.006347,-0.005433,-0.000784,-0.000870,-0.015914,0.000971,0.001656,0.051431,0.001358,-0.002861,0.017755,-0.000305,-0.000423
panda_0671,"['Two men standing in front of a tv showing a chargers workout.', 'A group of football players running on a field.', 'Two men talking about the chargers workout.']",163,28,0.224791,14.178677,0.642392,0.301890,14.660521,0.673786,0.252420,14.377484,0.658211,0.286244,14.123468,0.638774,0.304683,14.145387,0.638616,0.310367,14.201493,0.644824,0.302262,14.143513,0.640118,0.303804,0.481845,0.031394,-0.049470,0.198807,0.015819,-0.015645,-0.055209,-0.003618,0.002794,-0.033290,-0.003776,0.008478,0.022816,0.002432,0.000373,-0.035163,-0.002274,0.001915
panda_0672,"['A woman in a green jacket sitting at a desk in front of a television screen.', 'Two women on a news show talking to each other.', 'The video is about an interview with janet yellen, the chair of the federal reserve, discussing the state of the markets.']",256,47,0.126152,20.962579,0.844367,0.109070,21.261142,0.850160,0.119277,21.547205,0.841403,0.114292,21.532442,0.846600,0.104359,20.945472,0.841871,0.112089,21.766535,0.850654,0.102941,21.466386,0.847050,0.103548,0.298563,0.005793,0.010208,0.584625,-0.002964,0.005222,0.569863,0.002233,-0.004711,-0.017107,-0.002496,0.003020,0.803956,0.006287,-0.006129,0.503807,0.002683,-0.005521
panda_0673,"['A blue background with the words orchestration moving around the kit.', 'A sheet of music with numbers on it.', 'A blue background with the words in context used as a drum fill.']",181,32,2.115550,10.287674,0.399586,0.661620,11.018345,0.466388,0.576546,12.142162,0.491907,0.525112,10.130812,0.394587,0.662300,9.905114,0.395400,0.665895,9.967362,0.397478,0.663057,10.027243,0.397923,0.662549,0.730671,0.066802,-0.085074,1.854488,0.092321,-0.136508,-0.156861,-0.004999,0.000680,-0.382560,-0.004186,0.004275,-0.320311,-0.002108,0.001437,-0.260430,-0.001663,0.000929
panda_0674,"['The space shuttle is launching into the sky with smoke billowing out of its engines.', 'A man in a blue shirt standing in front of a tent.', 'A black and white space shuttle in the sky with mountains in the background.']",222,41,0.961270,16.955644,0.621444,0.349804,16.141056,0.582903,0.434945,15.684337,0.577032,0.411393,16.945445,0.620938,0.351582,16.952392,0.626613,0.350073,17.015235,0.629309,0.349654,17.226177,0.630871,0.347275,-0.814587,-0.038542,0.085141,-1.271307,-0.044413,0.061589,-0.010199,-0.000506,0.001778,-0.003252,0.005169,0.000269,0.059591,0.007865,-0.000150,0.270534,0.009427,-0.002529
panda_0675,"['There are people skating on an outdoor ice rink in front of a large building with tall, modern architecture.', 'An aerial view of a city with a body of water.', 'There are two red and white streetcars parked next to each other on a city street.']",248,46,0.115731,14.228583,0.727300,0.376939,17.799599,0.761395,0.359385,17.803338,0.768940,0.355107,14.065776,0.704850,0.403270,14.134554,0.703703,0.399331,14.399205,0.726370,0.381032,14.086964,0.725515,0.389472,3.571017,0.034095,-0.017554,3.574755,0.041640,-0.021832,-0.162807,-0.022451,0.026331,-0.094029,-0.023597,0.022392,0.170622,-0.000930,0.004093,-0.141618,-0.001785,0.012532
panda_0676,"['A close up of a video game screen.', 'A video game screen showing a room with a door.', 'A person in a video game is pushing a large object.']",144,29,11.373919,21.826831,0.764330,0.378520,21.813124,0.769575,0.357943,21.928950,0.770196,0.357868,21.859956,0.766025,0.370329,21.858032,0.768219,0.360243,21.876013,0.765294,0.373206,21.873826,0.766831,0.370238,-0.013707,0.005245,-0.020577,0.102119,0.005866,-0.020652,0.033125,0.001695,-0.008190,0.031201,0.003888,-0.018277,0.049182,0.000964,-0.005314,0.046995,0.002501,-0.008282
panda_0677,"['A yellow school bus is driving down a street next to trees.', 'A school bus is driving down the street with traffic.', 'A news anchor with a stop sign in the background.']",173,32,0.082553,16.308628,0.654705,0.279572,16.248862,0.653191,0.274687,14.318821,0.650997,0.283108,14.464205,0.650287,0.282387,14.856609,0.654385,0.278973,15.003346,0.654343,0.280957,14.522483,0.644056,0.288294,-0.059766,-0.001514,-0.004885,-1.989807,-0.003708,0.003536,-1.844423,-0.004417,0.002815,-1.452019,-0.000320,-0.000599,-1.305282,-0.000362,0.001385,-1.786145,-0.010649,0.008722
panda_0678,"['A man in a red shirt walks away from a blue truck on a dirt road in the woods.', 'A man working on the underside of a vehicle.', 'There is a blue truck driving on a dirt road surrounded by trees and bushes.']",210,43,0.961270,8.188637,0.440407,0.586287,8.271499,0.441476,0.576021,8.126379,0.429944,0.587556,8.175402,0.440398,0.584344,8.156889,0.439735,0.584107,8.194723,0.440047,0.582207,8.186222,0.439160,0.587060,0.082862,0.001068,-0.010266,-0.062258,-0.010464,0.001268,-0.013235,-0.000009,-0.001943,-0.031748,-0.000672,-0.002180,0.006086,-0.000361,-0.004081,-0.002415,-0.001247,0.000773
panda_0679,"['A television screen showing a list of countries.', 'A tv screen with a message about huduma namba.', 'A tv screen with a message about huduma namba.']",152,26,0.340185,19.431653,0.727264,0.257102,19.279679,0.727865,0.263976,19.180345,0.727075,0.266653,19.298214,0.725930,0.264859,19.314696,0.725717,0.264965,19.605678,0.732786,0.252163,19.435493,0.728615,0.260631,-0.151974,0.000600,0.006874,-0.251307,-0.000189,0.009550,-0.133439,-0.001334,0.007757,-0.116957,-0.001547,0.007863,0.174025,0.005521,-0.004939,0.003841,0.001351,0.003529
panda_0680,"['There is a cafe with a view of the road and cars passing by.', 'A truck is driving down a road with a cloudy sky.', 'A red and white semi truck driving down the road.']",170,35,0.321310,17.669077,0.830115,0.182609,17.774743,0.830736,0.182812,17.785721,0.831187,0.182542,17.674942,0.829912,0.183051,17.672248,0.830006,0.183373,17.669019,0.830178,0.182979,17.667018,0.830123,0.182890,0.105666,0.000621,0.000203,0.116643,0.001071,-0.000068,0.005865,-0.000203,0.000442,0.003170,-0.000109,0.000763,-0.000058,0.000063,0.000369,-0.002059,0.000008,0.000281
panda_0681,"['An illustration of a blood vessel with red and blue branches.', 'The background is made up of a series of geometric shapes that move and change color over time.', 'A pattern of pink cells with caterpillars on a pink background.']",231,40,4.963585,9.167699,0.416897,0.831248,9.218828,0.417324,0.830685,9.248309,0.417782,0.830287,9.193204,0.417537,0.830441,9.175007,0.417465,0.830302,9.199193,0.417243,0.830727,9.199046,0.417389,0.830306,0.051130,0.000427,-0.000562,0.080610,0.000885,-0.000960,0.025505,0.000640,-0.000806,0.007308,0.000568,-0.000946,0.031494,0.000345,-0.000520,0.031347,0.000492,-0.000941
panda_0682,"['The plants are growing in a greenhouse, with wooden beams supporting the structure.', 'There is a chair in a greenhouse and the camera moves around it.', 'A greenhouse with lots of plants inside of it.']",205,35,3.681673,13.898864,0.130716,0.410029,13.938346,0.131691,0.409273,13.920355,0.131439,0.410186,13.906986,0.130795,0.409660,13.898890,0.130614,0.410309,13.895497,0.130520,0.410178,13.895993,0.130672,0.410152,0.039482,0.000974,-0.000756,0.021491,0.000723,0.000157,0.008122,0.000079,-0.000369,0.000027,-0.000103,0.000280,-0.003367,-0.000197,0.000149,-0.002871,-0.000045,0.000123
panda_0683,"['A kitchen table with a blender, cups, bottles, glasses and a glass on it sits in front of a window.', 'A person is sitting at a table with a glass and bottles of alcohol on it.', 'A person is pouring ice into a glass and then adding coffee to it.']",250,50,0.608684,9.231235,0.268345,0.662114,8.714702,0.263153,0.678983,8.873542,0.253272,0.673267,8.871176,0.262909,0.672819,8.873815,0.262384,0.673310,9.322650,0.273254,0.659084,9.246422,0.271663,0.660273,-0.516533,-0.005192,0.016868,-0.357692,-0.015072,0.011153,-0.360059,-0.005436,0.010705,-0.357420,-0.005961,0.011195,0.091416,0.004909,-0.003030,0.015187,0.003319,-0.001841
panda_0684,"['A woman is preparing a meal in her kitchen. she is wearing a green shirt and is standing in front of a stove with a large pot on it.', 'A close up of a bowl of soup with broccoli.', 'A woman is mixing food in a pot in a kitchen.']",232,50,0.073991,26.923379,0.888971,0.034886,27.813984,0.896527,0.028007,27.726057,0.895179,0.028884,26.862478,0.888280,0.035442,26.883668,0.888462,0.035365,26.856198,0.888371,0.035423,26.994937,0.888711,0.034373,0.890605,0.007556,-0.006879,0.802678,0.006208,-0.006002,-0.060901,-0.000691,0.000556,-0.039711,-0.000510,0.000479,-0.067181,-0.000601,0.000537,0.071557,-0.000261,-0.000513
panda_0685,"['There is a red curtain in front of a red background.', 'A bunch of crocheted roses with leaves on a white background.', 'Two white crocheted flowers on a red cloth.']",168,30,0.463534,17.793152,0.892502,0.119087,17.771731,0.893269,0.117702,17.774007,0.892712,0.118504,17.793647,0.892022,0.119414,17.798226,0.892251,0.119368,17.791523,0.892457,0.119296,17.790753,0.892475,0.119154,-0.021421,0.000767,-0.001385,-0.019145,0.000210,-0.000583,0.000495,-0.000480,0.000326,0.005074,-0.000251,0.000281,-0.001629,-0.000045,0.000209,-0.002399,-0.000027,0.000067
panda_0686,"['A computer screen displaying a web page.', 'A computer screen showing a web page.', 'A computer screen displaying a web page.']",129,21,0.097225,14.195012,0.490866,0.525001,14.879305,0.522306,0.487190,14.835404,0.521510,0.485670,14.185301,0.489977,0.526100,14.392005,0.504026,0.505714,14.210346,0.490937,0.525172,14.160871,0.490853,0.524262,0.684292,0.031440,-0.037811,0.640392,0.030644,-0.039331,-0.009712,-0.000889,0.001099,0.196993,0.013161,-0.019287,0.015333,0.000071,0.000170,-0.034141,-0.000013,-0.000739
panda_0687,"['There is a white dog sitting on a pillow in a room with tiled floors and white walls.', 'There is a small white dog sitting on the floor in a room with tiled floors and white walls.', 'A small white dog laying on a tile floor.']",230,46,0.062283,34.534728,0.963895,0.022533,34.598095,0.964092,0.022051,34.630697,0.963929,0.021077,34.465794,0.963593,0.023304,34.496177,0.963915,0.022739,34.511852,0.963903,0.022609,34.523810,0.963795,0.022555,0.063367,0.000197,-0.000482,0.095969,0.000034,-0.001456,-0.068933,-0.000302,0.000771,-0.038550,0.000021,0.000206,-0.022876,0.000008,0.000076,-0.010918,-0.000100,0.000022
panda_0688,"['A baseball player in a red jersey is walking off the field.', 'A group of baseball players in a dugout.', 'A baseball player is swinging a bat and hitting the ball during a game.']",182,34,0.057029,29.169393,0.896988,0.073259,30.396557,0.916028,0.061564,30.115450,0.911879,0.064310,28.722144,0.889554,0.078371,28.622324,0.887246,0.079423,29.142256,0.896864,0.072518,29.453053,0.902120,0.069918,1.227164,0.019040,-0.011695,0.946057,0.014891,-0.008949,-0.447249,-0.007434,0.005112,-0.547069,-0.009743,0.006164,-0.027137,-0.000124,-0.000741,0.283660,0.005132,-0.003341
panda_0689,"['A man in a cowboy hat is laying in a hole in the dirt next to a street.', 'A man in a cowboy hat lays in the dirt on a sidewalk as cars are parked on the side of the road.', 'There are several cars parked on the side of a city street, with a tall building in the background.']",278,60,3.788832,15.462313,0.358135,0.309264,15.661412,0.365828,0.248038,15.473453,0.350710,0.292987,15.549906,0.353904,0.296304,15.455755,0.356457,0.307707,15.406265,0.350618,0.261032,15.466999,0.357308,0.307471,0.199099,0.007694,-0.061225,0.011140,-0.007425,-0.016277,0.087593,-0.004231,-0.012960,-0.006558,-0.001678,-0.001556,-0.056048,-0.007517,-0.048232,0.004686,-0.000826,-0.001793
panda_0690,"['The sun is setting over a backyard with a fence and a tree.', 'A person is holding a camera in the dark with a red light shining on it.', 'A man is standing in the dark at night with a red light on his head.']",211,45,2.151033,23.303400,0.869471,0.121678,23.288743,0.869416,0.121397,23.281171,0.869203,0.121705,23.299161,0.869302,0.121536,23.298120,0.869409,0.121501,23.287876,0.869461,0.121691,23.297971,0.869561,0.121604,-0.014658,-0.000055,-0.000281,-0.022229,-0.000268,0.000027,-0.004239,-0.000169,-0.000142,-0.005281,-0.000061,-0.000177,-0.015524,-0.000010,0.000013,-0.005429,0.000091,-0.000074
panda_0691,"['A group of men sitting around a table looking at computer screens.', 'A robot with bionic legs is walking.', 'A robotic arm is being assembled on a construction site.']",170,29,0.476135,11.228510,0.424392,0.656989,11.107848,0.425417,0.661203,11.468024,0.434138,0.641969,11.317461,0.423786,0.662296,11.200502,0.430394,0.663663,11.215131,0.426950,0.657203,11.251506,0.428006,0.656798,-0.120662,0.001025,0.004214,0.239515,0.009746,-0.015020,0.088951,-0.000606,0.005306,-0.028008,0.006002,0.006673,-0.013379,0.002558,0.000213,0.022997,0.003614,-0.000192
panda_0692,"['A man in a red shirt is standing next to a car with the trunk open.', 'A man is kneeling in front of a gray car on a driveway.', 'There is a black background with white text on it.']",184,39,0.367049,10.982124,0.341895,0.678276,11.887416,0.334406,0.611218,11.475926,0.320733,0.616810,11.500191,0.351756,0.660251,11.260851,0.338230,0.672759,11.577793,0.352539,0.657457,11.627130,0.353188,0.659765,0.905292,-0.007489,-0.067058,0.493801,-0.021162,-0.061465,0.518067,0.009861,-0.018025,0.278727,-0.003666,-0.005516,0.595668,0.010644,-0.020819,0.645006,0.011292,-0.018510
panda_0693,"[""A close up of a person's eye."", 'A black and white cat is sitting in front of a window and looking outside.', 'There are two versions of a cityscape, one with buildings in the foreground and one with buildings in the background.']",232,42,0.403863,9.435637,0.353778,0.778266,9.200751,0.341179,0.777367,9.228538,0.341210,0.779504,10.403478,0.364134,0.762316,10.497313,0.356772,0.766206,9.522321,0.354507,0.776994,9.527503,0.355820,0.776355,-0.234886,-0.012600,-0.000899,-0.207099,-0.012569,0.001238,0.967841,0.010356,-0.015950,1.061676,0.002994,-0.012060,0.086684,0.000729,-0.001272,0.091866,0.002042,-0.001911
panda_0694,"['A bowl of food on a table with two forks.', 'There is a dish of stuffed cabbage leaves on a plate with tomatoes and other vegetables.', 'It is a group of speech bubbles with the words ""share"" and ""like"" written on them in blue, with a black background.']",256,48,3.777224,16.418160,0.512702,0.321157,16.425199,0.513434,0.321475,16.427826,0.512979,0.321138,16.424975,0.513017,0.321258,16.420587,0.512902,0.321756,16.417906,0.512854,0.321167,16.416134,0.512743,0.321524,0.007039,0.000732,0.000318,0.009666,0.000277,-0.000019,0.006815,0.000316,0.000101,0.002427,0.000200,0.000599,-0.000254,0.000152,0.000010,-0.002026,0.000041,0.000368
panda_0695,"['A police officer on a newscast with a building in the background.', 'A news story about a drone being used for student safety.', 'An aerial view of a road and a parking lot with a sign that says ""eyes in the sky for student safety"".']",236,45,1.352415,9.998856,0.576484,0.649951,10.017175,0.574915,0.650125,10.000802,0.575302,0.652116,9.991129,0.576335,0.649389,10.002989,0.576197,0.649819,10.005249,0.576756,0.649814,9.991095,0.576439,0.650571,0.018319,-0.001569,0.000174,0.001946,-0.001182,0.002164,-0.007727,-0.000150,-0.000563,0.004133,-0.000287,-0.000133,0.006393,0.000272,-0.000138,-0.007761,-0.000045,0.000619
panda_0696,"['A moose is standing in a field with tall grass and trees in the background.', 'A moose swimming in a lake with trees in the background.', 'A tick is sitting on a twig.']",171,33,0.080144,20.214056,0.596761,0.183226,21.474247,0.634801,0.149577,21.523200,0.638572,0.148167,20.200201,0.592643,0.183286,20.155269,0.589786,0.183905,20.178570,0.593956,0.181534,20.203648,0.594880,0.182218,1.260191,0.038040,-0.033649,1.309144,0.041811,-0.035059,-0.013855,-0.004117,0.000059,-0.058787,-0.006975,0.000678,-0.035486,-0.002804,-0.001692,-0.010408,-0.001881,-0.001008
panda_0697,"['There is a gauge on the dashboard of a car that displays the battery percentage.', 'A close up of the buttons on a car radio.', 'A man is standing next to a small red and white smart car.']",191,38,0.623495,18.424046,0.841933,0.270255,18.435986,0.835875,0.284654,18.327436,0.834147,0.285658,18.051724,0.837915,0.275393,17.935895,0.835093,0.279302,17.976264,0.838096,0.275037,17.952300,0.836116,0.278917,0.011940,-0.006057,0.014400,-0.096611,-0.007785,0.015403,-0.372322,-0.004018,0.005139,-0.488151,-0.006839,0.009047,-0.447783,-0.003836,0.004783,-0.471746,-0.005817,0.008663
panda_0698,"['The camera is moving along a city street, passing by buildings and cars.', 'There is an orange door with a number 70 on it.', 'It is a hotel room with a table, chairs, and a computer on the desk.']",199,39,0.426434,17.229681,0.705462,0.350080,17.513253,0.698450,0.340680,17.361503,0.696604,0.345586,17.226915,0.695693,0.350090,17.218086,0.693031,0.349435,17.158317,0.701592,0.351309,17.241186,0.704225,0.348831,0.283572,-0.007012,-0.009401,0.131822,-0.008858,-0.004494,-0.002767,-0.009769,0.000010,-0.011596,-0.012431,-0.000646,-0.071365,-0.003870,0.001228,0.011505,-0.001237,-0.001250
panda_0699,"['A white letter a on a black background.', 'A black car is driving down a city street and a screenshot of a screen showing a map.', 'The camera is moving along a path on a black background with flickering lights in the foreground.']",233,43,1.445271,12.529686,0.419511,0.498589,12.646370,0.420100,0.497725,12.609974,0.419841,0.498154,12.524761,0.418563,0.498969,12.508758,0.418497,0.499058,12.533241,0.419482,0.498506,12.520351,0.419424,0.499000,0.116683,0.000589,-0.000864,0.080288,0.000331,-0.000435,-0.004925,-0.000948,0.000379,-0.020929,-0.001013,0.000469,0.003554,-0.000028,-0.000084,-0.009336,-0.000087,0.000411
panda_0700,"['A green bowl of soup with a spoon in it and a picture of a bowl of soup.', 'A green bowl of soup with a spoon in it.', 'A label with the words made with love on it.']",168,38,0.084574,12.913091,0.528240,0.543118,13.116032,0.540190,0.527251,12.670810,0.500517,0.558425,13.010565,0.512013,0.551573,12.623734,0.508282,0.562783,12.807144,0.522794,0.548498,12.962945,0.521988,0.538546,0.202941,0.011950,-0.015866,-0.242281,-0.027723,0.015308,0.097474,-0.016227,0.008456,-0.289356,-0.019959,0.019665,-0.105946,-0.005446,0.005381,0.049855,-0.006253,-0.004572
panda_0701,"['Two men sitting at a table in front of a microphone.', 'A truck driving down a street with a house in the background.', 'A man in a black shirt holding a cat.']",162,32,0.106781,23.516665,0.849668,0.080642,23.508030,0.848175,0.081555,23.511855,0.848704,0.081080,23.520377,0.849570,0.080506,23.525404,0.849519,0.080633,23.524793,0.850050,0.080377,23.521271,0.849626,0.080726,-0.008635,-0.001493,0.000913,-0.004810,-0.000964,0.000438,0.003712,-0.000098,-0.000136,0.008739,-0.000149,-0.000009,0.008128,0.000382,-0.000265,0.004606,-0.000042,0.000084
panda_0702,"['A wooden wine rack on a white background.', 'The instructions for a shelving system.', 'The user has provided a 3d model of a wooden frame. the frame is made of wood and has a white background.']",197,36,3.773067,19.517598,0.813352,0.105434,19.525654,0.812693,0.105818,19.468178,0.811592,0.106641,19.529388,0.813069,0.105628,19.532691,0.812785,0.105919,19.530515,0.813129,0.105692,19.503685,0.812929,0.105914,0.008056,-0.000659,0.000384,-0.049420,-0.001760,0.001206,0.011789,-0.000283,0.000194,0.015093,-0.000567,0.000484,0.012917,-0.000223,0.000258,-0.013913,-0.000422,0.000479
panda_0703,"['The user is using a computer to control a graph on a screen.', 'An audio editing screen with green lines.', 'There are two horses wearing headphones and playing the piano.']",175,30,1.373073,17.439423,0.785931,0.360898,17.576285,0.784305,0.363460,17.383218,0.781322,0.364487,17.313158,0.778847,0.369427,17.381938,0.782068,0.364288,17.483881,0.787071,0.364248,17.552064,0.786556,0.359017,0.136862,-0.001625,0.002561,-0.056205,-0.004608,0.003588,-0.126265,-0.007084,0.008528,-0.057485,-0.003863,0.003389,0.044458,0.001140,0.003349,0.112641,0.000626,-0.001882
panda_0704,"['A young man is standing in front of a parking lot with trees in the background.', 'There is an aerial view of traffic on a highway with cars and trucks moving along the road.', 'An aerial view of a train track surrounded by trees.']",234,44,1.676177,24.641258,0.879193,0.083299,24.792417,0.883740,0.081864,24.795411,0.883562,0.081600,24.643224,0.878224,0.083781,24.628104,0.878236,0.083879,24.645986,0.878795,0.083670,24.630495,0.879000,0.083662,0.151159,0.004547,-0.001435,0.154153,0.004369,-0.001699,0.001966,-0.000969,0.000482,-0.013154,-0.000956,0.000580,0.004729,-0.000398,0.000371,-0.010763,-0.000192,0.000363
panda_0705,"['A close up of a pair of pliers laying on the floor.', 'A red and black motorcycle parked in a garage.', 'A close up of a red and black motorcycle.']",150,30,0.430989,10.886959,0.397541,0.646779,11.130880,0.340402,0.645808,10.978291,0.385520,0.650254,10.770496,0.391357,0.652439,10.879795,0.390707,0.651435,10.805678,0.396947,0.649002,10.943704,0.398867,0.646288,0.243921,-0.057139,-0.000971,0.091332,-0.012021,0.003475,-0.116463,-0.006184,0.005660,-0.007164,-0.006834,0.004656,-0.081281,-0.000594,0.002223,0.056745,0.001326,-0.000491
panda_0706,"['The logo for a movie network exclusive.', 'A scene from the movie star wars the force awakens.', 'A sign that says ""rogue one"" on a black background.']",153,27,14.366471,14.264155,0.694723,0.290926,14.272341,0.695634,0.290263,14.318290,0.698209,0.288260,14.299056,0.695892,0.288133,14.278939,0.695417,0.288722,14.271997,0.694671,0.291290,14.288976,0.695933,0.289067,0.008186,0.000911,-0.000662,0.054135,0.003486,-0.002666,0.034901,0.001169,-0.002793,0.014784,0.000695,-0.002204,0.007842,-0.000051,0.000365,0.024821,0.001210,-0.001858
panda_0707,"['Three speech bubbles with question marks on a white background.', 'It is a close up of a wooden spoon filled with aloe vera gel on a wooden table.', 'A green aloe vera plant is being held in a silver spoon.']",210,40,0.074208,41.803067,0.986595,0.005287,41.884089,0.986671,0.005094,41.893328,0.986690,0.005050,41.774562,0.986491,0.005361,41.815755,0.986573,0.005245,41.832810,0.986644,0.005245,41.835856,0.986665,0.005203,0.081022,0.000076,-0.000193,0.090261,0.000095,-0.000238,-0.028505,-0.000104,0.000073,0.012688,-0.000022,-0.000042,0.029743,0.000049,-0.000043,0.032789,0.000070,-0.000084
panda_0708,"['A young man is fishing in a beautiful lake with tall grass and trees surrounding it.', 'A man is holding a large pike fish that he caught in the lake.', 'A person holding a fishing rod and making a hand gesture.']",215,41,0.068715,19.441805,0.664305,0.134602,19.412039,0.659936,0.136828,19.419662,0.659105,0.136314,19.430509,0.661795,0.136271,19.420738,0.661260,0.136318,19.458354,0.665515,0.134014,19.452780,0.664919,0.134432,-0.029765,-0.004369,0.002226,-0.022143,-0.005200,0.001712,-0.011295,-0.002509,0.001669,-0.021067,-0.003045,0.001717,0.016550,0.001211,-0.000588,0.010975,0.000615,-0.000169
panda_0709,"['The inside of a limousine looking out the window.', 'A gold sports car with a sign saying $100.', 'A gold mercedes-benz g-class parked in the middle of a city street.']",170,30,3.105038,6.708387,0.509806,0.562163,6.681318,0.479052,0.605526,6.535291,0.472390,0.614151,6.612817,0.494928,0.570558,6.704106,0.501538,0.570487,6.699600,0.497896,0.569814,6.642840,0.514325,0.560491,-0.027070,-0.030754,0.043363,-0.173097,-0.037415,0.051988,-0.095571,-0.014878,0.008395,-0.004281,-0.008268,0.008324,-0.008788,-0.011910,0.007651,-0.065548,0.004519,-0.001672
panda_0710,"['A video game character running on a rainbow colored floor.', 'A video game scene with a woman running through it.', 'A woman swinging a golf club in a video game.']",166,30,0.987730,17.507067,0.803792,0.384438,17.496198,0.804061,0.394785,17.503338,0.804346,0.391579,17.518182,0.803081,0.391893,17.515152,0.803258,0.389019,17.501137,0.804125,0.383388,17.502639,0.803966,0.384672,-0.010869,0.000269,0.010347,-0.003728,0.000554,0.007141,0.011115,-0.000710,0.007454,0.008085,-0.000534,0.004581,-0.005929,0.000334,-0.001050,-0.004428,0.000174,0.000234
panda_0711,"['The women are working out in a room with a chair and a large window.', 'Three women are doing exercises on exercise mats in a living room.', 'Three women are doing a workout in a room.']",188,36,7.849322,12.696866,0.663435,0.592662,13.883376,0.659283,0.598854,11.316187,0.653153,0.608548,11.904109,0.668195,0.602419,12.466162,0.671139,0.598936,12.081603,0.672437,0.595725,12.408905,0.668657,0.595952,1.186510,-0.004152,0.006191,-1.380679,-0.010282,0.015886,-0.792757,0.004759,0.009756,-0.230704,0.007704,0.006274,-0.615262,0.009002,0.003062,-0.287961,0.005222,0.003290
panda_0712,"['It is a black background with white text on it.', 'A man sitting in front of a movie poster.', 'A film crew is shooting a scene in a forest.']",144,29,0.258949,25.763494,0.924720,0.020125,25.410620,0.919487,0.021579,25.313768,0.919148,0.020907,25.813130,0.916788,0.019988,25.947487,0.918755,0.019740,25.626167,0.923645,0.020525,25.679853,0.924146,0.020543,-0.352873,-0.005234,0.001454,-0.449726,-0.005573,0.000782,0.049636,-0.007932,-0.000137,0.183993,-0.005965,-0.000385,-0.137327,-0.001075,0.000400,-0.083641,-0.000574,0.000418
panda_0713,"['It is a black mercedes c class car driving on a snowy mountain road.', 'A white mercedes-benz station wagon is driving on a snowy road.', 'A man is driving a white car on a snowy road in the mountains.']",205,39,3.543058,15.499605,0.625644,0.354666,15.512527,0.628330,0.354965,15.513268,0.628308,0.355075,15.494578,0.627230,0.354945,15.502576,0.627102,0.355027,15.499620,0.625646,0.354696,15.491499,0.625622,0.354765,0.012922,0.002686,0.000299,0.013663,0.002664,0.000409,-0.005026,0.001587,0.000279,0.002972,0.001459,0.000361,0.000015,0.000003,0.000030,-0.008105,-0.000022,0.000099
panda_0714,"['A couple of twitters are displayed on a black screen.', 'A car is parked on a black background, and the lighting appears to be dim.', 'A white car is parked in the shade of a tree underneath a large tree.']",208,40,1.682320,13.410454,0.535901,0.358429,13.893573,0.542239,0.352174,13.370455,0.539097,0.359433,13.443646,0.535741,0.357900,13.227599,0.539677,0.359698,13.360073,0.537766,0.356131,13.301599,0.537478,0.360072,0.483119,0.006338,-0.006255,-0.039999,0.003196,0.001004,0.033191,-0.000160,-0.000529,-0.182856,0.003776,0.001269,-0.050381,0.001865,-0.002297,-0.108855,0.001577,0.001643
panda_0715,"['A motorcycle rider is riding on a dirt road and jumping over obstacles.', 'A poster for motocards on a blue background.', 'A person is riding a bicycle with a turbocharger and the camera is mounted on the handlebars of the bike.']",232,41,4.112953,12.838024,0.562101,0.356398,13.004323,0.604127,0.281143,12.526920,0.574518,0.347014,12.872278,0.560537,0.360007,12.780794,0.558221,0.363442,12.865623,0.560813,0.361427,12.897161,0.561386,0.361912,0.166300,0.042026,-0.075255,-0.311104,0.012416,-0.009384,0.034254,-0.001564,0.003610,-0.057230,-0.003880,0.007044,0.027599,-0.001288,0.005029,0.059137,-0.000715,0.005514
panda_0716,"['There is a man sitting in a taxi, and the taxi is driving through the city.', 'A woman in a black scarf holding a phone in her hand is standing in a room with a door.', 'A man in a suit is standing outside of a house, looking at the door.']",242,51,0.883422,20.260845,0.709966,0.165710,20.204743,0.708609,0.165252,20.100938,0.694812,0.193441,20.043032,0.701156,0.168653,20.069344,0.701820,0.168926,20.289810,0.710926,0.164646,20.277034,0.710953,0.164592,-0.056102,-0.001357,-0.000458,-0.159906,-0.015155,0.027731,-0.217812,-0.008810,0.002943,-0.191501,-0.008146,0.003216,0.028965,0.000960,-0.001064,0.016189,0.000987,-0.001118
panda_0717,"['A frying pan full of sausages on a stove.', 'Person is cooking sauerkraut in a pot on a stove.', 'There are several pieces of food cooking in a black skillet on top of a stove.']",180,35,0.961270,12.912003,0.409283,0.694547,14.109365,0.407473,0.677537,12.623844,0.404755,0.703248,12.381139,0.403358,0.702916,12.403653,0.406366,0.701415,12.886820,0.408230,0.691509,12.966598,0.407000,0.693297,1.197361,-0.001811,-0.017010,-0.288159,-0.004528,0.008701,-0.530864,-0.005926,0.008369,-0.508350,-0.002918,0.006868,-0.025183,-0.001053,-0.003038,0.054595,-0.002283,-0.001250
panda_0718,"['A baseball player running on a baseball field.', 'A baseball game with a crowd of people watching as a man swings his bat at a ball.', 'A baseball game is taking place in the stadium, with fans cheering and clapping for the players.']",236,43,0.076378,20.400848,0.541078,0.171195,20.416636,0.540427,0.168990,20.442385,0.540671,0.167662,20.380634,0.540874,0.174016,20.363731,0.539611,0.173343,20.365843,0.539001,0.171100,20.379618,0.540585,0.172121,0.015788,-0.000651,-0.002205,0.041537,-0.000407,-0.003533,-0.020215,-0.000203,0.002821,-0.037117,-0.001466,0.002148,-0.035005,-0.002076,-0.000095,-0.021230,-0.000492,0.000926
panda_0719,"['There are several pieces of cooked chicken on a metal rack on top of a counter.', 'A man is standing in a kitchen and preparing food.', 'The person is pouring a liquid into a bowl on a countertop.']",200,38,0.961270,15.946415,0.710617,0.222455,16.091489,0.711137,0.220645,16.048838,0.710575,0.224313,15.884157,0.703314,0.225037,15.979181,0.704794,0.225167,15.928918,0.710731,0.224296,15.941376,0.713141,0.224281,0.145074,0.000520,-0.001809,0.102423,-0.000042,0.001858,-0.062258,-0.007303,0.002582,0.032766,-0.005823,0.002712,-0.017497,0.000114,0.001841,-0.005039,0.002524,0.001826
panda_0720,"['A person is holding a smartphone with a picture of a game on the screen.', 'A field with tall grasses and clouds in the sky.', 'There is a field with tall grass and weeds growing in it.']",189,37,0.112698,34.972862,0.969855,0.060088,32.007852,0.917866,0.350420,31.807425,0.918081,0.357837,34.977483,0.969666,0.061087,34.771252,0.969174,0.062031,34.968652,0.969811,0.060281,34.969302,0.969827,0.060147,-2.965010,-0.051989,0.290332,-3.165436,-0.051774,0.297749,0.004621,-0.000190,0.000999,-0.201610,-0.000681,0.001943,-0.004210,-0.000045,0.000194,-0.003560,-0.000028,0.000059
panda_0721,"['A person holding a bag of green liquid on a counter.', 'A person is making a green smoothie in a blender.', 'The woman is holding a glass of green liquid in her hand while standing in front of a kitchen counter.']",215,41,0.206202,21.698515,0.839890,0.066913,21.680710,0.839500,0.066964,21.666293,0.839393,0.066978,21.689462,0.838941,0.067278,21.696337,0.839749,0.066997,21.669409,0.839010,0.067220,21.701370,0.839616,0.066991,-0.017805,-0.000390,0.000051,-0.032222,-0.000497,0.000065,-0.009053,-0.000949,0.000365,-0.002178,-0.000141,0.000084,-0.029107,-0.000880,0.000307,0.002855,-0.000274,0.000078
panda_0722,"['A white porsche driving down a curvy road.', 'A white sports car is driving on a winding road in the countryside with mountains in the background.', 'A porsche car with the words click to subscribe.']",202,35,0.961270,13.279754,0.324779,0.799126,13.037680,0.311932,0.803342,12.612991,0.322166,0.806010,12.676602,0.310875,0.802447,13.121568,0.311931,0.794630,13.245163,0.322815,0.799635,12.996765,0.329401,0.795879,-0.242075,-0.012847,0.004216,-0.666764,-0.002614,0.006884,-0.603152,-0.013904,0.003322,-0.158186,-0.012848,-0.004495,-0.034592,-0.001964,0.000510,-0.282989,0.004622,-0.003247
panda_0723,"['A street with police officers, a car and other vehicles.', 'A woman looking at a piece of paper in a dark room.', 'The apple tv plus logo on a black background.']",164,31,2.366187,20.139622,0.528161,0.367076,20.092852,0.526674,0.373004,20.098922,0.526378,0.373366,20.170447,0.527317,0.366934,20.163656,0.527264,0.367461,20.127659,0.528041,0.366455,20.188666,0.528571,0.365556,-0.046769,-0.001487,0.005927,-0.040699,-0.001783,0.006289,0.030825,-0.000844,-0.000142,0.024035,-0.000897,0.000384,-0.011963,-0.000120,-0.000622,0.049045,0.000410,-0.001521
panda_0724,"['Three men are drawing a car on a wall.', 'A white porsche suv parked in a park surrounded by trees.', 'A close up of a car engine with wires attached to it.']",160,32,0.701896,7.611478,0.237014,0.797842,7.464008,0.244785,0.810815,7.389917,0.245924,0.810468,7.772246,0.239511,0.789614,7.521672,0.244948,0.789803,8.027114,0.236733,0.792238,7.544404,0.236699,0.794794,-0.147470,0.007771,0.012973,-0.221561,0.008910,0.012627,0.160768,0.002497,-0.008227,-0.089805,0.007934,-0.008039,0.415636,-0.000281,-0.005604,-0.067074,-0.000315,-0.003048
panda_0725,"['A young woman in a green shirt is standing on the floor of a living room.', 'There is a car driving on a road and a construction site on the side of the road.', 'A person holding a syringe next to a green cup.']",213,44,1.099709,24.881761,0.853918,0.059861,24.861488,0.853428,0.060475,24.843522,0.853232,0.060356,24.875732,0.853946,0.059935,24.861384,0.853481,0.060009,24.874690,0.854018,0.059726,24.878416,0.853892,0.059534,-0.020273,-0.000490,0.000614,-0.038239,-0.000686,0.000495,-0.006029,0.000027,0.000073,-0.020377,-0.000437,0.000148,-0.007071,0.000100,-0.000136,-0.003345,-0.000026,-0.000327
panda_0726,"[""A close up of a person's hand on top of a pile of green leaves."", 'A group of people walking through a wooded area.', 'A glass window sitting on the ground next to a stone wall.']",181,36,1.479951,17.040280,0.478222,0.150091,17.017093,0.476994,0.151696,17.031522,0.477665,0.150341,17.032573,0.477622,0.150683,17.040118,0.478020,0.150662,17.033930,0.477987,0.150152,17.035730,0.478027,0.150283,-0.023187,-0.001228,0.001605,-0.008758,-0.000557,0.000251,-0.007707,-0.000600,0.000592,-0.000162,-0.000202,0.000571,-0.006350,-0.000235,0.000062,-0.004550,-0.000195,0.000192
panda_0727,"['A cat is eating food from a small white bowl on a carpet.', 'A cat is eating food from a bowl on the floor.', 'A black and white cat sitting on the floor next to a white plate.']",180,38,0.106585,18.075535,0.327954,0.123119,18.358773,0.355251,0.118947,18.532834,0.381662,0.149945,18.140545,0.333818,0.122779,18.120340,0.332122,0.123234,18.082570,0.329141,0.122744,18.088166,0.329865,0.122590,0.283238,0.027297,-0.004171,0.457299,0.053708,0.026826,0.065010,0.005864,-0.000340,0.044805,0.004169,0.000115,0.007035,0.001187,-0.000375,0.012631,0.001911,-0.000529
panda_0728,"['A picture of a statue of a dragon on a tv screen.', 'A close up of a cow on a skateboard.', 'A little girl is standing in front of the empire state building, and she is wearing a purple dress.']",196,40,0.122604,20.870599,0.858052,0.085050,20.908981,0.860443,0.081841,21.002140,0.861997,0.080516,20.835354,0.857317,0.085455,20.892289,0.858297,0.085077,20.868108,0.858742,0.085070,20.882765,0.858446,0.085005,0.038382,0.002391,-0.003209,0.131541,0.003945,-0.004534,-0.035245,-0.000735,0.000405,0.021690,0.000245,0.000028,-0.002491,0.000690,0.000020,0.012167,0.000393,-0.000045
panda_0729,"['There are two men sitting on red chairs in a room with shelves filled with bottles of food and drinks.', 'A shelf full of jars with labels on them.', 'The hallway is decorated with floral wallpaper and has a red lightbulb hanging from the ceiling.']",251,45,0.101680,23.047019,0.866952,0.105022,27.248863,0.895347,0.045460,27.284829,0.895400,0.045304,23.049195,0.866170,0.105466,22.847871,0.860008,0.118730,23.199199,0.868189,0.103511,24.461504,0.840341,0.143625,4.201845,0.028395,-0.059561,4.237810,0.028448,-0.059718,0.002177,-0.000782,0.000445,-0.199148,-0.006944,0.013708,0.152180,0.001238,-0.001511,1.414486,-0.026611,0.038603
panda_0730,"['A group of people, including a man, a woman, and a baby, are in a kitchen. they are looking at something on the ground.', 'A man is holding a smartphone and talking to someone on video call.', 'A man is talking to the camera and smiling.']",241,46,0.373865,8.758780,0.283743,0.716923,8.758393,0.283816,0.717218,8.758849,0.283867,0.717031,8.758755,0.283807,0.716897,8.759008,0.283775,0.716866,8.759025,0.283755,0.716966,8.759025,0.283747,0.716955,-0.000388,0.000073,0.000295,0.000069,0.000123,0.000107,-0.000025,0.000063,-0.000026,0.000228,0.000031,-0.000057,0.000245,0.000011,0.000042,0.000245,0.000003,0.000031
panda_0731,"['A person is knitting with green yarn on a white background.', 'A person is knitting a piece of yarn with a needle.', ""A black and white picture with text that says i'm swatched it using a 5mm look and it looked so much better.""]",230,44,1.514268,6.107312,0.409620,0.729314,6.078432,0.385650,0.724761,5.850233,0.387950,0.743513,6.261579,0.412509,0.738548,5.449391,0.405008,0.734437,6.669812,0.409533,0.727404,6.201546,0.408797,0.729301,-0.028879,-0.023970,-0.004552,-0.257079,-0.021670,0.014200,0.154268,0.002888,0.009234,-0.657921,-0.004612,0.005123,0.562500,-0.000087,-0.001910,0.094234,-0.000823,-0.000013
panda_0732,"['The mugshots of five men who have been arrested.', 'An aerial view of a dam that is leaking water and an aerial view of a road under construction next to a river.', 'A weather forecast on a tv screen.']",204,39,0.797484,23.205744,0.861319,0.112762,25.921719,0.893951,0.051506,25.844264,0.893128,0.052301,23.971333,0.867101,0.110119,23.591657,0.859690,0.111759,23.801889,0.863594,0.111203,25.628936,0.888346,0.056254,2.715975,0.032632,-0.061256,2.638520,0.031809,-0.060461,0.765589,0.005782,-0.002643,0.385913,-0.001629,-0.001003,0.596145,0.002274,-0.001559,2.423192,0.027026,-0.056508
panda_0733,"['A person holding an iphone in front of a laptop.', 'A computer screen with a message on it.', 'A person holding an iphone in front of a laptop.']",147,28,0.274438,10.440298,0.198692,0.637773,10.338373,0.211929,0.632900,10.169457,0.197109,0.613941,10.292971,0.196838,0.654768,10.563491,0.209900,0.612940,10.649968,0.214300,0.608572,10.679982,0.219609,0.612995,-0.101925,0.013238,-0.004873,-0.270841,-0.001582,-0.023832,-0.147328,-0.001853,0.016995,0.123193,0.011208,-0.024833,0.209670,0.015609,-0.029201,0.239684,0.020918,-0.024778
panda_0734,"['There are various types of reptiles, including snakes, lizards, and turtles, all housed in clear plastic containers.', 'A bunch of boxes sitting in a room next to a window.', 'People are working in a large kitchen with food on a table.']",239,41,0.188102,16.160553,0.335579,0.562331,17.858600,0.358819,0.548977,18.337445,0.359390,0.548891,16.094273,0.328945,0.563646,15.745195,0.330827,0.583041,15.900445,0.337280,0.579156,15.940448,0.340657,0.560472,1.698047,0.023240,-0.013354,2.176891,0.023811,-0.013440,-0.066281,-0.006634,0.001315,-0.415358,-0.004752,0.020710,-0.260109,0.001701,0.016825,-0.220105,0.005078,-0.001859
panda_0735,"['A person is driving a black car down a road with a green grassy field in the background.', 'A person is driving a car on a city street, and the camera captures the view from inside the car.', 'A person is driving a car down a street with both hands on the steering wheel and the sun streaming through the windshield.']",320,61,0.482308,8.618717,0.217908,0.824831,8.617161,0.203863,0.836494,8.694272,0.204752,0.837829,8.462316,0.209788,0.828497,8.515786,0.212026,0.828072,8.547837,0.217043,0.829923,8.596016,0.217070,0.825821,-0.001556,-0.014045,0.011663,0.075555,-0.013156,0.012998,-0.156402,-0.008120,0.003666,-0.102931,-0.005881,0.003242,-0.070880,-0.000865,0.005092,-0.022701,-0.000837,0.000990
panda_0736,"['The person is sitting in front of a desk with books and other items on it, wearing glasses and looking at the camera.', 'A tweet on a colorful background with palm trees in the background.', 'An invoice landing page with an image of a person looking at a computer screen.']",275,50,0.745269,6.131901,0.348875,0.931116,5.822467,0.339728,0.938938,5.971752,0.337461,0.944352,6.087299,0.348221,0.935057,6.114540,0.348623,0.935064,6.003839,0.340933,0.932533,6.079640,0.351812,0.929433,-0.309434,-0.009147,0.007822,-0.160148,-0.011414,0.013235,-0.044602,-0.000653,0.003940,-0.017360,-0.000252,0.003948,-0.128062,-0.007941,0.001416,-0.052260,0.002938,-0.001683
panda_0737,"['A man is standing in a kitchen and talking to the camera.', 'A person is cooking food in a pot on the stove with carrots and other vegetables.', 'A person is cutting meat on a white plate with a knife and fork.']",214,42,0.311901,11.939919,0.189872,0.691069,11.430437,0.184883,0.700489,11.648660,0.186465,0.684054,11.508732,0.180855,0.700007,11.337300,0.183166,0.699532,12.074237,0.188283,0.690727,12.143571,0.190604,0.687569,-0.509482,-0.004989,0.009420,-0.291259,-0.003407,-0.007016,-0.431187,-0.009017,0.008937,-0.602619,-0.006706,0.008462,0.134318,-0.001589,-0.000343,0.203652,0.000732,-0.003500
panda_0738,"['The front entrance of a building with glass doors.', 'A group of people shopping at an outdoor market.', 'A girl is sitting at her desk and talking to the camera.']",166,30,0.077570,15.274423,0.512305,0.477274,15.108287,0.518184,0.475125,15.223570,0.514421,0.475212,15.302566,0.511288,0.480370,15.277976,0.510335,0.483655,15.316958,0.513937,0.474793,15.304786,0.510618,0.482579,-0.166136,0.005879,-0.002149,-0.050853,0.002116,-0.002062,0.028143,-0.001016,0.003096,0.003553,-0.001970,0.006381,0.042535,0.001632,-0.002481,0.030363,-0.001687,0.005305
panda_0739,"['A man is cutting red peppers on a wooden cutting board in a modern kitchen.', 'The chef is cutting a lime into small pieces on a wooden cutting board.', 'A chef is cutting a lime with a knife on a wooden cutting board.']",222,43,3.743000,18.959999,0.780870,0.174118,18.630793,0.766123,0.183754,18.784701,0.778026,0.178958,18.754869,0.777882,0.176300,18.748442,0.778582,0.175815,18.723755,0.776966,0.176159,18.826762,0.774233,0.177560,-0.329206,-0.014747,0.009636,-0.175299,-0.002844,0.004840,-0.205130,-0.002988,0.002182,-0.211558,-0.002288,0.001697,-0.236244,-0.003904,0.002042,-0.133237,-0.006637,0.003442
panda_0740,"['A pair of scissors laying on the floor next to some plastic bags.', 'A pair of scissors being used to cut a piece of bubble wrap.', 'A picture of a circle of silver spoons on a table.']",187,37,4.146956,20.003910,0.465366,0.343795,20.337843,0.489027,0.319495,20.079375,0.466552,0.342663,20.002097,0.465117,0.343862,20.007435,0.463893,0.344877,19.987667,0.463750,0.345086,20.008441,0.465046,0.343882,0.333933,0.023661,-0.024301,0.075464,0.001186,-0.001133,-0.001814,-0.000249,0.000066,0.003525,-0.001472,0.001082,-0.016244,-0.001615,0.001291,0.004530,-0.000319,0.000086
panda_0741,"['A mother and her two children are sitting at a table and making crafts together.', 'Two little girls playing with wooden toys on a table.', 'Two little girls sitting at a table making crafts.']",195,34,0.214227,20.089496,0.472661,0.104615,20.152096,0.475014,0.104247,20.110339,0.472826,0.104615,20.142168,0.475315,0.104514,20.140986,0.475000,0.104761,20.132130,0.475302,0.104482,20.113967,0.474020,0.104402,0.062600,0.002353,-0.000368,0.020843,0.000165,0.000001,0.052672,0.002654,-0.000101,0.051490,0.002339,0.000147,0.042634,0.002641,-0.000133,0.024471,0.001359,-0.000212
panda_0742,"['Three men standing on a street in front of a building.', 'A black man is sitting in front of a red background and talking to the camera.', 'There is a large waterfall in the middle of a room, with lightning flashing around it.']",230,43,6.591050,22.476857,0.891676,0.089478,23.490402,0.902001,0.080176,23.448319,0.899468,0.080565,22.497780,0.892492,0.087993,22.464049,0.891255,0.089060,22.480892,0.891045,0.089083,22.592401,0.893198,0.087537,1.013545,0.010325,-0.009302,0.971463,0.007792,-0.008912,0.020923,0.000816,-0.001485,-0.012807,-0.000422,-0.000418,0.004036,-0.000631,-0.000395,0.115545,0.001522,-0.001941
panda_0743,"['An older man and woman stand on a beach with the ocean in the background.', 'A woman and a man are sitting at a table with a baby in a stroller.', 'A man and a woman kissing in front of a group of people.']",208,44,0.192903,9.274775,0.404814,0.642618,9.209425,0.388422,0.652396,9.166271,0.404323,0.640829,9.298976,0.406803,0.646774,9.416419,0.401537,0.635904,9.241814,0.400318,0.629828,9.186025,0.401540,0.645929,-0.065350,-0.016392,0.009778,-0.108504,-0.000491,-0.001789,0.024201,0.001990,0.004156,0.141644,-0.003277,-0.006714,-0.032961,-0.004495,-0.012790,-0.088750,-0.003273,0.003311
panda_0744,"['There are two people standing on a sidewalk, one of them is holding a plate with food on it and the other person is looking at the food with interest.', 'A person is cooking food in a pan on a stove.', 'Person is making a quesadilla on a flat top grill.']",257,51,1.062264,12.308722,0.430538,0.437229,12.758079,0.438211,0.409294,12.400559,0.426777,0.436365,12.147476,0.431570,0.447110,12.332419,0.433582,0.434704,12.270784,0.430268,0.438629,12.296695,0.431892,0.438450,0.449357,0.007674,-0.027936,0.091837,-0.003761,-0.000864,-0.161246,0.001032,0.009881,0.023698,0.003044,-0.002525,-0.037937,-0.000269,0.001400,-0.012027,0.001355,0.001220
panda_0745,"['The word numeros complexos on a blue background.', 'The text ""climax me no"" appears and disappears in different colors with a black background.', 'A red sign with a yellow text over a black background.']",205,34,3.826298,36.779886,0.991527,0.001431,36.226728,0.989102,0.011579,36.694768,0.991148,0.001715,36.806465,0.991064,0.001887,36.812659,0.991082,0.001875,36.789931,0.991547,0.001416,36.799364,0.991555,0.001409,-0.553158,-0.002425,0.010148,-0.085118,-0.000379,0.000284,0.026579,-0.000463,0.000456,0.032773,-0.000445,0.000444,0.010045,0.000020,-0.000015,0.019478,0.000028,-0.000023
panda_0746,"['A computer screen showing various items in minecraft.', 'A computer screen showing various items in minecraft.', 'The user is playing a video game called minecraft.']",168,25,0.823434,24.048461,0.865911,0.190970,24.027669,0.873956,0.175766,24.056268,0.872796,0.175833,24.016559,0.865066,0.189249,24.047497,0.864996,0.192362,24.078901,0.867243,0.189401,24.083665,0.866497,0.188889,-0.020792,0.008045,-0.015204,0.007807,0.006885,-0.015137,-0.031902,-0.000845,-0.001721,-0.000964,-0.000914,0.001392,0.030440,0.001332,-0.001569,0.035205,0.000586,-0.002081
panda_0747,"['A soccer player is being interviewed on a green field with microphones in front of him.', 'A soccer game is being played on a green field with a green background.', 'A man is sitting in a car and talking to the camera with a microphone.']",240,45,0.767683,20.998178,0.783126,0.138503,20.980032,0.781371,0.139579,20.989833,0.782249,0.139277,20.995323,0.782699,0.138658,20.984013,0.782253,0.138964,20.989478,0.782510,0.138714,21.000273,0.783242,0.138404,-0.018146,-0.001754,0.001076,-0.008345,-0.000877,0.000774,-0.002854,-0.000427,0.000155,-0.014165,-0.000873,0.000461,-0.008700,-0.000616,0.000211,0.002096,0.000116,-0.000100
panda_0748,"['The operating room is equipped with modern medical equipment.', 'An aerial view of a city with a lot of buildings.', 'A red subscribe button on a blurry background.']",168,28,0.086560,12.533609,0.494677,0.697000,13.357181,0.488500,0.681860,10.259024,0.477846,0.745563,12.059377,0.482461,0.710648,12.819065,0.489145,0.697255,12.623227,0.496769,0.695435,12.874314,0.494727,0.693763,0.823572,-0.006178,-0.015140,-2.274585,-0.016831,0.048563,-0.474232,-0.012216,0.013648,0.285456,-0.005532,0.000255,0.089618,0.002092,-0.001565,0.340705,0.000050,-0.003237
panda_0749,"['A close up of a guitar with stickers on it.', 'There is a man playing a guitar on a stage in a concert.', 'A man is playing a white electric guitar with a red strap.']",169,35,4.531852,8.832997,0.335475,0.684514,6.745923,0.324716,0.696399,7.701952,0.336010,0.680561,8.857315,0.333843,0.694593,8.854256,0.334220,0.682987,8.949275,0.338665,0.676413,8.981601,0.335964,0.681701,-2.087074,-0.010759,0.011884,-1.131045,0.000536,-0.003954,0.024318,-0.001632,0.010079,0.021259,-0.001255,-0.001527,0.116278,0.003190,-0.008101,0.148604,0.000489,-0.002813
panda_0750,"['Two men shaking hands in a formal setting.', 'Two men, one in a suit and tie and the other in a button-up shirt, are giving a press conference at a podium with american flags in the background.', 'President donald trump, first lady donna and vice president mike pence on cnn.']",279,50,0.423276,29.482140,0.910809,0.032641,29.466515,0.911075,0.032661,29.449746,0.910196,0.033142,29.460982,0.909936,0.033249,29.473898,0.910335,0.033165,29.463487,0.910273,0.032897,29.502639,0.910954,0.032880,-0.015625,0.000266,0.000020,-0.032394,-0.000612,0.000501,-0.021158,-0.000872,0.000608,-0.008243,-0.000473,0.000524,-0.018653,-0.000536,0.000256,0.020499,0.000146,0.000239
panda_0751,"['There is a baseball game being played on a field with a dirt infield and grass outfield.', 'There is a baseball game in progress, with two teams playing against each other.', 'The baseball team is celebrating after winning a game.']",234,40,6.082905,15.727354,0.811678,0.114260,15.630071,0.801757,0.117226,15.641109,0.802613,0.117732,15.699437,0.802797,0.131893,15.712324,0.808548,0.125856,15.696188,0.804835,0.131603,15.804538,0.812912,0.112390,-0.097282,-0.009921,0.002966,-0.086244,-0.009065,0.003472,-0.027917,-0.008881,0.017633,-0.015030,-0.003131,0.011596,-0.031166,-0.006844,0.017343,0.077185,0.001234,-0.001871
panda_0752,"[""A man is sitting in the driver's seat of an old red convertible car and talking to the camera."", 'A silver minivan parked in a snowy area.', 'A person fixing a car door with a screwdriver.']",192,36,0.135256,10.420325,0.384851,0.762747,10.546622,0.387788,0.761297,10.307308,0.382064,0.768457,10.388241,0.385863,0.764993,10.081271,0.377876,0.774715,10.480027,0.386459,0.764798,10.458585,0.387857,0.765858,0.126297,0.002937,-0.001450,-0.113017,-0.002788,0.005710,-0.032084,0.001012,0.002246,-0.339054,-0.006975,0.011968,0.059702,0.001608,0.002051,0.038260,0.003006,0.003110
panda_0753,"['There are two small black screws on a red mat.', 'There are different types of screws in a plastic box on a red table.', 'There is a white car parked in a parking lot, and the tire of the car is on the ground.']",213,44,0.235487,24.535437,0.806418,0.056573,24.716002,0.811939,0.057144,24.670172,0.810790,0.056722,24.525442,0.805803,0.058084,24.534432,0.806297,0.057783,24.540229,0.806424,0.056852,24.552889,0.807038,0.056482,0.180565,0.005521,0.000570,0.134734,0.004371,0.000148,-0.009996,-0.000615,0.001510,-0.001006,-0.000122,0.001210,0.004791,0.000006,0.000279,0.017452,0.000620,-0.000091
panda_0754,"['A man is walking down a street in an urban area. he is wearing a brown jacket and has dark hair.', 'A man in a dark room looking at something.', 'A man is standing on the edge of a rooftop, looking down at the city below.']",225,46,0.172305,14.617948,0.482068,0.537966,14.270247,0.485018,0.557748,14.403046,0.488647,0.551690,14.621615,0.506353,0.539340,14.608875,0.503483,0.539710,14.584189,0.482671,0.539450,14.567179,0.481962,0.539739,-0.347701,0.002951,0.019783,-0.214903,0.006579,0.013724,0.003666,0.024286,0.001374,-0.009074,0.021415,0.001744,-0.033760,0.000604,0.001484,-0.050769,-0.000106,0.001773
panda_0755,"[""There is a waffle with the shape of mickey mouse's head."", 'A mickey mouse shaped waffle with strawberries on a plate.', 'A disney blog post with a link to the page.']",169,31,0.382940,22.773495,0.757980,0.065955,22.614821,0.752174,0.067238,22.548437,0.750380,0.068035,22.741597,0.756758,0.066229,22.730280,0.756404,0.066405,22.763658,0.758167,0.065976,22.778060,0.758293,0.065956,-0.158675,-0.005806,0.001283,-0.225058,-0.007600,0.002080,-0.031899,-0.001222,0.000274,-0.043216,-0.001576,0.000450,-0.009837,0.000186,0.000021,0.004564,0.000313,0.000001
panda_0756,"[""A tv news report about common supplements that don't help arthritis."", 'People are walking down a path in a park with trees on both sides of the road.', 'A news clip of a woman walking her dog in a park.']",207,40,8.594017,12.005788,0.513095,0.516828,11.956768,0.510059,0.516442,11.965044,0.511595,0.513639,11.981148,0.512625,0.515980,12.059041,0.517587,0.504823,12.002211,0.516315,0.516004,12.054487,0.517707,0.510515,-0.049020,-0.003036,-0.000386,-0.040744,-0.001501,-0.003189,-0.024640,-0.000471,-0.000848,0.053254,0.004491,-0.012005,-0.003577,0.003220,-0.000824,0.048699,0.004612,-0.006313
panda_0757,"['An insect is crawling on a black cable.', 'A fly is crawling on the wall.', 'A close up of a wooden wall with a shelf on it.']",128,27,2.648669,21.522806,0.629948,0.319982,20.922478,0.634944,0.285532,21.022386,0.637220,0.286892,21.528132,0.630523,0.320811,21.534724,0.630399,0.320919,21.520670,0.630007,0.320330,21.529946,0.630508,0.320732,-0.600328,0.004995,-0.034450,-0.500420,0.007272,-0.033090,0.005326,0.000575,0.000829,0.011918,0.000451,0.000937,-0.002137,0.000059,0.000348,0.007139,0.000560,0.000750
panda_0758,"['A person placing seeds in a plastic container.', 'A person is planting seeds in small plastic cups filled with soil.', 'There are plastic bottles covered in snow.']",166,27,0.105363,15.035490,0.719338,0.274761,16.067719,0.719282,0.269506,15.950832,0.720886,0.270923,14.955222,0.717975,0.276207,14.982601,0.718436,0.273138,15.217026,0.721130,0.271417,15.967361,0.726436,0.267759,1.032230,-0.000056,-0.005255,0.915342,0.001548,-0.003838,-0.080268,-0.001364,0.001445,-0.052889,-0.000903,-0.001624,0.181537,0.001791,-0.003344,0.931871,0.007098,-0.007003
panda_0759,"['A soccer player is trying on new cleats in the locker room.', 'The person is holding a blue and orange soccer shoe with a silicone-type adhesive on the upper and bottom parts, and a fiberglass detail in the lacing area.', 'A soccer player is trying on new cleats in the locker room.']",286,52,1.293799,17.975851,0.764201,0.277158,17.912945,0.760980,0.287665,17.921595,0.761779,0.286069,17.933840,0.761973,0.285627,17.897261,0.761771,0.286871,17.984024,0.762986,0.284435,17.959081,0.764055,0.277323,-0.062906,-0.003221,0.010507,-0.054257,-0.002422,0.008911,-0.042011,-0.002228,0.008469,-0.078590,-0.002430,0.009713,0.008173,-0.001214,0.007277,-0.016770,-0.000146,0.000166
panda_0760,"['A man in a red shirt is standing in a hallway next to a door with a picture on it.', 'Person is cooking a piece of meat on an electric grill.', 'A man is cooking steak on an electric stove.']",193,40,2.989949,31.538720,0.945961,0.024601,31.535642,0.945488,0.025020,31.748197,0.946901,0.023923,31.398796,0.944676,0.025241,31.496658,0.945486,0.024853,31.535778,0.945842,0.024611,31.512872,0.945825,0.024657,-0.003078,-0.000473,0.000419,0.209477,0.000940,-0.000678,-0.139924,-0.001285,0.000640,-0.042063,-0.000474,0.000252,-0.002942,-0.000118,0.000010,-0.025848,-0.000135,0.000056
panda_0761,"['A close up of a chevrolet camaro parked on a driveway.', 'A close up of a piece of paper with a lot of information on it.', 'A close up of the front of a blue car.']",167,36,0.110033,10.231701,0.325728,0.576769,11.095334,0.340600,0.554175,10.371473,0.331822,0.562907,10.389323,0.329563,0.567174,10.399403,0.331784,0.571442,10.342398,0.323020,0.578751,10.319742,0.328176,0.579248,0.863634,0.014871,-0.022593,0.139773,0.006094,-0.013862,0.157623,0.003835,-0.009595,0.167702,0.006055,-0.005327,0.110697,-0.002708,0.001982,0.088041,0.002448,0.002479
panda_0762,"['A person holding a key to a purple sports car.', 'The interior of a sports car parked on the side of the road.', 'A picture of a car engine with the text to enter email a picture of your car mod.']",199,41,1.087211,19.258393,0.773646,0.162279,19.567558,0.791372,0.137294,19.228961,0.775001,0.161032,19.556758,0.783146,0.152349,19.202532,0.775085,0.159006,19.145213,0.770492,0.165167,19.237133,0.772647,0.161921,0.309165,0.017726,-0.024985,-0.029432,0.001355,-0.001246,0.298365,0.009500,-0.009929,-0.055861,0.001439,-0.003273,-0.113180,-0.003154,0.002889,-0.021260,-0.000999,-0.000358
panda_0763,"['The car is parked in a parking lot and the camera is facing the rear of the car.', 'The vehicle has a leather-wrapped steering wheel with controls for the trip computer, uconnect, cruise control, premium 7 inch multiview display, keyless enter and go push button start, audio controls on the right hand side with volume and seek and scan, and an 8.', 'The inside of a car with the door open.']",395,71,0.881797,17.925087,0.532480,0.248780,17.939450,0.532676,0.248378,17.941160,0.532765,0.248760,17.919428,0.532446,0.249504,17.935642,0.532626,0.248740,17.930646,0.532573,0.248484,17.928476,0.532611,0.248135,0.014363,0.000196,-0.000402,0.016073,0.000284,-0.000020,-0.005659,-0.000034,0.000724,0.010555,0.000146,-0.000040,0.005559,0.000093,-0.000296,0.003389,0.000131,-0.000645
panda_0764,"['A blue toyota tacoma truck is parked in a parking lot surrounded by trees.', 'A senior man is driving a car and looking at a piece of paper.', 'A man in a pink shirt leaning on the back of a truck.']",201,41,0.095484,20.114781,0.733751,0.102166,21.869371,0.791827,0.067738,21.387051,0.775934,0.076671,19.705084,0.724554,0.108731,19.830766,0.728830,0.107012,20.132013,0.734092,0.101811,19.967307,0.731004,0.104952,1.754589,0.058076,-0.034427,1.272270,0.042183,-0.025495,-0.409697,-0.009197,0.006565,-0.284015,-0.004921,0.004846,0.017232,0.000340,-0.000354,-0.147475,-0.002747,0.002786
panda_0765,"['A building under a starry sky with a milky way in the background.', 'A photo of a night sky with mountains in the background.', 'A night sky with the words milky way photography tips.']",187,34,0.068865,19.678501,0.771703,0.314314,20.165949,0.811194,0.203677,19.279253,0.788322,0.243103,19.780892,0.764557,0.357975,19.561834,0.760446,0.374244,19.614219,0.765511,0.319731,19.689454,0.763290,0.350085,0.487448,0.039491,-0.110637,-0.399248,0.016619,-0.071211,0.102391,-0.007146,0.043661,-0.116667,-0.011257,0.059930,-0.064282,-0.006192,0.005418,0.010953,-0.008413,0.035771
panda_0766,"['A man is holding a tablet in his hands while standing in front of a blackboard.', 'A man is using a tablet computer to control a robotic arm in a virtual environment.', 'A man is holding a tablet and looking at a computer screen displaying a 3d model of an engine.']",268,51,0.207449,8.107686,0.066089,0.729717,8.282446,0.068573,0.722499,8.225558,0.068451,0.721973,8.156306,0.069665,0.722856,8.097914,0.069624,0.715235,8.120966,0.065332,0.722326,8.162096,0.065928,0.722280,0.174760,0.002483,-0.007218,0.117872,0.002362,-0.007745,0.048620,0.003576,-0.006862,-0.009773,0.003535,-0.014482,0.013279,-0.000757,-0.007391,0.054409,-0.000161,-0.007438
panda_0767,"['A man is sitting near a tent in the forest and eating food from a bag.', 'A man is cooking food on a camp stove by a lake.', 'A brown and white dog is lying on the ground next to a red and white canoe on the shore of a lake.']",228,51,4.653074,19.349133,0.767877,0.177804,19.180772,0.752422,0.184541,19.242623,0.752553,0.185448,19.251986,0.755382,0.182868,19.273739,0.757438,0.182068,19.306224,0.762559,0.180787,19.300317,0.761819,0.180285,-0.168360,-0.015455,0.006737,-0.106509,-0.015324,0.007644,-0.097147,-0.012494,0.005064,-0.075394,-0.010439,0.004264,-0.042908,-0.005318,0.002982,-0.048816,-0.006058,0.002480
panda_0768,"['A black background with the words ""more mushrooms and bugs"".', 'A person holding a bottle of seasoning on a counter.', 'A person is holding a plastic bag of food over a counter in a kitchen.']",194,35,0.277388,31.821224,0.950580,0.007653,31.833533,0.947154,0.007760,31.831945,0.947647,0.007829,31.678070,0.935136,0.008093,31.723295,0.937208,0.007981,31.609764,0.950148,0.007866,31.717987,0.950437,0.007773,0.012309,-0.003425,0.000107,0.010721,-0.002933,0.000176,-0.143155,-0.015444,0.000440,-0.097929,-0.013371,0.000328,-0.211460,-0.000431,0.000213,-0.103238,-0.000143,0.000119
panda_0769,"['A person holding a box with a cookie monster on it.', ""A person holding a piece of paper with a picture of sesame street's elmo on it."", 'A hand is touching a piece of paper with an elmo on it.']",197,40,8.638624,14.158820,0.621728,0.465269,14.128122,0.621296,0.466179,14.110139,0.621022,0.466622,14.144145,0.621409,0.465418,14.170874,0.622212,0.464842,14.161825,0.621771,0.464704,14.161754,0.621872,0.464836,-0.030698,-0.000432,0.000910,-0.048681,-0.000706,0.001353,-0.014675,-0.000319,0.000148,0.012054,0.000484,-0.000427,0.003005,0.000043,-0.000565,0.002934,0.000144,-0.000434
panda_0770,"['A bowl of orange sauce with a spoon in it.', 'A young woman is sitting at a table in a restaurant and eating some food with a fork.', 'It is a bowl of food with a spoonful of gula melaka being added to it.']",209,44,0.810549,19.057290,0.582608,0.122088,19.179704,0.587136,0.116939,19.174732,0.586522,0.117093,19.087322,0.583227,0.121732,19.091822,0.582973,0.121863,19.066609,0.583079,0.121895,19.051599,0.582759,0.122506,0.122414,0.004527,-0.005148,0.117442,0.003914,-0.004995,0.030032,0.000618,-0.000356,0.034532,0.000365,-0.000224,0.009319,0.000470,-0.000193,-0.005691,0.000151,0.000419
panda_0771,"['Two men are working together in a hardware store.', 'Two men are playing table tennis in a hardware store.', 'Four different pictures of a man working on a wooden table.']",173,30,6.625927,17.699388,0.630242,0.245154,17.738086,0.631780,0.243915,17.725167,0.631293,0.243945,17.688811,0.630008,0.245713,17.690052,0.630042,0.245407,17.678643,0.629780,0.246047,17.694827,0.630203,0.245815,0.038698,0.001538,-0.001240,0.025779,0.001051,-0.001210,-0.010577,-0.000234,0.000559,-0.009336,-0.000200,0.000252,-0.020745,-0.000462,0.000893,-0.004561,-0.000039,0.000660
panda_0772,"['A couple of cars driving down a road with a mountain in the background.', 'A small car is driving down a narrow street in an old town, passing by parked cars and buildings.', 'A small car is driving down a narrow road in the countryside, surrounded by trees and bushes.']",273,50,2.638181,21.570055,0.825608,0.168285,21.600237,0.825236,0.166878,21.585364,0.825861,0.165996,21.543726,0.820472,0.167833,21.548244,0.821085,0.168069,21.584055,0.826889,0.166717,21.608574,0.826882,0.167242,0.030182,-0.000372,-0.001407,0.015309,0.000252,-0.002289,-0.026329,-0.005136,-0.000453,-0.021810,-0.004523,-0.000216,0.014000,0.001281,-0.001569,0.038519,0.001274,-0.001044
panda_0773,"['A black wireless charging pad is placed on a wooden table, and the camera pans around it.', 'A close up of a black laptop on a wooden table.', 'A close up of a computer screen with a lot of numbers on it.']",208,42,0.303762,19.938754,0.871239,0.168971,19.935747,0.871282,0.168219,19.942828,0.871884,0.167254,19.925636,0.871304,0.168114,19.885554,0.871109,0.168486,19.925314,0.871382,0.168219,19.835415,0.871060,0.168181,-0.003007,0.000043,-0.000751,0.004074,0.000645,-0.001716,-0.013118,0.000064,-0.000857,-0.053200,-0.000130,-0.000485,-0.013440,0.000143,-0.000752,-0.103339,-0.000180,-0.000789
panda_0774,"['A blue background with the words miniature float challenge from my scrap room.', 'A hand holding a piece of paper with a doll on it.', 'A doll house with a bathtub and a mirror.']",181,34,0.500390,16.675455,0.751304,0.250879,10.958673,0.795844,0.245186,11.042931,0.763257,0.186843,12.905442,0.713705,0.227263,11.101363,0.718562,0.215212,12.939195,0.727803,0.250083,16.114745,0.739925,0.240016,-5.716783,0.044540,-0.005693,-5.632524,0.011953,-0.064036,-3.770013,-0.037599,-0.023615,-5.574092,-0.032742,-0.035666,-3.736260,-0.023501,-0.000795,-0.560710,-0.011378,-0.010862
panda_0775,"['A close up of a stack of books and papers with text.', 'A close up of a machine in a factory.', 'A close up of a machine with a yellow and black stripe on it.']",162,35,3.837126,22.664748,0.824140,0.073244,22.696306,0.824331,0.073063,22.516476,0.821205,0.074285,22.840366,0.825162,0.071626,22.738303,0.823692,0.072696,22.730843,0.825148,0.072617,22.677470,0.823879,0.072858,0.031558,0.000191,-0.000181,-0.148272,-0.002935,0.001042,0.175618,0.001022,-0.001617,0.073554,-0.000448,-0.000548,0.066094,0.001008,-0.000626,0.012721,-0.000261,-0.000386
panda_0776,"['A woman is standing in her living room and talking to the camera.', 'A woman is standing in front of a door and talking to the camera.', 'There is a woman standing in front of a wall with smoke detectors on it, she is holding a white object in her hand.']",257,51,0.609007,28.358823,0.893809,0.033961,28.309029,0.892501,0.035206,28.317481,0.892552,0.035169,27.913491,0.882904,0.066091,28.348580,0.893518,0.034197,28.331292,0.893655,0.034163,28.298066,0.892459,0.036649,-0.049794,-0.001308,0.001245,-0.041342,-0.001257,0.001208,-0.445333,-0.010905,0.032130,-0.010243,-0.000292,0.000237,-0.027531,-0.000154,0.000202,-0.060757,-0.001350,0.002688
panda_0777,"['A baseball player is running on the field during a game and catching the ball.', 'A baseball player is running on the field, and he is wearing a black jersey.', 'A baseball player is holding a glove and standing on the field during a game.']",243,45,0.184824,20.459896,0.695456,0.068332,20.463857,0.696825,0.067436,20.148977,0.694632,0.098251,20.436211,0.695611,0.068629,20.451214,0.695922,0.068193,20.434466,0.694988,0.068535,20.428429,0.694808,0.068468,0.003962,0.001369,-0.000896,-0.310919,-0.000824,0.029919,-0.023685,0.000155,0.000297,-0.008682,0.000466,-0.000139,-0.025430,-0.000468,0.000203,-0.031467,-0.000648,0.000135
panda_0778,"['Two simpsons characters standing next to each other.', 'A cartoon character holding a teddy bear in front of a group of dogs.', 'Two simpsons characters sitting on a bus.']",174,29,0.221885,11.411445,0.749862,0.499437,11.407214,0.758944,0.489016,11.480478,0.760332,0.488911,11.479353,0.752940,0.496828,11.416717,0.749568,0.503436,11.387014,0.748095,0.504619,11.407507,0.750043,0.502431,-0.004231,0.009082,-0.010420,0.069032,0.010470,-0.010526,0.067907,0.003077,-0.002608,0.005271,-0.000294,0.004000,-0.024432,-0.001767,0.005183,-0.003939,0.000180,0.002994
panda_0779,"['A solar system with the sun, jupiter and saturn.', 'A satellite in space with the sun in the background.', 'An image of a satellite in space.']",145,26,0.077712,13.267627,0.507715,0.441579,13.261677,0.505280,0.442169,13.292198,0.504360,0.441562,13.281275,0.504539,0.442274,13.288716,0.504329,0.441684,13.265450,0.508867,0.440866,13.297291,0.505167,0.441339,-0.005950,-0.002435,0.000589,0.024570,-0.003355,-0.000018,0.013647,-0.003176,0.000694,0.021089,-0.003386,0.000104,-0.002177,0.001152,-0.000713,0.029664,-0.002547,-0.000241
panda_0780,"['The tire of a car is on a runway at night, with the sun shining in the background.', 'A close up view of the wheels of an airplane.', 'A man in a helmet is standing next to a car. he is wearing camouflage clothing, and there is a blue sky in the background.']",261,53,31.217085,8.922965,0.291074,0.688629,8.888066,0.286986,0.694023,8.888383,0.287698,0.694299,8.961932,0.290580,0.697249,8.981455,0.295992,0.688069,8.921366,0.289649,0.688589,8.933771,0.291303,0.688030,-0.034899,-0.004088,0.005395,-0.034582,-0.003377,0.005671,0.038967,-0.000494,0.008620,0.058490,0.004917,-0.000559,-0.001599,-0.001426,-0.000040,0.010807,0.000228,-0.000599
panda_0781,"['A pan of cake sitting on a table next to a bowl of whipped cream.', 'A picture of a knife and some flour on a table with the words ""gluten free black forest trifle"".', 'A person holding a can of frosting next to a bowl of frosting.']",235,47,1.252843,18.928835,0.541965,0.205222,19.018291,0.544483,0.202552,19.354606,0.558195,0.192385,18.932278,0.541278,0.205749,18.915139,0.540526,0.205710,18.948279,0.542497,0.204744,18.927136,0.541520,0.205387,0.089456,0.002519,-0.002669,0.425771,0.016230,-0.012837,0.003443,-0.000687,0.000527,-0.013696,-0.001438,0.000488,0.019444,0.000533,-0.000477,-0.001699,-0.000444,0.000165
panda_0782,"['A blue screen with a lot of numbers on it.', 'A red alfa romeo driving down a country road.', 'There are several logos of different companies on a white background.']",168,30,0.961270,12.448301,0.603289,0.565780,12.378807,0.587148,0.585229,12.320566,0.591433,0.580469,12.424251,0.597817,0.576925,12.433469,0.601809,0.572613,12.394721,0.606220,0.571055,12.391326,0.602522,0.565576,-0.069493,-0.016141,0.019449,-0.127734,-0.011856,0.014688,-0.024050,-0.005472,0.011145,-0.014832,-0.001480,0.006832,-0.053579,0.002931,0.005274,-0.056974,-0.000767,-0.000204
panda_0783,"['A cowboy is riding a bull in a rodeo arena.', 'A cowboy is holding the reins of a horse while standing in an arena.', 'A cowboy is holding a rope while standing in front of a blue background.']",195,38,4.260485,16.575622,0.258926,0.673918,16.976528,0.270710,0.668773,16.702301,0.260863,0.674630,16.569466,0.258112,0.681207,16.528066,0.256313,0.673422,16.551784,0.256714,0.670476,16.553786,0.256748,0.668573,0.400906,0.011784,-0.005145,0.126679,0.001937,0.000712,-0.006156,-0.000814,0.007289,-0.047556,-0.002613,-0.000496,-0.023838,-0.002212,-0.003442,-0.021836,-0.002178,-0.005344
panda_0784,"['A man with his hands up in front of a computer screen looks at the camera.', 'A computer screen showing a facebook page.', 'An image of a website with the text.']",164,31,0.781419,17.489082,0.733363,0.308051,17.429943,0.730452,0.311950,17.323271,0.730038,0.316044,17.472398,0.731567,0.311342,17.480508,0.733218,0.309024,17.473503,0.733319,0.308400,17.481653,0.732520,0.311042,-0.059140,-0.002911,0.003899,-0.165812,-0.003325,0.007993,-0.016684,-0.001796,0.003291,-0.008575,-0.000145,0.000974,-0.015580,-0.000044,0.000349,-0.007430,-0.000842,0.002991
panda_0785,"['A computer generated image of a building with a red light on it.', 'A black box on a brick sidewalk next to a street light.', 'An intersection with a street light, traffic signal, and a green sign hanging from a pole.']",221,41,0.575301,10.397011,0.423437,0.635810,10.317535,0.416225,0.648332,10.317062,0.420014,0.646825,10.367447,0.421321,0.636823,10.378355,0.423297,0.635437,10.409457,0.423813,0.636863,10.387746,0.422779,0.636478,-0.079476,-0.007212,0.012522,-0.079949,-0.003423,0.011015,-0.029564,-0.002116,0.001013,-0.018656,-0.000140,-0.000373,0.012445,0.000376,0.001054,-0.009265,-0.000658,0.000669
panda_0786,"['A woman in an apron is cooking food on a stove in a kitchen.', 'A woman in an apron is cooking food in a kitchen.', 'A woman is cooking food on a stove in her kitchen. she is wearing an apron and appears to be preparing a meal for someone.']",243,50,0.057508,14.715126,0.457402,0.560638,14.754121,0.442628,0.569467,14.536225,0.427368,0.604572,14.712201,0.457617,0.561360,14.715990,0.456940,0.561752,14.685970,0.449757,0.565996,14.755644,0.454403,0.559961,0.038995,-0.014774,0.008829,-0.178901,-0.030033,0.043934,-0.002925,0.000216,0.000722,0.000864,-0.000462,0.001114,-0.029156,-0.007644,0.005358,0.040517,-0.002999,-0.000677
panda_0787,"['A close up of a red and black computer.', 'A close up of a red and black computer case.', 'A close up of a computer keyboard on a desk.']",139,29,1.957380,17.554656,0.741764,0.361115,16.772306,0.731564,0.368383,17.425611,0.731463,0.375018,17.515070,0.741136,0.363849,17.415611,0.739527,0.366173,17.508492,0.741192,0.362317,17.488954,0.741232,0.363542,-0.782350,-0.010200,0.007268,-0.129045,-0.010301,0.013903,-0.039587,-0.000628,0.002734,-0.139045,-0.002237,0.005058,-0.046164,-0.000572,0.001202,-0.065702,-0.000532,0.002426
panda_0788,"['A video game screen showing different weapons.', 'The player is playing a first-person shooter game in which they are in a city with buildings and cars, and they are shooting at enemies with a gun.', 'Person is playing a first-person shooter game and shooting at an enemy in a house.']",287,50,1.099132,25.951190,0.632971,0.498376,24.701949,0.616255,0.520247,24.204514,0.610534,0.527683,25.615028,0.626073,0.508510,25.248828,0.621340,0.513119,25.690768,0.629026,0.504871,25.940919,0.629990,0.503117,-1.249241,-0.016716,0.021871,-1.746676,-0.022437,0.029307,-0.336163,-0.006898,0.010135,-0.702363,-0.011631,0.014743,-0.260422,-0.003945,0.006495,-0.010271,-0.002981,0.004741
panda_0789,"['A video game screen showing a man with a headset on.', 'A person is playing a video game on a computer screen.', 'A person is playing a video game on a computer, and there are various objects in the background such as a blue sky, water, and a boat.']",252,49,3.123325,10.564445,0.663341,0.467655,10.668045,0.664307,0.467702,10.583445,0.663571,0.468666,10.576148,0.663237,0.467995,10.561375,0.662773,0.468041,10.556116,0.662878,0.468399,10.556831,0.662902,0.467885,0.103600,0.000967,0.000048,0.019001,0.000230,0.001011,0.011703,-0.000104,0.000341,-0.003070,-0.000568,0.000387,-0.008329,-0.000463,0.000745,-0.007614,-0.000439,0.000231
panda_0790,"['A man is standing in a colorful, fantastical landscape.', 'There is a woman in a black and orange outfit standing in front of a colorful background.', 'A young woman wearing a blue cap is standing in front of a background with a lot of small white dots.']",257,47,0.183787,23.548658,0.842932,0.145466,23.570009,0.842479,0.146312,23.569020,0.842383,0.145847,23.552227,0.842198,0.145736,23.543416,0.842232,0.145637,23.530189,0.842577,0.145492,23.547047,0.843011,0.145655,0.021351,-0.000454,0.000846,0.020361,-0.000549,0.000381,0.003568,-0.000734,0.000270,-0.005242,-0.000700,0.000171,-0.018469,-0.000355,0.000026,-0.001611,0.000078,0.000188
panda_0791,"['A man with long hair and beard is sitting on a sofa and talking to the camera.', 'A man is sitting at a desk with a microphone in front of him. he is wearing a gray t-shirt and headphones.', 'A man is sitting at a desk with a microphone in front of him, and he is raising his arms to the side while talking into the microphone.']",331,67,0.315652,19.960114,0.734096,0.126238,20.332514,0.743014,0.116359,20.352551,0.743288,0.116199,19.035611,0.719944,0.139016,19.033293,0.719659,0.139302,19.037252,0.719670,0.138954,19.972352,0.734141,0.126259,0.372400,0.008918,-0.009878,0.392437,0.009192,-0.010038,-0.924503,-0.014151,0.012778,-0.926821,-0.014436,0.013065,-0.922862,-0.014425,0.012716,0.012238,0.000046,0.000021
panda_0792,"['A tv news broadcast with a pink pig sign.', 'A man working on a train track on a pink carpet.', 'A man working on a disco ball in front of a pink wall.']",155,33,0.182124,12.810436,0.472752,0.610335,12.968508,0.481523,0.599773,12.981194,0.480330,0.601617,12.814455,0.472662,0.610457,12.899236,0.476952,0.606508,12.898343,0.477722,0.604819,12.954190,0.478701,0.604526,0.158072,0.008771,-0.010562,0.170757,0.007578,-0.008718,0.004018,-0.000090,0.000122,0.088799,0.004200,-0.003827,0.087907,0.004970,-0.005515,0.143754,0.005949,-0.005809
panda_0793,"['There are two women smiling and taking a selfie together in a shopping mall.', 'A young man and woman are standing in front of a building at night.', 'There are two women sitting at a table, one of them is smiling and making a gesture with her hand.']",253,48,3.934627,13.105858,0.389974,0.507362,11.554153,0.348021,0.562026,11.226312,0.332672,0.582146,13.134806,0.396390,0.505018,13.194070,0.388932,0.506676,13.149692,0.396256,0.505135,13.119327,0.384367,0.518308,-1.551705,-0.041953,0.054664,-1.879546,-0.057302,0.074784,0.028948,0.006416,-0.002344,0.088212,-0.001042,-0.000685,0.043834,0.006281,-0.002227,0.013469,-0.005607,0.010946
panda_0794,"['A man holding a microphone in front of a can of strong zero.', 'A man and a woman are standing in front of a stage with smoke coming out of it.', 'A person is holding some food in a container in their hand.']",210,43,0.258781,8.014358,0.548149,0.640100,7.549357,0.527723,0.653772,7.655059,0.521266,0.645344,8.497222,0.533141,0.661283,8.059688,0.527121,0.664003,8.358462,0.532772,0.661880,7.916621,0.535562,0.662562,-0.465001,-0.020425,0.013672,-0.359299,-0.026883,0.005244,0.482865,-0.015008,0.021183,0.045331,-0.021027,0.023903,0.344105,-0.015377,0.021780,-0.097736,-0.012586,0.022462
panda_0795,"['There is a man standing in front of a blue background, he is wearing a black shirt and he is smiling.', 'The person is standing in front of a large screen displaying an animated video with colorful graphics and sound effects.', 'A man is playing a game on an arcade machine at night.']",287,53,0.058989,21.912239,0.810593,0.155554,21.474653,0.806801,0.159746,20.930734,0.790154,0.174337,21.479186,0.801238,0.171786,21.635743,0.805684,0.162510,21.332333,0.805330,0.164986,21.441325,0.806840,0.165508,-0.437586,-0.003792,0.004192,-0.981505,-0.020439,0.018783,-0.433053,-0.009355,0.016232,-0.276495,-0.004908,0.006956,-0.579906,-0.005263,0.009432,-0.470913,-0.003753,0.009954
panda_0796,"['The title tricks of the tane how to make a two color twist.', 'A pink polka dot hair bow with instructions.', 'The ribbon retreat logo with the words thank you for watching.']",177,32,0.067858,12.172478,0.497664,0.629279,11.842932,0.493774,0.635497,11.991050,0.492629,0.626110,11.809676,0.474977,0.631851,12.993385,0.479662,0.605322,12.265585,0.497712,0.627396,12.222547,0.489966,0.634222,-0.329545,-0.003889,0.006218,-0.181427,-0.005034,-0.003170,-0.362801,-0.022686,0.002571,0.820907,-0.018001,-0.023957,0.093107,0.000048,-0.001883,0.050070,-0.007697,0.004943
panda_0797,"['There is a table with various items on it, including coffee cups, books, and papers.', 'A pair of sunglasses reflected in a piece of paper.', 'A table with a cutting board showing a model of a river and a map of the area.']",225,43,0.086617,12.463258,0.406618,0.632179,12.110676,0.384434,0.643890,12.192768,0.381448,0.633599,12.471528,0.403377,0.633804,12.379976,0.405802,0.633455,12.436190,0.405894,0.631258,12.480385,0.405343,0.631735,-0.352581,-0.022185,0.011711,-0.270489,-0.025170,0.001420,0.008271,-0.003241,0.001625,-0.083282,-0.000816,0.001276,-0.027068,-0.000724,-0.000921,0.017127,-0.001275,-0.000444
panda_0798,"[""A man is sitting in the driver's seat of a car in a garage."", 'A picture of a car engine with the words thank you all 100,000 of you.', ""The logo for nick's garage on a black background.""]",190,38,1.543472,14.926523,0.356214,0.657676,16.069264,0.403946,0.625589,14.717811,0.344271,0.660514,13.480155,0.323849,0.691241,15.353712,0.370945,0.650642,14.818258,0.356205,0.656436,14.987770,0.359341,0.657497,1.142741,0.047731,-0.032087,-0.208712,-0.011943,0.002837,-1.446368,-0.032365,0.033565,0.427188,0.014731,-0.007035,-0.108265,-0.000010,-0.001240,0.061247,0.003127,-0.000179
panda_0799,"['It is a room with a pool table and other sports memorabilia on the walls.', 'A man sitting in front of a microphone with headphones on.', 'A living room with a pool table and a wall with a picture of james andrews.']",218,42,0.061096,32.655011,0.954984,0.013734,32.745183,0.955943,0.012998,32.730123,0.956069,0.012979,32.633206,0.954709,0.013770,32.656090,0.954788,0.013741,32.677170,0.955259,0.013506,32.660537,0.955116,0.013562,0.090172,0.000959,-0.000736,0.075112,0.001086,-0.000756,-0.021806,-0.000275,0.000036,0.001079,-0.000196,0.000007,0.022159,0.000275,-0.000228,0.005526,0.000132,-0.000172
panda_0800,"['A person is cooking food in a frying pan on a stove.', 'A person is cooking food in a frying pan on a stove.', 'There is a plate of spaghetti with meat sauce on a white plate.']",179,37,0.627666,8.795853,0.550009,0.504322,9.056295,0.553114,0.515046,8.980330,0.552966,0.517689,8.894816,0.550595,0.505623,8.863989,0.549259,0.503977,8.773300,0.550566,0.497988,8.757803,0.552195,0.504706,0.260442,0.003105,0.010723,0.184477,0.002957,0.013366,0.098963,0.000586,0.001300,0.068136,-0.000750,-0.000346,-0.022553,0.000557,-0.006334,-0.038050,0.002186,0.000384
panda_0801,"['A man with a beard makes a gesture with his hands.', 'There is a smartphone on a black background, and the back of the smartphone is visible.', 'A screen shot of a youtube page with a man holding an apple iphone.']",216,41,0.810040,5.082753,0.558311,0.608620,5.100702,0.560229,0.630118,5.086334,0.555657,0.642432,5.081724,0.560451,0.618492,5.178316,0.574075,0.616024,5.093456,0.560991,0.608833,5.094280,0.562689,0.603283,0.017949,0.001919,0.021498,0.003582,-0.002654,0.033812,-0.001029,0.002141,0.009872,0.095563,0.015764,0.007404,0.010703,0.002681,0.000213,0.011527,0.004379,-0.005338
panda_0802,"['Two women on a television set talking to each other.', 'A man standing behind a bar holding a tablet.', 'Two women are talking on a tv show.']",144,27,0.117669,29.499621,0.891955,0.030504,29.454650,0.894782,0.030213,29.504479,0.895238,0.030063,29.268892,0.887896,0.031857,29.318554,0.888585,0.031685,29.414333,0.889899,0.031097,29.476397,0.891084,0.031148,-0.044972,0.002828,-0.000291,0.004857,0.003284,-0.000442,-0.230729,-0.004059,0.001352,-0.181068,-0.003369,0.001180,-0.085288,-0.002056,0.000592,-0.023225,-0.000871,0.000643
panda_0803,"['There are cars driving on a bridge over a river in an autumn park with trees and green grass.', 'A small dog is running through a grassy field in a park.', 'A white dog wearing a pink collar is standing on the ground with its tongue sticking out.']",250,48,0.209104,6.118252,0.466127,0.720355,6.098687,0.473830,0.723594,6.123155,0.476042,0.721563,5.902419,0.467894,0.717113,5.900725,0.465524,0.719729,6.026624,0.471886,0.716227,5.945298,0.468274,0.715666,-0.019564,0.007703,0.003239,0.004903,0.009915,0.001207,-0.215833,0.001767,-0.003243,-0.217527,-0.000603,-0.000626,-0.091628,0.005759,-0.004129,-0.172954,0.002147,-0.004690
panda_0804,"['A collage of fruits and vegetables with the words karen roth nutrition.', 'It is a purple background with the word ""food for thought"" written in white letters.', 'A dark pink background with the words.']",205,34,0.117326,30.265120,0.942545,0.018398,28.433132,0.927501,0.032360,30.055329,0.938955,0.018870,29.315798,0.936864,0.026623,30.323733,0.942566,0.018935,30.278914,0.942723,0.018194,29.856300,0.939898,0.022708,-1.831988,-0.015043,0.013962,-0.209792,-0.003590,0.000472,-0.949322,-0.005681,0.008225,0.058613,0.000022,0.000537,0.013794,0.000179,-0.000204,-0.408820,-0.002647,0.004310
panda_0805,"['A white car is driving down a street in the rain.', 'A car is driving down a road in the woods.', 'A car driving down a road with leaves on the ground.']",155,32,0.690965,17.731239,0.514117,0.146814,17.772455,0.516077,0.146349,17.718364,0.513465,0.147297,17.752919,0.514908,0.146630,17.721454,0.513650,0.147317,17.731122,0.514122,0.146887,17.714272,0.513526,0.147289,0.041216,0.001959,-0.000465,-0.012875,-0.000652,0.000483,0.021680,0.000790,-0.000184,-0.009784,-0.000467,0.000502,-0.000117,0.000005,0.000072,-0.016966,-0.000591,0.000475
panda_0806,"['Two men shoveling gravel in front of a brick building.', 'A man is holding a white object in his hands.', 'Two men are installing a drainage system in a backyard.']",166,30,0.906741,22.576924,0.728166,0.146667,24.118052,0.762157,0.080612,24.177188,0.764671,0.076605,22.536054,0.726519,0.149514,22.539637,0.726566,0.149658,22.557704,0.728495,0.149503,22.617446,0.731066,0.145033,1.541128,0.033991,-0.066056,1.600264,0.036505,-0.070062,-0.040870,-0.001647,0.002847,-0.037287,-0.001599,0.002990,-0.019220,0.000329,0.002835,0.040522,0.002900,-0.001635
panda_0807,"['Two men standing next to each other in a store.', 'A fish tank with different types of corals, lights, and other marine life in it.', 'A budget saltwater tank with the words budget saltwater tank.']",200,35,21.817532,21.732176,0.753750,0.162721,21.752675,0.752768,0.161960,21.771236,0.752776,0.161986,21.723159,0.752109,0.162864,21.719894,0.751765,0.163266,21.740559,0.753557,0.162624,21.742952,0.753350,0.162722,0.020499,-0.000982,-0.000761,0.039060,-0.000974,-0.000735,-0.009017,-0.001641,0.000143,-0.012282,-0.001985,0.000546,0.008383,-0.000193,-0.000097,0.010776,-0.000400,0.000002
panda_0808,"['A man in an orange vest standing next to a tank.', 'There is a tank parked in front of a building with trees in the background.', 'A man is standing next to a large tank in a parking lot.']",191,39,9.145074,11.671850,0.413915,0.612698,11.706263,0.414005,0.612320,11.705867,0.414104,0.612235,11.663409,0.414415,0.612777,11.673501,0.414292,0.612557,11.666404,0.413994,0.612762,11.666763,0.414040,0.612624,0.034412,0.000091,-0.000378,0.034016,0.000189,-0.000463,-0.008441,0.000501,0.000078,0.001650,0.000378,-0.000141,-0.005447,0.000079,0.000064,-0.005087,0.000125,-0.000074
panda_0809,"['A man is cooking or preparing food in a kitchen.', 'A person mixing food in a bowl with an electric mixer.', 'A person is mixing something in a bowl.']",153,29,0.543554,16.171157,0.725053,0.326389,16.142628,0.724087,0.326209,16.183923,0.724685,0.326616,16.170033,0.724806,0.326439,16.181536,0.725040,0.326432,16.175757,0.724908,0.326263,16.170515,0.724861,0.326219,-0.028529,-0.000966,-0.000180,0.012767,-0.000368,0.000227,-0.001123,-0.000246,0.000049,0.010380,-0.000013,0.000043,0.004601,-0.000145,-0.000126,-0.000642,-0.000192,-0.000170
panda_0810,"['An aerial view of a large number of airplanes in a field.', 'A picture of a plane flying in the sky with the words money efficiency.', 'A cargo plane is being loaded onto a conveyor belt at an airport.']",205,39,0.762082,15.253095,0.748114,0.505286,14.436377,0.683178,0.679068,14.611972,0.724730,0.627525,15.395104,0.745071,0.502233,15.308757,0.728198,0.510611,15.634456,0.738939,0.508161,15.315409,0.750075,0.488995,-0.816718,-0.064936,0.173782,-0.641123,-0.023385,0.122240,0.142009,-0.003043,-0.003052,0.055662,-0.019916,0.005326,0.381361,-0.009176,0.002875,0.062314,0.001961,-0.016291
panda_0811,"['A man and a woman sitting in a chair talking.', 'The man is wearing a black jacket and talking to the camera.', 'A group of x-men actors are sitting on a chair.']",164,32,4.516077,24.477047,0.826241,0.112422,24.522435,0.821295,0.114358,24.404771,0.819414,0.128739,22.848613,0.798817,0.176212,23.150147,0.804531,0.168618,24.649133,0.829116,0.111039,24.422610,0.826102,0.117071,0.045388,-0.004946,0.001936,-0.072276,-0.006827,0.016317,-1.628434,-0.027425,0.063790,-1.326899,-0.021711,0.056195,0.172087,0.002874,-0.001383,-0.054437,-0.000140,0.004649
panda_0812,"['A man with a beard holding up a bunch of money.', 'A city with lots of cars on a bridge over a river.', 'A man is standing by his car, holding a laptop and a bag.']",166,36,0.637503,22.137746,0.687389,0.061302,22.429026,0.695243,0.059822,22.347899,0.693107,0.060211,22.187798,0.688521,0.061193,22.203254,0.689238,0.061015,22.108210,0.686732,0.061382,22.151352,0.688072,0.061176,0.291280,0.007854,-0.001480,0.210153,0.005718,-0.001091,0.050052,0.001132,-0.000109,0.065508,0.001849,-0.000287,-0.029536,-0.000657,0.000079,0.013606,0.000683,-0.000126
panda_0813,"['A person spooning food into two bowls on a table.', 'A person is cooking food in a large pot on a stove with a wooden spoon.', 'A person is cooking noodles and peas in a pot on the stove.']",191,39,0.102762,23.963087,0.870993,0.072215,24.633246,0.877169,0.064475,24.279420,0.873793,0.068618,23.969286,0.871047,0.072091,23.985978,0.871064,0.072036,23.999580,0.871310,0.071803,23.963718,0.871202,0.072121,0.670159,0.006176,-0.007740,0.316332,0.002800,-0.003597,0.006199,0.000054,-0.000124,0.022891,0.000071,-0.000179,0.036493,0.000317,-0.000412,0.000630,0.000208,-0.000094
panda_0814,"['A video game screen showing a brick wall and a window.', 'The player is playing a video game, possibly a first-person shooter, in a room with a red background.', 'The player is playing a video game and progressing through the levels.']",237,41,0.436261,5.585974,0.348162,0.738150,5.531008,0.348965,0.745145,5.783928,0.352062,0.738430,5.604172,0.350272,0.734813,5.455261,0.349925,0.750267,5.684194,0.344637,0.745305,5.493506,0.347517,0.744234,-0.054965,0.000804,0.006995,0.197955,0.003900,0.000280,0.018199,0.002110,-0.003337,-0.130712,0.001763,0.012118,0.098221,-0.003525,0.007155,-0.092468,-0.000645,0.006084
panda_0815,"['A view of the acropolis from the top of a hill.', 'A building made out of magazines on a table.', 'A view of the acropolis in athens, greece.']",145,28,1.894094,7.487118,0.344552,0.800772,7.505681,0.344536,0.800241,7.545238,0.344738,0.800270,7.498346,0.344623,0.800615,7.490728,0.344598,0.800540,7.490380,0.344579,0.800809,7.492767,0.344629,0.800943,0.018563,-0.000017,-0.000531,0.058120,0.000186,-0.000502,0.011228,0.000071,-0.000158,0.003610,0.000045,-0.000232,0.003262,0.000026,0.000036,0.005650,0.000076,0.000171
panda_0816,"[""A man with sunglasses is sitting in the driver's seat of a car."", ""A man is sitting in the driver's seat of a car, wearing sunglasses and a blue shirt."", 'A white car is driving down a winding road in the countryside.']",221,42,1.105295,16.232038,0.544522,0.516381,16.063188,0.534019,0.523538,15.892623,0.528274,0.537436,16.227690,0.541363,0.517123,15.921958,0.531410,0.529350,16.406675,0.546892,0.513287,17.067849,0.559159,0.499517,-0.168850,-0.010504,0.007156,-0.339415,-0.016248,0.021055,-0.004348,-0.003159,0.000741,-0.310080,-0.013112,0.012969,0.174637,0.002370,-0.003095,0.835811,0.014637,-0.016864
panda_0817,"['There is a man wearing a blue and black soccer jersey standing in front of a shelf with soccer jerseys hanging on it.', 'The background is black and white with text.', 'A football player is sitting in the changing room and talking to the camera.']",249,45,1.118035,6.988592,0.331338,0.750896,7.108181,0.291055,0.770698,7.096195,0.324249,0.765155,6.900618,0.335681,0.775344,6.980772,0.334682,0.759807,7.034209,0.330177,0.736902,7.054225,0.335668,0.755637,0.119589,-0.040283,0.019801,0.107602,-0.007089,0.014259,-0.087975,0.004343,0.024448,-0.007820,0.003344,0.008910,0.045616,-0.001161,-0.013994,0.065633,0.004330,0.004740
panda_0818,"['A news reporter is standing in front of an air force base and discussing recent events.', ""A man is reporting on a missing person's case in the forest."", 'A man in an air force uniform talking to a reporter.']",211,39,0.431257,14.744086,0.595543,0.243901,14.943351,0.595598,0.224262,15.012338,0.598983,0.223171,14.727224,0.593824,0.236865,14.709393,0.595705,0.234928,15.003732,0.603352,0.209981,14.728067,0.592093,0.241137,0.199265,0.000056,-0.019639,0.268253,0.003441,-0.020730,-0.016862,-0.001718,-0.007036,-0.034693,0.000163,-0.008974,0.259646,0.007810,-0.033920,-0.016019,-0.003450,-0.002764
panda_0819,"['A person is mixing ingredients in a glass bowl with their hands.', 'A person is preparing meatballs in a slow cooker with sauce being poured over the ingredients.', 'A man standing in front of a crock pot in a kitchen.']",222,40,0.152087,27.054225,0.927878,0.041731,27.491444,0.932241,0.039319,27.507409,0.932388,0.039418,27.059269,0.927600,0.041821,27.069124,0.927721,0.041875,27.041976,0.927702,0.041849,27.035474,0.927557,0.042004,0.437219,0.004363,-0.002411,0.453183,0.004510,-0.002312,0.005044,-0.000278,0.000091,0.014899,-0.000157,0.000144,-0.012250,-0.000176,0.000118,-0.018751,-0.000321,0.000273
panda_0820,"['A young man is juggling three balls on a blue background.', 'A web page with instructions on how to make a video.', 'A web page showing a green spinning wheel.']",163,30,0.731427,21.982564,0.835754,0.256656,22.201071,0.855279,0.159306,22.202745,0.852268,0.179133,22.016977,0.834833,0.256972,21.987420,0.836065,0.252913,21.927169,0.833540,0.262181,21.891251,0.832480,0.267598,0.218507,0.019525,-0.097350,0.220181,0.016514,-0.077523,0.034413,-0.000921,0.000315,0.004856,0.000311,-0.003743,-0.055395,-0.002214,0.005524,-0.091313,-0.003274,0.010941
panda_0821,"['A girl is having her hair combed by another girl in the bathroom.', 'A girl getting her hair done by another girl.', 'A girl is getting her hair done by another girl.']",170,32,0.918136,17.389561,0.551799,0.194556,17.391226,0.551404,0.194625,17.385449,0.551232,0.194557,17.398754,0.552130,0.194658,17.410934,0.552487,0.195049,17.395994,0.551888,0.194442,17.399112,0.552039,0.194600,0.001665,-0.000395,0.000069,-0.004112,-0.000567,0.000000,0.009193,0.000331,0.000102,0.021374,0.000688,0.000493,0.006434,0.000089,-0.000114,0.009551,0.000240,0.000044
panda_0822,"['A picture of a box of posca markers on a piece of paper.', 'A person is writing on a whiteboard with a green marker.', 'A woman is holding a blue marker in her hand.']",169,34,4.486303,14.753647,0.625101,0.283513,14.740398,0.624467,0.284433,14.769279,0.624209,0.283084,14.775422,0.625215,0.282963,14.731688,0.624818,0.284789,14.731381,0.624291,0.284510,14.756027,0.624849,0.283456,-0.013248,-0.000634,0.000920,0.015633,-0.000892,-0.000428,0.021775,0.000114,-0.000549,-0.021959,-0.000283,0.001277,-0.022266,-0.000810,0.000998,0.002380,-0.000252,-0.000056
panda_0823,"['The player is in a futuristic sci-fi video game environment with neon lighting and metal structures.', 'The user is playing a video game on their computer.', 'The player is playing a first-person shooter game in a futuristic setting with neon lighting.']",256,41,2.398844,19.492671,0.717707,0.325753,19.623407,0.714856,0.327998,19.642186,0.717068,0.324862,19.410739,0.716201,0.330507,19.593848,0.717384,0.328238,19.521811,0.716827,0.326476,19.526505,0.717818,0.325681,0.130736,-0.002851,0.002245,0.149515,-0.000639,-0.000891,-0.081932,-0.001505,0.004753,0.101177,-0.000322,0.002485,0.029140,-0.000880,0.000723,0.033833,0.000111,-0.000073
panda_0824,"['A man in a cowboy hat and apron is standing in front of a table with a pot on it, and he is giving a cooking demonstration.', 'A man wearing a cowboy hat is preparing food on a table in the outdoors.', 'A man is cooking food over an open fire in a pot on the ground.']",270,57,0.326865,19.760858,0.609850,0.090488,18.941051,0.528607,0.097777,18.885950,0.532739,0.098132,19.427979,0.578061,0.092899,19.542350,0.589323,0.091516,19.472970,0.583189,0.092272,19.276212,0.559080,0.094369,-0.819808,-0.081243,0.007289,-0.874908,-0.077111,0.007644,-0.332879,-0.031789,0.002411,-0.218509,-0.020527,0.001028,-0.287888,-0.026661,0.001784,-0.484647,-0.050770,0.003881
panda_0825,"['There is a fire in a house surrounded by a fence.', 'A house on fire in a city with smoke coming from the building.', 'There is an aerial view of a city on fire, with smoke rising from the buildings and cars on the road.']",224,45,4.670214,15.160654,0.421893,0.297479,15.262147,0.423881,0.293956,15.249768,0.426075,0.292102,15.203563,0.422370,0.293039,15.123973,0.420843,0.289800,15.166741,0.421878,0.296121,15.120159,0.419175,0.294605,0.101493,0.001988,-0.003523,0.089114,0.004182,-0.005378,0.042909,0.000477,-0.004440,-0.036681,-0.001050,-0.007679,0.006087,-0.000015,-0.001358,-0.040495,-0.002718,-0.002874
panda_0826,"['A close up of a blue bag sitting on the floor.', 'There is a blue bag with a logo on it, and someone is opening the bag.', 'A blue bag of luggage is on a carpet with a tag on it.']",182,41,0.380044,29.386571,0.876018,0.041210,29.398221,0.874749,0.041842,29.163538,0.872334,0.042745,29.349724,0.874942,0.041712,29.314861,0.874464,0.041716,29.384668,0.875914,0.041358,29.304663,0.875015,0.041486,0.011650,-0.001269,0.000632,-0.223033,-0.003684,0.001535,-0.036846,-0.001076,0.000502,-0.071710,-0.001554,0.000507,-0.001903,-0.000104,0.000148,-0.081908,-0.001003,0.000276
panda_0827,"['A black background with the text.', 'It is a black background with text on it.', 'The crazy uncle burton project logo on a black background.']",144,25,0.203877,39.790658,0.958509,0.001291,39.871992,0.950266,0.001226,39.933904,0.950731,0.001214,39.753545,0.943784,0.001215,39.764158,0.945086,0.001227,39.791751,0.958374,0.001290,39.787255,0.958465,0.001288,0.081334,-0.008242,-0.000065,0.143247,-0.007778,-0.000077,-0.037113,-0.014725,-0.000076,-0.026500,-0.013423,-0.000064,0.001093,-0.000134,-0.000001,-0.003403,-0.000044,-0.000003
panda_0828,"['A baseball player walks off the field after a game in front of a crowd of fans.', 'A video game character wearing a baseball cap.', 'A video game of a baseball field.']",170,32,0.115432,18.153362,0.522737,0.410287,16.603094,0.446770,0.510631,18.605825,0.521563,0.410459,16.851601,0.454430,0.499723,18.433554,0.527737,0.399176,17.304912,0.483063,0.465995,18.599665,0.538953,0.393639,-1.550268,-0.075967,0.100343,0.452463,-0.001174,0.000172,-1.301760,-0.068307,0.089436,0.280192,0.005000,-0.011111,-0.848450,-0.039675,0.055708,0.446303,0.016216,-0.016649
panda_0829,"['A person is cooking rice and beef in a pan with a wooden spoon.', 'A pot of rice is being stirred with a fork.', 'A woman eating a bowl of food in a kitchen.']",161,34,0.055766,25.543048,0.890190,0.052320,25.415678,0.882117,0.056908,24.835005,0.876213,0.062473,25.151348,0.887306,0.055029,25.283256,0.888124,0.053904,25.665963,0.891066,0.051483,25.113560,0.887218,0.054979,-0.127371,-0.008072,0.004588,-0.708043,-0.013977,0.010153,-0.391700,-0.002884,0.002708,-0.259792,-0.002066,0.001583,0.122914,0.000876,-0.000838,-0.429488,-0.002972,0.002658
panda_0830,"['A picture of a plane flying over water with the caption ""evolution of the hawker beechcraft jet"".', 'The interior of an airplane is made up of white leather seats and a control panel with buttons.', 'The cockpit of an aircraft is equipped with various instruments and screens displaying flight information.']",310,50,1.823979,15.962720,0.717589,0.218461,15.976699,0.723413,0.216433,15.999003,0.723779,0.216295,15.844752,0.715010,0.224830,15.926285,0.715342,0.222818,15.914336,0.715664,0.220901,15.857161,0.715667,0.221282,0.013979,0.005824,-0.002028,0.036283,0.006191,-0.002166,-0.117968,-0.002579,0.006369,-0.036435,-0.002247,0.004357,-0.048384,-0.001925,0.002440,-0.105559,-0.001922,0.002821
panda_0831,"['A group of men are standing on a soccer field and talking to each other.', 'Two soccer teams are arguing with the referee during a game.', 'A young man is standing in front of a christmas tree, wearing a black shirt. he looks at the camera with a serious expression on his face.']",282,53,0.420329,12.694451,0.351699,0.869448,11.272294,0.312848,0.918018,11.581410,0.322921,0.916297,12.229195,0.333446,0.887237,12.103502,0.336610,0.883182,12.483290,0.347821,0.873252,12.548844,0.341780,0.879669,-1.422157,-0.038851,0.048570,-1.113041,-0.028778,0.046849,-0.465256,-0.018253,0.017789,-0.590949,-0.015089,0.013733,-0.211161,-0.003878,0.003804,-0.145607,-0.009919,0.010221
panda_0832,"['A busy city street with cars, people, and tall buildings.', 'A man is wearing headphones and glasses in front of a television screen.', 'There are three men sitting in black leather chairs in a room, one of them is pointing at the other two.']",245,44,1.556885,16.068590,0.393291,0.266446,16.320076,0.403741,0.261333,16.312697,0.403649,0.261472,16.051726,0.392764,0.267433,16.058772,0.392778,0.266941,16.101456,0.394502,0.265287,16.061330,0.393100,0.266722,0.251486,0.010450,-0.005114,0.244107,0.010359,-0.004974,-0.016863,-0.000527,0.000986,-0.009818,-0.000513,0.000495,0.032866,0.001212,-0.001160,-0.007260,-0.000191,0.000276
panda_0833,"['A hand is pointing at a red container.', 'A close up of a piece of metal with wires attached to it.', 'A close up of a hand holding a piece of plastic.']",155,32,11.825801,11.543666,0.530197,0.418085,11.502805,0.528387,0.422831,11.479437,0.527847,0.423964,11.513489,0.529240,0.418245,11.559858,0.529965,0.417963,11.577628,0.530743,0.416868,11.533851,0.530022,0.418409,-0.040860,-0.001810,0.004746,-0.064229,-0.002350,0.005878,-0.030177,-0.000957,0.000159,0.016193,-0.000232,-0.000123,0.033962,0.000546,-0.001217,-0.009815,-0.000175,0.000324
panda_0834,"['A person is shopping for car audio equipment at an electronics store.', 'A wall with a bunch of electronic devices on it.', 'A close up of a person holding a device.']",169,31,0.140414,15.567363,0.467398,0.645227,15.474302,0.459280,0.663744,15.525289,0.462249,0.651827,15.574540,0.465590,0.648998,15.460582,0.463676,0.645625,15.605084,0.472060,0.644158,15.595493,0.468984,0.648895,-0.093061,-0.008118,0.018517,-0.042075,-0.005149,0.006601,0.007177,-0.001808,0.003771,-0.106781,-0.003722,0.000398,0.037720,0.004662,-0.001069,0.028130,0.001586,0.003668
panda_0835,"['A bear is standing on a red background with the words ""very bear gaming"" written above it.', 'A screen shot of the nhl ultimate team menu.', 'A video game screen showing the different jerseys.']",196,34,5.100968,21.777042,0.880905,0.238588,21.767233,0.878523,0.242394,21.662886,0.878040,0.240395,21.831338,0.882422,0.236003,21.829727,0.881642,0.237152,21.844113,0.882196,0.236952,21.823275,0.882069,0.237356,-0.009809,-0.002382,0.003805,-0.114156,-0.002865,0.001807,0.054296,0.001517,-0.002585,0.052685,0.000737,-0.001436,0.067071,0.001291,-0.001636,0.046233,0.001164,-0.001232
panda_0836,"['A picture of a roof with a caption that says ""what are these black streaks on my roof?"".', 'The roof of a house is made of shingles, and there is a lake in the background.', 'An aerial view of a roof with a lake in the background.']",234,47,0.721155,14.247041,0.392561,0.318978,14.209646,0.392871,0.308318,14.175718,0.399646,0.287903,14.221818,0.389390,0.322191,14.237006,0.392283,0.318398,14.191141,0.386833,0.325027,14.212558,0.390260,0.318088,-0.037395,0.000310,-0.010660,-0.071323,0.007085,-0.031075,-0.025223,-0.003171,0.003213,-0.010035,-0.000278,-0.000581,-0.055900,-0.005728,0.006048,-0.034483,-0.002302,-0.000890
panda_0837,"['An aerial view of a wrecked car on the side of the road.', 'A car accident has occurred on the side of the road and emergency personnel are at the scene.', 'Two women in safety vests standing next to each other.']",215,41,0.062039,15.790008,0.538574,0.417486,16.063778,0.541997,0.412243,15.986668,0.539681,0.414348,15.478577,0.519158,0.439053,15.873299,0.538656,0.415878,15.779894,0.539238,0.417624,15.822273,0.539737,0.417176,0.273770,0.003424,-0.005243,0.196660,0.001108,-0.003138,-0.311431,-0.019416,0.021567,0.083291,0.000082,-0.001608,-0.010114,0.000664,0.000139,0.032265,0.001163,-0.000309
panda_0838,"['A person holding a metal object in their hand.', 'A person is holding two ball bearings in their hands.', 'A close up of a tool being used on a piece of metal.']",163,32,0.223871,23.142903,0.854514,0.122122,23.356038,0.849563,0.118888,23.354974,0.849450,0.118893,23.324795,0.844015,0.118870,23.147109,0.844546,0.122351,23.181877,0.854633,0.122084,23.144809,0.854562,0.122214,0.213135,-0.004951,-0.003234,0.212070,-0.005064,-0.003229,0.181892,-0.010499,-0.003251,0.004206,-0.009967,0.000229,0.038974,0.000120,-0.000038,0.001906,0.000048,0.000092
panda_0839,"['A close up of a steering wheel in a car.', ""A close up of a person's reflection on the side of a car."", 'A close up of the side of a car.']",141,32,2.557486,11.892717,0.478291,0.463275,11.867275,0.478110,0.465306,11.853823,0.477091,0.465186,11.906805,0.477856,0.462315,11.888254,0.477255,0.463288,11.888348,0.478158,0.463191,11.891683,0.478370,0.463366,-0.025442,-0.000181,0.002031,-0.038893,-0.001201,0.001911,0.014088,-0.000436,-0.000959,-0.004462,-0.001036,0.000013,-0.004369,-0.000133,-0.000084,-0.001034,0.000079,0.000091
panda_0840,"['There is a purple and pink box of crayons on a colorful carpet.', 'A bunch of different colored soaps sitting in a box.', 'A close up of a yellow piece of paper.']",165,32,3.220972,15.492794,0.686518,0.421089,14.971781,0.672299,0.458847,15.118989,0.677952,0.454660,15.560031,0.687448,0.426068,15.264694,0.678391,0.435397,15.604298,0.688649,0.413045,15.450690,0.686176,0.420451,-0.521013,-0.014218,0.037757,-0.373804,-0.008566,0.033571,0.067237,0.000931,0.004979,-0.228100,-0.008127,0.014307,0.111504,0.002131,-0.008044,-0.042104,-0.000341,-0.000639
panda_0841,"['There are several eggs in a glass bowl on a kitchen counter.', 'A hand pointing to three metal pans on a counter.', 'Person is pouring a liquid into two bowls in a bamboo steamer.']",183,34,0.424727,19.586586,0.676465,0.325765,20.222051,0.676846,0.321640,19.771848,0.675942,0.322224,19.420771,0.675889,0.327830,19.393319,0.674766,0.328347,19.415843,0.675133,0.326193,19.679853,0.673405,0.326054,0.635466,0.000381,-0.004125,0.185263,-0.000523,-0.003541,-0.165815,-0.000576,0.002065,-0.193267,-0.001699,0.002582,-0.170742,-0.001332,0.000428,0.093267,-0.003060,0.000289
panda_0842,"['A plate of sliced turkey on a table next to a tomato.', 'A person washing bananas in a kitchen sink.', 'A person stirring food in a pan with a spatula.']",155,30,2.286811,8.335486,0.405048,0.751157,8.446851,0.407947,0.745264,8.320039,0.406663,0.745628,8.318643,0.408478,0.745251,8.440389,0.405668,0.744045,8.248402,0.406475,0.741198,8.182295,0.407685,0.746779,0.111365,0.002899,-0.005893,-0.015447,0.001616,-0.005529,-0.016843,0.003430,-0.005906,0.104903,0.000620,-0.007111,-0.087084,0.001427,-0.009958,-0.153191,0.002637,-0.004377
panda_0843,"['A white van with its doors open in a parking lot.', 'A close up of a logo on the side of a vehicle.', 'A white caravan is parked in a parking lot surrounded by other vehicles.']",179,36,1.619412,7.266601,0.609335,0.543083,7.444434,0.618265,0.545662,7.635695,0.617228,0.542975,7.544023,0.615546,0.537185,7.314022,0.612103,0.537702,7.362464,0.609535,0.543322,7.401148,0.611671,0.544278,0.177833,0.008930,0.002580,0.369094,0.007893,-0.000108,0.277422,0.006212,-0.005898,0.047422,0.002768,-0.005381,0.095863,0.000200,0.000239,0.134548,0.002336,0.001196
panda_0844,"['A car driving down a street with cones in the road.', ""A young man is sitting in the driver's seat of a car while wearing sunglasses and a black shirt."", 'A man is working on the engine of a car in a garage.']",211,43,4.338872,12.829430,0.585416,0.626460,12.748911,0.593849,0.621755,12.783717,0.581376,0.635906,12.761939,0.588387,0.629762,12.727217,0.590371,0.624408,12.715954,0.592266,0.621274,12.792266,0.590151,0.630115,-0.080519,0.008433,-0.004705,-0.045712,-0.004040,0.009447,-0.067490,0.002971,0.003302,-0.102212,0.004955,-0.002051,-0.113476,0.006850,-0.005186,-0.037164,0.004735,0.003655
panda_0845,"['A car is driving along a dirt road in a canyon with red rock formations on either side.', 'A person is walking through a narrow canyon with tall red rock walls on either side.', 'A car is driving down a road in the desert with red mountains in the background.']",263,50,2.182879,5.839610,0.171154,0.810648,6.086871,0.169874,0.800678,5.828003,0.172236,0.808519,5.714621,0.173209,0.801281,5.919038,0.179873,0.796123,5.900510,0.176142,0.804688,5.666982,0.180436,0.806390,0.247261,-0.001280,-0.009970,-0.011607,0.001081,-0.002129,-0.124989,0.002055,-0.009367,0.079428,0.008719,-0.014525,0.060900,0.004988,-0.005960,-0.172628,0.009282,-0.004257
panda_0846,"['People are riding snowmobiles in the snowy forest with trees covered in snow.', 'There is a young man in a living room wearing a red shirt and pants. he is dancing and jumping around in the room. there is a television in the room and a red chair in the corner.', 'There is a wind turbine in the middle of a field with a blue sky and clouds.']",344,68,0.451184,17.723621,0.580768,0.161583,17.698739,0.579923,0.162280,17.692554,0.579344,0.161915,17.714472,0.580119,0.164362,17.739438,0.581318,0.161560,17.722076,0.580726,0.164752,17.724724,0.580918,0.161664,-0.024882,-0.000845,0.000697,-0.031067,-0.001424,0.000332,-0.009149,-0.000650,0.002779,0.015817,0.000550,-0.000023,-0.001545,-0.000042,0.003168,0.001103,0.000150,0.000081
panda_0847,"['A middle-aged man in glasses and a sweater is talking to the camera while gesturing with his hands.', 'A young asian woman is smiling and talking to the camera on a white background.', 'A man is giving a speech on youtube.']",226,41,1.818794,18.655370,0.847748,0.143215,18.415698,0.843945,0.146674,18.430831,0.844134,0.146565,18.590232,0.845877,0.144916,18.611214,0.846680,0.144248,18.580487,0.845887,0.144967,18.669415,0.847390,0.143395,-0.239672,-0.003803,0.003459,-0.224539,-0.003615,0.003350,-0.065138,-0.001871,0.001701,-0.044156,-0.001068,0.001033,-0.074883,-0.001861,0.001752,0.014044,-0.000358,0.000180
panda_0848,"['A group of people standing next to each other on a soccer field.', 'A soccer game is being played in a stadium, with the ball being passed back and forth between players on both teams.', 'A soccer game is being played on a stadium and the players are celebrating after scoring a goal.']",288,53,0.179727,18.798901,0.555342,0.116632,18.826119,0.557635,0.115383,18.799964,0.556386,0.115803,18.792933,0.555485,0.116544,18.811444,0.556848,0.115815,18.775977,0.553541,0.116555,18.815169,0.556272,0.116351,0.027218,0.002293,-0.001249,0.001063,0.001044,-0.000829,-0.005968,0.000142,-0.000088,0.012543,0.001505,-0.000817,-0.022924,-0.001801,-0.000077,0.016268,0.000930,-0.000281
panda_0849,"['A man with glasses is holding his head up in front of a blue screen.', 'A computer monitor with the words information technology on it.', 'A man speaking at a podium in front of a digital india sign.']",203,38,1.159433,12.421287,0.680728,0.577384,10.794764,0.562187,0.699695,11.379645,0.587696,0.680550,11.363362,0.594475,0.634930,11.604858,0.617240,0.630672,12.044768,0.667283,0.584840,12.604829,0.678183,0.571723,-1.626522,-0.118541,0.122311,-1.041642,-0.093032,0.103166,-1.057924,-0.086253,0.057546,-0.816429,-0.063488,0.053288,-0.376519,-0.013445,0.007456,0.183543,-0.002546,-0.005661
panda_0850,"['A man is cooking a turkey on a wooden cutting board.', 'A man is cutting meat on a wooden cutting board with a knife.', 'A man is cutting a turkey on a wooden cutting board.']",177,35,0.598936,16.336671,0.480195,0.225488,16.733355,0.492206,0.215056,16.231456,0.475418,0.231320,16.301220,0.478292,0.227492,16.366246,0.480694,0.232717,16.431536,0.483722,0.227454,16.452453,0.484473,0.226643,0.396684,0.012012,-0.010432,-0.105215,-0.004777,0.005832,-0.035451,-0.001902,0.002004,0.029575,0.000499,0.007229,0.094864,0.003527,0.001966,0.115782,0.004279,0.001155
panda_0851,"['A video game with two characters fighting each other.', 'A video game with two characters fighting each other.', 'The character is attacking another character with a sword.']",176,27,5.772505,13.146343,0.538372,0.575482,12.436086,0.528235,0.579697,13.340180,0.502224,0.579182,13.192194,0.532076,0.572268,13.046867,0.534191,0.578584,13.993978,0.521191,0.570381,14.130856,0.521641,0.570520,-0.710257,-0.010136,0.004216,0.193837,-0.036148,0.003700,0.045851,-0.006296,-0.003214,-0.099477,-0.004181,0.003103,0.847635,-0.017181,-0.005101,0.984513,-0.016731,-0.004961
panda_0852,"['A close up of a bearing ring on a metal surface.', 'A black rubber spatula laying on a metal surface.', 'A pair of black gloves sitting next to a metal disc.']",161,31,0.372842,19.330865,0.892393,0.163536,18.038126,0.881801,0.182478,17.830044,0.884765,0.184057,18.874062,0.893415,0.168141,18.833054,0.894025,0.164125,19.918562,0.894709,0.159069,19.917237,0.896607,0.154559,-1.292739,-0.010592,0.018942,-1.500821,-0.007629,0.020521,-0.456803,0.001022,0.004605,-0.497811,0.001631,0.000589,0.587696,0.002316,-0.004467,0.586372,0.004214,-0.008977
panda_0853,"['A newscast with a picture of a tall building with the words ""delhi possession of hill court order"" on it.', 'A newscast with the headline national herald case hearing adjourned to 2nd november.', ""A news broadcast with the headline, 'delhi hcco possession of farid house till court order'.""]",293,48,10.031100,8.505747,0.365616,0.700956,8.561420,0.364312,0.706825,8.574938,0.364173,0.702540,8.524802,0.361572,0.708759,8.513810,0.365808,0.701236,8.526779,0.361509,0.709052,8.566263,0.362270,0.701022,0.055673,-0.001304,0.005869,0.069191,-0.001443,0.001584,0.019055,-0.004044,0.007803,0.008064,0.000193,0.000280,0.021033,-0.004107,0.008096,0.060516,-0.003346,0.000066
panda_0854,"['The engine of a motorcycle is shown from under the hood.', 'A close up of a pedometer with a red light on it.', 'A close up of a motorcycle in a garage.']",156,32,0.597799,11.503433,0.262872,0.362621,14.130389,0.395119,0.260549,14.093681,0.391948,0.265238,11.515422,0.263766,0.362661,11.509235,0.262551,0.362569,11.517899,0.263919,0.362477,11.511791,0.264675,0.361605,2.626956,0.132246,-0.102072,2.590247,0.129075,-0.097383,0.011989,0.000893,0.000040,0.005802,-0.000321,-0.000052,0.014466,0.001047,-0.000144,0.008358,0.001803,-0.001017
panda_0855,"['The person is opening a booster pack of a trading card game called yugioh.', 'The person is holding a magic the gathering card and examining it closely.', 'A person holding two cards in their hands.']",202,35,2.284857,18.687838,0.711095,0.184506,18.601468,0.689968,0.211873,18.667178,0.699017,0.206725,18.758383,0.714516,0.184476,18.711084,0.713210,0.184000,18.694128,0.711798,0.184920,18.683987,0.710526,0.184831,-0.086370,-0.021127,0.027367,-0.020660,-0.012078,0.022219,0.070544,0.003421,-0.000031,0.023246,0.002114,-0.000507,0.006289,0.000703,0.000414,-0.003851,-0.000569,0.000325
panda_0856,"['A postcard with a special message on a polka dot background.', 'A close up of a salt shaker on a cutting board.', 'A close up of a garlic bulb on a cutting board.']",166,33,0.138926,33.919352,0.972066,0.030694,33.942854,0.973635,0.027548,33.806340,0.973745,0.027905,33.745524,0.971810,0.030577,33.872139,0.973788,0.028985,33.814838,0.972332,0.029805,33.730289,0.973639,0.029296,0.023502,0.001569,-0.003146,-0.113012,0.001679,-0.002789,-0.173828,-0.000256,-0.000118,-0.047213,0.001723,-0.001710,-0.104514,0.000266,-0.000889,-0.189063,0.001573,-0.001398
panda_0857,"['A young girl laughing in a living room.', 'A young girl with white hair is in front of a flat screen tv in a living room.', 'A young girl in a white dress is holding flowers in front of a small television in a living room.']",226,46,0.082188,24.143026,0.737290,0.057286,24.088264,0.735757,0.057649,24.078915,0.735456,0.057778,24.145654,0.737335,0.057287,24.137946,0.736946,0.057419,24.157377,0.737856,0.057108,24.154262,0.737695,0.057118,-0.054762,-0.001532,0.000363,-0.064111,-0.001833,0.000492,0.002629,0.000045,0.000001,-0.005080,-0.000343,0.000133,0.014352,0.000566,-0.000178,0.011236,0.000405,-0.000168
panda_0858,"['A fenced in area with hay in it.', 'A large pile of hay in a fenced in area.', 'A close up of a metal fence with hay in it.']",127,29,0.601102,15.200121,0.250986,0.237346,15.179628,0.249017,0.238280,15.185580,0.249572,0.237443,15.217894,0.251838,0.239159,15.205201,0.251149,0.239014,15.202362,0.250938,0.237196,15.212233,0.251383,0.236992,-0.020493,-0.001969,0.000934,-0.014542,-0.001414,0.000096,0.017773,0.000851,0.001813,0.005080,0.000163,0.001668,0.002241,-0.000048,-0.000150,0.012112,0.000397,-0.000354
panda_0859,"['An image of the earth from space with stars in the background.', 'A person pouring sauce over noodles in a pot.', 'A man is cooking spaghetti and chicken in an instant pot on the stove.']",189,35,0.096995,38.752575,0.926496,0.070565,38.692439,0.927463,0.072972,38.896457,0.930305,0.065573,38.588801,0.925633,0.078366,38.755570,0.928128,0.072024,38.672142,0.925166,0.073307,38.799787,0.927307,0.068904,-0.060136,0.000967,0.002406,0.143882,0.003809,-0.004992,-0.163774,-0.000863,0.007800,0.002995,0.001631,0.001458,-0.080433,-0.001330,0.002742,0.047212,0.000811,-0.001662
panda_0860,"['A poster for the movie the order 1886.', ""The characters in the game assassin's creed syndicate."", 'The three characters are standing in an old city street.']",160,26,0.203243,18.983842,0.666605,0.362581,21.013545,0.734777,0.300238,22.846261,0.772313,0.251140,18.886265,0.660151,0.369160,18.778578,0.658323,0.372870,18.689833,0.663743,0.365172,18.957871,0.666053,0.361671,2.029703,0.068172,-0.062343,3.862419,0.105708,-0.111441,-0.097577,-0.006454,0.006580,-0.205264,-0.008282,0.010289,-0.294009,-0.002862,0.002592,-0.025971,-0.000552,-0.000910
panda_0861,"['A person is cutting a piece of meat on a wooden cutting board with a knife.', 'The chicken is being cooked in a slow cooker and the water is being poured into the pot.', 'A person is stirring a pot of food in a black pan on a stove.']",236,49,40.111755,15.926905,0.663839,0.342079,14.917314,0.591907,0.358802,14.256475,0.587773,0.397431,15.995095,0.671541,0.334884,16.571780,0.677263,0.323575,16.754976,0.676331,0.326583,16.613750,0.678149,0.326298,-1.009591,-0.071932,0.016723,-1.670430,-0.076066,0.055352,0.068190,0.007701,-0.007196,0.644875,0.013424,-0.018504,0.828071,0.012492,-0.015496,0.686845,0.014310,-0.015781
panda_0862,"['A group of cartoon people with their arms up in the air.', 'A dragon ball z character wearing sunglasses.', 'An anime character standing on top of a ship.']",158,28,1.257599,10.279956,0.261046,0.452057,10.122912,0.258339,0.464025,10.162230,0.259437,0.463656,17.687499,0.626785,0.099716,17.833586,0.631910,0.098734,17.809800,0.633821,0.097942,10.511050,0.267864,0.432990,-0.157044,-0.002708,0.011968,-0.117726,-0.001610,0.011599,7.407543,0.365738,-0.352341,7.553631,0.370863,-0.353322,7.529844,0.372774,-0.354115,0.231095,0.006818,-0.019067
panda_0863,"['A black background with a yellow text on it.', 'There is a blue computer screen with a blue background, and the user has opened a window on it.', 'The user is installing software on a computer and provides instructions for the installation process.']",252,43,0.117401,37.939562,0.991798,0.005048,37.872877,0.991672,0.005078,37.797394,0.991586,0.005122,38.086942,0.991823,0.005040,38.025252,0.991786,0.005084,37.941707,0.991804,0.005042,37.933372,0.991793,0.005053,-0.066684,-0.000126,0.000030,-0.142168,-0.000213,0.000074,0.147381,0.000025,-0.000008,0.085691,-0.000012,0.000035,0.002145,0.000006,-0.000007,-0.006190,-0.000005,0.000004
panda_0864,"['A man sitting in a car holding a piece of wire.', 'A yellow multimeter sitting on top of a car battery.', ""A man sitting in the driver's seat of a car looking at the camera.""]",177,35,0.664941,17.376823,0.719988,0.349468,17.468510,0.728549,0.363808,17.438231,0.728891,0.368389,17.343793,0.718745,0.355669,17.344749,0.721519,0.355359,17.441977,0.721982,0.377134,17.449807,0.726569,0.363504,0.091687,0.008561,0.014340,0.061409,0.008903,0.018920,-0.033030,-0.001243,0.006200,-0.032074,0.001531,0.005890,0.065154,0.001993,0.027665,0.072984,0.006581,0.014036
panda_0865,"['A person holding a small bowl of something on a plate.', ""A close up of a person's hands on a plate of food."", 'A person is cooking meat in a frying pan on a stove.']",168,35,0.198916,9.022832,0.363230,0.686929,9.068290,0.368909,0.689684,8.535265,0.365702,0.689394,9.023134,0.363305,0.686753,9.009560,0.362927,0.687339,9.135751,0.367115,0.686901,9.022360,0.363626,0.686852,0.045458,0.005680,0.002755,-0.487566,0.002472,0.002465,0.000302,0.000075,-0.000176,-0.013272,-0.000302,0.000410,0.112919,0.003885,-0.000028,-0.000472,0.000396,-0.000078
panda_0866,"['A video game showing a person walking on a beach.', 'A video game screen showing a variety of items.', 'An ostrich on the beach in a computer game.']",151,28,1.571885,31.104851,0.893360,0.227479,31.143323,0.893235,0.227456,31.161918,0.893736,0.226810,31.126190,0.893246,0.227572,31.086121,0.892890,0.228062,31.123905,0.893625,0.227122,31.109818,0.893362,0.227629,0.038473,-0.000125,-0.000023,0.057067,0.000376,-0.000670,0.021340,-0.000114,0.000093,-0.018729,-0.000470,0.000583,0.019055,0.000264,-0.000357,0.004967,0.000002,0.000150
panda_0867,"['A man is holding a fishing lure and explaining how to use it.', 'A person is fishing in a lake surrounded by trees.', 'A man is holding a large fish in his hands while standing on a lake.']",191,38,0.131840,13.521584,0.595729,0.541324,22.191058,0.642339,0.421802,22.108890,0.642198,0.419975,13.505214,0.589895,0.546704,13.472264,0.593217,0.539130,13.665475,0.594206,0.538629,13.460893,0.594520,0.536145,8.669474,0.046610,-0.119522,8.587306,0.046469,-0.121350,-0.016370,-0.005834,0.005379,-0.049320,-0.002512,-0.002194,0.143891,-0.001523,-0.002695,-0.060691,-0.001209,-0.005180
panda_0868,"['A person is playing a video game on a computer screen with a yellow and black background.', 'The user is playing a video game on a computer screen.', 'The player is playing a first-person shooter game and firing a gun at an enemy.']",234,43,0.209687,9.416627,0.409537,0.697792,9.290644,0.415938,0.709548,9.340673,0.407277,0.702671,9.342851,0.407240,0.706159,9.324732,0.411758,0.701182,9.321037,0.417243,0.704130,9.404541,0.417912,0.686000,-0.125983,0.006400,0.011756,-0.075954,-0.002260,0.004879,-0.073776,-0.002297,0.008367,-0.091895,0.002220,0.003390,-0.095590,0.007706,0.006338,-0.012086,0.008374,-0.011792
panda_0869,"['There is a red truck driving on a road with mountains in the background.', 'A red truck with a large crane on its bed is driving down a highway.', 'A man standing next to a truck that is loaded with bricks.']",210,41,1.591186,10.251966,0.417415,0.565891,10.274354,0.412969,0.563743,10.240802,0.412878,0.568510,10.189503,0.418241,0.569735,10.267483,0.414771,0.568604,10.250256,0.415566,0.566212,10.404088,0.415788,0.567816,0.022388,-0.004446,-0.002148,-0.011164,-0.004537,0.002619,-0.062463,0.000826,0.003843,0.015517,-0.002644,0.002713,-0.001710,-0.001849,0.000320,0.152122,-0.001627,0.001925
panda_0870,"['A street with power lines and trees on a sunny day.', 'A man is wearing sunglasses and standing in front of a building.', 'A red car is parked on the side of the road in front of a home.']",190,39,7.107476,24.189719,0.857406,0.094111,22.706090,0.846128,0.122155,21.962552,0.842952,0.122939,24.217561,0.857518,0.093549,24.221718,0.857583,0.093817,24.220606,0.858036,0.093004,24.191065,0.857134,0.095200,-1.483629,-0.011278,0.028044,-2.227167,-0.014455,0.028829,0.027843,0.000112,-0.000561,0.032000,0.000177,-0.000294,0.030887,0.000630,-0.001106,0.001346,-0.000272,0.001089
panda_0871,"['Two police officers standing on the side of the road.', 'A shoe is lying on the road at night, and there are cars passing by.', 'A police officer is standing on the side of the road at night, and there is a streetlight nearby.']",230,44,0.225605,25.826583,0.856646,0.134604,25.813303,0.859476,0.133376,25.797834,0.858980,0.133688,25.784485,0.854956,0.136552,25.798623,0.855408,0.138218,25.820875,0.857284,0.134457,25.779185,0.856341,0.135991,-0.013280,0.002830,-0.001228,-0.028749,0.002334,-0.000916,-0.042098,-0.001690,0.001948,-0.027960,-0.001238,0.003614,-0.005708,0.000638,-0.000147,-0.047397,-0.000305,0.001387
panda_0872,"['A white bowl of mussels on a table next to a bottle of wine.', 'A chef is standing in front of a stainless steel kitchen counter.', 'A chef is cooking mussels in a frying pan on a stove.']",190,38,3.803735,11.594764,0.664844,0.510983,10.591392,0.655619,0.523087,10.836751,0.652130,0.532334,11.482887,0.658383,0.511084,11.209283,0.655829,0.519151,11.717915,0.666485,0.507715,11.345759,0.664278,0.513757,-1.003372,-0.009225,0.012104,-0.758012,-0.012714,0.021351,-0.111877,-0.006460,0.000101,-0.385481,-0.009015,0.008168,0.123151,0.001641,-0.003268,-0.249004,-0.000566,0.002774
panda_0873,"['Two young girls in blue dresses standing in a hallway.', 'A bowl of cereal, a cup of coffee and a book on a table.', 'There is a person sitting on a bed in a hospital room wearing a white gown and restraints.']",212,42,0.087244,11.656763,0.564637,0.495522,12.699544,0.549305,0.541145,11.992888,0.531550,0.553738,11.523912,0.583723,0.488106,11.501688,0.583957,0.490104,12.054468,0.586119,0.486033,12.015897,0.535923,0.561110,1.042781,-0.015332,0.045623,0.336125,-0.033088,0.058216,-0.132851,0.019085,-0.007416,-0.155075,0.019320,-0.005418,0.397704,0.021482,-0.009489,0.359133,-0.028714,0.065588
panda_0874,"['President donald trump speaking at the state of the union address.', 'Three men working in a factory with the text ""fact check"".', 'It is a border fence between the us and mexico.']",183,32,0.104063,14.885226,0.632116,0.402424,14.801006,0.630458,0.401334,14.797720,0.631605,0.398571,14.882925,0.627278,0.404287,14.985682,0.632455,0.402000,14.897528,0.633852,0.404159,14.897544,0.630958,0.403638,-0.084220,-0.001658,-0.001090,-0.087506,-0.000511,-0.003853,-0.002301,-0.004838,0.001863,0.100456,0.000339,-0.000424,0.012303,0.001736,0.001735,0.012318,-0.001158,0.001214
panda_0875,"['There is a dirt path that leads to a residential area with houses and trees in the background.', 'There is a brown dirt field with a shadow of a person standing on it.', 'A plant growing in a plastic container on the ground.']",228,43,1.496990,13.808610,0.156691,0.504552,13.906033,0.157411,0.504726,13.912062,0.157626,0.503631,13.821618,0.157120,0.504618,13.816733,0.157069,0.504243,13.818543,0.156834,0.505045,13.799711,0.156742,0.504601,0.097423,0.000720,0.000174,0.103452,0.000935,-0.000921,0.013008,0.000429,0.000066,0.008123,0.000378,-0.000309,0.009933,0.000143,0.000493,-0.008899,0.000052,0.000049
panda_0876,"['The user is playing a video game and selecting options on the screen.', 'A construction site in a video game.', 'A video game screen showing a gun and other items.']",167,30,0.962041,16.452742,0.776333,0.372877,13.891677,0.748991,0.377759,14.841704,0.759087,0.382082,15.239086,0.754724,0.388554,16.355412,0.777262,0.375067,16.231737,0.773538,0.372400,16.289604,0.770498,0.372547,-2.561065,-0.027342,0.004883,-1.611037,-0.017246,0.009206,-1.213656,-0.021609,0.015677,-0.097330,0.000929,0.002191,-0.221005,-0.002795,-0.000477,-0.163138,-0.005835,-0.000330
panda_0877,"[""A picture of a rubik's cube with the words mind blowing optical illusions."", 'A picture of a dress with a blue and black color.', 'Two hands holding up a piece of paper with a black and white image on it.']",208,40,7.136834,25.783734,0.931618,0.145418,24.534417,0.905131,0.165974,24.497739,0.904507,0.181197,25.487820,0.920379,0.186232,25.532766,0.926391,0.158943,25.031551,0.921841,0.153342,25.566839,0.925886,0.157155,-1.249317,-0.026488,0.020556,-1.285995,-0.027112,0.035779,-0.295914,-0.011239,0.040813,-0.250968,-0.005227,0.013525,-0.752184,-0.009777,0.007923,-0.216896,-0.005732,0.011737
panda_0878,"['A blue background with the words spice cabinet and french style spice jars.', 'There is a wooden cabinet with glass doors and shelves filled with various spices and herbs.', 'A shelf with a variety of spices and condiments.']",227,38,0.442147,10.927770,0.670367,0.488838,14.073850,0.716426,0.427707,15.870210,0.728335,0.423684,10.847091,0.671592,0.478774,10.933635,0.669081,0.489502,10.943600,0.668897,0.489580,10.944775,0.668840,0.491051,3.146081,0.046059,-0.061131,4.942440,0.057967,-0.065154,-0.080679,0.001224,-0.010064,0.005865,-0.001287,0.000664,0.015831,-0.001470,0.000742,0.017006,-0.001528,0.002213
panda_0879,"['A pair of scissors and a comb next to a purple bow.', 'A person is grooming a small brown dog.', 'A black background with the words thank for watching etsy shop instagram beauty by paris collection facebook beauty by paris collection.']",238,41,0.096264,12.097604,0.319630,0.693292,12.047404,0.321107,0.710396,12.028925,0.320566,0.707328,12.154109,0.319733,0.693667,12.152186,0.319883,0.693516,12.140414,0.321283,0.691859,12.073016,0.317374,0.695093,-0.050201,0.001476,0.017104,-0.068679,0.000936,0.014036,0.056505,0.000102,0.000375,0.054581,0.000253,0.000223,0.042809,0.001653,-0.001433,-0.024588,-0.002256,0.001801
panda_0880,"['A car is driving on the road in a tunnel, and there are several other cars passing by. the tunnel is dark, and there are streetlights illuminating it.', 'A black car is driving on a winding road in the countryside, passing through green fields and trees.', 'A black sports car is driving on a highway at night.']",314,57,1.245609,23.743450,0.877467,0.186861,23.875931,0.881280,0.187239,24.149094,0.890804,0.153709,23.556383,0.865228,0.184873,23.612664,0.868133,0.188322,23.824303,0.878892,0.185101,23.870680,0.880241,0.186150,0.132481,0.003812,0.000378,0.405643,0.013337,-0.033153,-0.187068,-0.012239,-0.001988,-0.130786,-0.009334,0.001461,0.080853,0.001425,-0.001761,0.127230,0.002774,-0.000711
panda_0881,"['A man in a red sweater holding a cell phone.', 'The man is standing in front of a white wall with a red shirt on and he is holding a phone in his right hand.', 'A person is holding a smartphone with an app on the screen.']",224,47,0.188566,25.225349,0.934146,0.036477,25.224244,0.934356,0.036435,25.190940,0.934070,0.036913,25.202772,0.933952,0.036829,25.207994,0.933984,0.036709,25.217889,0.934148,0.036515,25.229462,0.934224,0.036450,-0.001104,0.000210,-0.000043,-0.034409,-0.000076,0.000436,-0.022577,-0.000194,0.000352,-0.017355,-0.000162,0.000232,-0.007459,0.000002,0.000037,0.004113,0.000078,-0.000027
panda_0882,"['A man in a kitchen holding a piece of dough.', 'A person is holding a bowl of brown mixture with their fingers.', 'A young man with curly hair is eating food in a kitchen.']",175,34,0.104111,10.288845,0.535309,0.457100,10.389156,0.524159,0.486063,10.422834,0.550105,0.451418,10.073237,0.530493,0.459621,10.107526,0.511753,0.481924,10.380351,0.535032,0.455807,10.185355,0.529423,0.457943,0.100310,-0.011150,0.028963,0.133989,0.014796,-0.005682,-0.215608,-0.004816,0.002521,-0.181320,-0.023555,0.024824,0.091506,-0.000277,-0.001293,-0.103491,-0.005885,0.000843
panda_0883,"['A photo of a website for a photography business.', 'The photographer is standing on a bridge overlooking a body of water with a city skyline in the background.', 'The person is wearing sunglasses and a black beanie, standing on a boat with a blue sky and water in the background.']",283,50,0.067815,10.076656,0.488479,0.521260,11.049079,0.494057,0.514268,10.350275,0.491140,0.508355,10.124063,0.488702,0.520329,10.124247,0.488064,0.515091,9.814174,0.484970,0.524798,10.131621,0.486545,0.526866,0.972423,0.005578,-0.006991,0.273619,0.002661,-0.012904,0.047407,0.000222,-0.000931,0.047591,-0.000415,-0.006168,-0.262481,-0.003509,0.003538,0.054966,-0.001934,0.005606
panda_0884,"['A person is riding a motorcycle and performing a stunt on the street.', 'A person is riding a motorcycle down a road in a park, and the camera captures different angles of the motorcycle.', 'A person is riding a motorcycle on a road and the camera is mounted on the handlebar of the bike.']",292,54,2.561521,16.483301,0.613541,0.318284,16.378350,0.620085,0.320391,16.235273,0.623686,0.319316,16.450582,0.612685,0.319020,16.470674,0.613511,0.318352,16.451988,0.612194,0.317990,16.340784,0.617057,0.317139,-0.104951,0.006544,0.002107,-0.248028,0.010145,0.001032,-0.032719,-0.000857,0.000736,-0.012627,-0.000030,0.000068,-0.031313,-0.001347,-0.000294,-0.142516,0.003516,-0.001145
panda_0885,"['People are walking down a path in a forest with lots of green trees.', 'There is a beautiful waterfall in the forest with trees surrounding it.', 'There is a waterfall in the forest.']",186,33,1.357279,17.665475,0.673327,0.216595,17.458107,0.673863,0.219473,17.308452,0.668530,0.224368,17.575597,0.670139,0.219186,17.682513,0.671350,0.217113,17.664750,0.672825,0.217457,17.648478,0.671158,0.217342,-0.207369,0.000536,0.002877,-0.357024,-0.004797,0.007772,-0.089879,-0.003188,0.002591,0.017038,-0.001977,0.000518,-0.000726,-0.000502,0.000862,-0.016998,-0.002169,0.000747
panda_0886,"['A machine is being used to make a large metal object.', 'A close up of a machine drilling into a piece of concrete.', 'A yellow industrial robot in a warehouse.']",164,30,0.213873,23.231987,0.899764,0.050679,23.141957,0.897129,0.051267,23.130612,0.897034,0.051284,23.191562,0.898121,0.050873,23.187206,0.898159,0.050827,23.226597,0.899642,0.050650,23.238121,0.899917,0.050489,-0.090029,-0.002636,0.000588,-0.101375,-0.002731,0.000605,-0.040425,-0.001644,0.000195,-0.044781,-0.001605,0.000149,-0.005390,-0.000122,-0.000029,0.006134,0.000153,-0.000190
panda_0887,"['A black and white photo of two women with hair dryers on their heads.', 'A man is sitting on a couch wearing a gray sweater and looking at the camera.', 'A poster advertising freckles ointment.']",197,35,8.082944,10.257269,0.554957,0.694930,10.392189,0.541659,0.687478,10.334756,0.538170,0.688540,10.244723,0.547650,0.698766,10.201360,0.552295,0.704537,10.286969,0.547527,0.692250,10.273157,0.543546,0.689017,0.134920,-0.013298,-0.007451,0.077487,-0.016787,-0.006390,-0.012545,-0.007308,0.003836,-0.055908,-0.002662,0.009607,0.029700,-0.007430,-0.002679,0.015889,-0.011411,-0.005913
panda_0888,"['A man with a rope climbing into an ice cave.', 'A computer monitor with a picture of the ocean on it.', 'Two scuba divers in the water near a large rock formation.']",167,32,5.883157,25.049506,0.902270,0.108966,25.117040,0.944722,0.082697,23.353710,0.906189,0.112100,25.062290,0.903075,0.107817,26.415494,0.900844,0.109269,25.136697,0.902489,0.107919,25.524788,0.916079,0.100819,0.067534,0.042453,-0.026269,-1.695796,0.003919,0.003134,0.012784,0.000805,-0.001149,1.365988,-0.001426,0.000303,0.087191,0.000219,-0.001047,0.475282,0.013809,-0.008147
panda_0889,"['A screenshot of a video game with a man holding a purple object.', 'A man with a purple hat is fishing in a video game.', 'It is a screenshot of a map in the game.']",167,35,0.047775,14.216449,0.445680,0.611858,13.891167,0.448109,0.628584,14.587118,0.449100,0.604547,14.176195,0.461523,0.609375,14.532994,0.484028,0.586660,14.348886,0.469108,0.592887,14.206000,0.436655,0.619063,-0.325282,0.002429,0.016726,0.370670,0.003420,-0.007311,-0.040254,0.015843,-0.002483,0.316546,0.038348,-0.025198,0.132438,0.023428,-0.018970,-0.010449,-0.009025,0.007205
panda_0890,"['A man is cooking food in a frying pan on a stove in a kitchen.', 'A person spooning food into a pan with a wooden spoon.', 'A man in a green shirt is cooking food on a kitchen counter.']",188,39,0.079967,20.200645,0.858446,0.207676,20.167954,0.855779,0.208547,20.126423,0.853331,0.212591,20.199745,0.857551,0.207787,20.193865,0.858151,0.208021,20.193783,0.858390,0.207827,20.185749,0.858656,0.206364,-0.032690,-0.002667,0.000872,-0.074222,-0.005115,0.004916,-0.000900,-0.000896,0.000111,-0.006780,-0.000296,0.000345,-0.006862,-0.000057,0.000152,-0.014896,0.000210,-0.001311
panda_0891,"['A computer screen with a silver background.', 'The user is using windows movie maker to create a slideshow of images and videos from a folder on their computer.', 'Several pictures on a computer screen.']",206,34,0.059847,19.675409,0.869419,0.216529,19.643818,0.861924,0.230236,19.497714,0.862284,0.235627,19.641412,0.863162,0.231542,19.687517,0.863708,0.228962,19.899534,0.869334,0.219187,19.869094,0.870405,0.218856,-0.031591,-0.007495,0.013707,-0.177695,-0.007134,0.019098,-0.033996,-0.006257,0.015013,0.012109,-0.005710,0.012433,0.224125,-0.000085,0.002658,0.193685,0.000986,0.002327
panda_0892,"['A construction worker is repairing the roof of a house.', 'A woman is standing in a kitchen and wearing a face mask.', 'A room with a ceiling that looks like it is falling apart.']",182,34,2.292445,14.059806,0.507269,0.485886,13.748109,0.496022,0.505222,13.977208,0.504206,0.497858,14.128060,0.510147,0.485796,13.715921,0.498421,0.501939,14.123717,0.509633,0.485405,14.105149,0.509172,0.484650,-0.311697,-0.011246,0.019337,-0.082597,-0.003063,0.011972,0.068254,0.002878,-0.000090,-0.343885,-0.008847,0.016054,0.063911,0.002364,-0.000480,0.045343,0.001903,-0.001235
panda_0893,"['The news anchor is sitting at a desk in a television studio.', 'There are mosquito larvae in a plastic container.', 'It is a news broadcast with a reporter sitting in front of a blue background, wearing a suit and tie.']",222,40,0.088528,18.721122,0.805262,0.159596,18.790613,0.804737,0.159666,18.703494,0.806253,0.158498,18.569800,0.802275,0.164112,18.606523,0.804347,0.161203,18.654858,0.804327,0.163155,18.776012,0.804873,0.159806,0.069491,-0.000526,0.000070,-0.017628,0.000991,-0.001098,-0.151322,-0.002988,0.004516,-0.114599,-0.000916,0.001607,-0.066264,-0.000936,0.003560,0.054890,-0.000389,0.000211
panda_0894,"['A red dodge challenger is driving down the road.', 'The hood of a green sports car with the words ""challenger rt"" on it.', 'A green dodge challenger driving down a highway.']",176,31,4.698950,12.267283,0.538905,0.464495,12.306941,0.537576,0.465581,12.409447,0.539474,0.461626,12.282770,0.538674,0.464441,12.339643,0.540685,0.462672,12.369127,0.540249,0.462590,12.238082,0.536537,0.464132,0.039658,-0.001329,0.001086,0.142164,0.000569,-0.002869,0.015487,-0.000231,-0.000054,0.072360,0.001780,-0.001823,0.101844,0.001344,-0.001905,-0.029201,-0.002368,-0.000363
panda_0895,"['A person is using a fork to eat food on a red plate.', 'A person is frying ground beef in a pan with a wooden spoon.', 'A person is pouring red sauce into a baking pan on a kitchen counter.']",193,40,4.018415,5.548977,0.558435,0.699200,5.853445,0.535423,0.732122,5.709395,0.543089,0.710900,5.599915,0.558983,0.697588,5.625349,0.554041,0.713647,5.598726,0.553697,0.710530,5.634245,0.556340,0.709313,0.304469,-0.023011,0.032922,0.160419,-0.015345,0.011700,0.050939,0.000548,-0.001612,0.076372,-0.004394,0.014447,0.049749,-0.004738,0.011330,0.085268,-0.002095,0.010113
panda_0896,"['A large snake and a smaller snake on a table.', 'A man is in a room with many shelves and cabinets filled with various items. he is holding a large snake in his hand, and there are several other snakes visible on the shelves.', 'A green chamelon lizard sitting on a tree branch.']",282,53,0.686540,8.544982,0.332288,0.749895,8.418608,0.342640,0.734840,7.892838,0.361056,0.740240,8.149719,0.284922,0.758871,8.311210,0.291222,0.748716,8.543773,0.331620,0.749892,8.477780,0.318466,0.749338,-0.126374,0.010352,-0.015055,-0.652144,0.028768,-0.009655,-0.395263,-0.047366,0.008976,-0.233773,-0.041066,-0.001178,-0.001209,-0.000667,-0.000002,-0.067202,-0.013822,-0.000557
panda_0897,"['A woman in a black suit is talking into a microphone.', 'A man named hidetoshi nishijima is giving a speech at an event, he is wearing a black suit and holding a microphone.', 'A young asian woman is speaking into a microphone at an event.']",243,45,0.292116,12.168386,0.653998,0.581867,12.090286,0.654995,0.588530,12.104121,0.657214,0.582639,12.090391,0.653125,0.584249,12.102008,0.653213,0.583690,12.156915,0.654514,0.584311,12.227373,0.654383,0.580002,-0.078100,0.000997,0.006663,-0.064265,0.003216,0.000773,-0.077994,-0.000874,0.002383,-0.066377,-0.000786,0.001823,-0.011471,0.000515,0.002445,0.058987,0.000384,-0.001864
panda_0898,"['The man is holding a rifle and standing in front of a field with trees in the background.', 'A man is holding a black rifle and wearing headphones while standing in front of a house.', 'The man is wearing sunglasses and a green shirt, standing in front of a house with trees in the background.']",297,55,0.198219,17.207485,0.513703,0.546961,18.461117,0.526237,0.532664,17.736264,0.536530,0.530332,17.221423,0.511237,0.553953,17.148749,0.501560,0.555007,17.113252,0.513543,0.550080,17.127261,0.508257,0.559002,1.253632,0.012534,-0.014297,0.528779,0.022827,-0.016629,0.013938,-0.002466,0.006992,-0.058736,-0.012143,0.008046,-0.094233,-0.000160,0.003119,-0.080225,-0.005446,0.012041
panda_0899,"['A 3d rendering of a bunch of black cubes on a white surface.', 'A facebook page with many pictures on it.', 'A computer screen showing a video of a video game.']",163,31,1.062915,19.498699,0.851487,0.149190,19.571343,0.853161,0.144846,19.478006,0.851785,0.149171,19.597181,0.853353,0.145366,19.581605,0.852269,0.145416,19.571150,0.851662,0.146764,19.508649,0.851758,0.148700,0.072645,0.001674,-0.004344,-0.020693,0.000298,-0.000019,0.098482,0.001866,-0.003824,0.082906,0.000782,-0.003774,0.072451,0.000175,-0.002426,0.009950,0.000271,-0.000490
panda_0900,"['An old man wearing glasses is on the news talking about matthew roman.', 'A tow truck is towing a car on the side of the road.', 'A tow truck towing a car on the side of the road.']",183,38,2.589097,27.579750,0.915793,0.025123,27.572815,0.915900,0.024791,27.583727,0.916247,0.023719,27.581866,0.915416,0.025459,27.571026,0.915177,0.025556,27.597442,0.915866,0.025120,27.591535,0.916096,0.024929,-0.006935,0.000107,-0.000332,0.003978,0.000454,-0.001403,0.002116,-0.000378,0.000337,-0.008724,-0.000616,0.000433,0.017692,0.000073,-0.000003,0.011786,0.000303,-0.000194
panda_0901,"['A british flag with the words terror en manchester.', 'A woman is sitting on a couch and crying while holding a photo frame.', 'A young black man is being interviewed on the street by a news reporter.']",204,37,0.135923,27.220872,0.912367,0.033911,27.318359,0.912923,0.033480,27.291828,0.912799,0.033526,27.249610,0.912661,0.033990,27.252753,0.912614,0.033933,27.245394,0.912530,0.033835,27.253224,0.912590,0.033823,0.097487,0.000556,-0.000431,0.070956,0.000432,-0.000385,0.028739,0.000294,0.000079,0.031882,0.000247,0.000022,0.024523,0.000163,-0.000076,0.032352,0.000223,-0.000088
panda_0902,"['A woman in a red dress is standing in front of a television with people on it.', 'A woman is walking down the street with a man in a suit and tie.', 'A man in a suit and tie is being interviewed by a news reporter outside of a building.']",240,50,0.642558,20.234579,0.779383,0.178967,20.124882,0.774638,0.181932,20.176504,0.777142,0.179274,20.243106,0.778721,0.178772,20.248026,0.778913,0.178547,20.240535,0.779406,0.178465,20.245402,0.779181,0.178728,-0.109697,-0.004745,0.002965,-0.058076,-0.002241,0.000307,0.008527,-0.000662,-0.000195,0.013446,-0.000470,-0.000420,0.005956,0.000023,-0.000502,0.010822,-0.000202,-0.000239
panda_0903,"['A pan filled with spices and nuts on a stove.', 'A person is adding cooking oil to a black frying pan and then adding finely chopped onions.', 'The food is served on a silver tray with rice, chickpeas, and vegetables.']",221,40,0.048306,39.774419,0.979159,0.005917,39.717758,0.979095,0.006082,39.728550,0.979093,0.006084,39.784213,0.979025,0.005967,39.788619,0.979036,0.005963,39.776570,0.979139,0.005910,39.768928,0.979118,0.005958,-0.056661,-0.000064,0.000165,-0.045869,-0.000066,0.000167,0.009794,-0.000135,0.000050,0.014200,-0.000123,0.000047,0.002151,-0.000020,-0.000006,-0.005491,-0.000041,0.000041
panda_0904,"['A man is performing a ritual with a book and a burning fire.', 'A man in a red robe stands with his arms raised to the sky and a stone wall in the background.', 'There is a small island in the middle of a large body of water, surrounded by trees and mountains.']",264,53,3.293767,9.103257,0.588920,0.724289,9.110849,0.579857,0.729361,9.108978,0.585598,0.725167,9.031272,0.585456,0.718937,9.085029,0.582137,0.727783,9.091189,0.587464,0.718568,9.090977,0.581328,0.725955,0.007592,-0.009063,0.005072,0.005721,-0.003322,0.000879,-0.071984,-0.003463,-0.005352,-0.018227,-0.006782,0.003494,-0.012068,-0.001456,-0.005720,-0.012280,-0.007591,0.001666
panda_0905,"['A crib with a baby in it on a wooden floor.', 'A little girl is laying on a small mattress with a green bottle and cup on the floor next to her.', 'A close up of a piece of cloth on a wooden floor.']",201,44,2.775795,18.738330,0.570837,0.277296,18.806520,0.573155,0.273775,18.844836,0.574348,0.272877,18.760059,0.571272,0.276417,18.767264,0.571445,0.276051,18.761109,0.571451,0.276443,18.783035,0.572132,0.275641,0.068190,0.002318,-0.003521,0.106506,0.003511,-0.004419,0.021729,0.000435,-0.000879,0.028934,0.000608,-0.001245,0.022779,0.000614,-0.000852,0.044705,0.001295,-0.001654
panda_0906,"['People are waiting in line at an airport security checkpoint.', 'A man and a woman are standing on stage with a microphone in front of a screen.', 'A young woman is holding a microphone and talking to a man.']",211,39,13.295414,11.300056,0.552053,0.795343,11.291716,0.559572,0.780098,11.314955,0.553217,0.794706,11.307392,0.550794,0.795960,11.364102,0.550411,0.797926,11.356867,0.550823,0.800101,11.307201,0.548771,0.797561,-0.008341,0.007519,-0.015245,0.014899,0.001165,-0.000638,0.007336,-0.001259,0.000617,0.064046,-0.001642,0.002583,0.056811,-0.001230,0.004758,0.007145,-0.003282,0.002217
panda_0907,"['It is a black and white text with the word ""jennings"" written in white on a black background.', 'There is a man sitting on the floor in front of a window playing percussion instruments.', 'A man sitting in front of a window with drums.']",239,44,2.379998,41.216541,0.966032,0.001113,41.137091,0.961546,0.001141,41.136357,0.961940,0.001142,41.081047,0.960701,0.001144,41.079344,0.961749,0.001143,41.180152,0.965794,0.001121,41.185394,0.965958,0.001118,-0.079450,-0.004486,0.000028,-0.080184,-0.004092,0.000029,-0.135494,-0.005331,0.000031,-0.137197,-0.004283,0.000029,-0.036389,-0.000238,0.000007,-0.031147,-0.000074,0.000005
panda_0908,"['A close up of a dirty pan on a stove.', 'A person is cooking meat in a pan with onions.', 'A person is cooking meat in a frying pan with onions and garlic.']",159,33,3.764347,16.604561,0.662737,0.358948,16.617970,0.662287,0.357520,16.614443,0.659582,0.359448,16.614466,0.662515,0.359450,16.600209,0.662987,0.358304,16.597424,0.661993,0.359694,16.603965,0.662693,0.359281,0.013409,-0.000450,-0.001428,0.009882,-0.003155,0.000500,0.009905,-0.000222,0.000502,-0.004352,0.000250,-0.000644,-0.007137,-0.000744,0.000747,-0.000596,-0.000044,0.000334
panda_0909,"['A young man is sitting at a desk and talking to the camera.', 'A young man is standing next to a red pickup truck in the driveway of his house.', 'A man is sitting in a car and gesturing with his hand.']",205,42,1.951017,15.500354,0.609644,0.184369,14.697821,0.585961,0.228820,15.317280,0.605314,0.191868,15.509371,0.609618,0.184942,15.497940,0.609254,0.185934,15.479400,0.609155,0.185198,15.490163,0.609280,0.184979,-0.802533,-0.023683,0.044451,-0.183075,-0.004330,0.007499,0.009016,-0.000026,0.000573,-0.002415,-0.000390,0.001566,-0.020955,-0.000490,0.000829,-0.010191,-0.000364,0.000610
panda_0910,"['A picture of a starbucks drink on a red background.', 'It is a pumpkin spice latte with whipped cream on top and a green background.', 'A starbucks drink on a red background.']",178,32,0.153006,21.887839,0.832672,0.081011,21.898504,0.833174,0.080752,21.880180,0.832507,0.081161,21.909296,0.833096,0.080991,21.912061,0.833005,0.080735,21.892055,0.833051,0.081016,21.904497,0.833472,0.080673,0.010665,0.000502,-0.000259,-0.007658,-0.000165,0.000150,0.021458,0.000424,-0.000020,0.024222,0.000333,-0.000275,0.004216,0.000379,0.000005,0.016659,0.000800,-0.000337
panda_0911,"['An orange and white sign that says continuing coverage.', 'A man in a jacket and tie is on a newscast.', 'A tv news broadcast with a cloudy sky.']",148,28,6.781152,8.573575,0.429208,0.718212,8.573958,0.428778,0.718427,8.577800,0.428594,0.718020,8.574871,0.429096,0.717998,8.578417,0.429560,0.718184,8.570106,0.428834,0.718559,8.570661,0.429123,0.718549,0.000383,-0.000430,0.000215,0.004225,-0.000614,-0.000192,0.001295,-0.000113,-0.000215,0.004841,0.000351,-0.000028,-0.003469,-0.000375,0.000347,-0.002914,-0.000086,0.000337
panda_0912,"['A large engine on display in a glass case.', 'A model of a jet engine on display in a glass case.', 'A large propeller is on display in a museum.']",149,30,0.640225,20.984578,0.680831,0.147491,20.959111,0.679888,0.147165,20.942609,0.679399,0.147725,20.946815,0.679401,0.148551,20.945785,0.679326,0.148541,20.954311,0.679750,0.148453,20.971972,0.680434,0.147627,-0.025467,-0.000943,-0.000326,-0.041969,-0.001432,0.000234,-0.037762,-0.001430,0.001060,-0.038793,-0.001505,0.001050,-0.030267,-0.001081,0.000962,-0.012606,-0.000397,0.000136
panda_0913,"['A computer screen showing a list of games.', 'A computer screen showing a 3d model of a minecraft character.', 'A video game screen showing a circular area with lights.']",172,29,0.085206,9.166340,0.518094,0.568760,9.577274,0.483132,0.619285,9.424275,0.485830,0.621339,9.180434,0.519132,0.569231,9.138358,0.512265,0.572786,9.097455,0.509585,0.577163,9.183777,0.517492,0.571041,0.410934,-0.034962,0.050525,0.257935,-0.032264,0.052579,0.014094,0.001038,0.000471,-0.027982,-0.005828,0.004026,-0.068885,-0.008509,0.008403,0.017437,-0.000602,0.002281
panda_0914,"['There is a wrestling competition happening in a gym with people participating and cheering.', 'Two men are working on a fence outside of a house.', 'There is an electrical device near a fountain or pond, and there is a rock near the device.']",244,43,0.686689,15.346512,0.605668,0.315928,15.309566,0.604567,0.320412,15.379389,0.610112,0.314164,15.329006,0.604430,0.320545,15.317884,0.604284,0.318249,15.323376,0.604518,0.319591,15.355389,0.609137,0.314279,-0.036946,-0.001101,0.004484,0.032877,0.004444,-0.001764,-0.017506,-0.001238,0.004617,-0.028628,-0.001384,0.002321,-0.023136,-0.001150,0.003663,0.008877,0.003470,-0.001649
panda_0915,"['A minecraft video game with a person in it.', 'A minecraft game screen with some text on it.', 'A computer screen with a message on it.']",139,26,2.779058,26.852754,0.886280,0.156677,27.063307,0.888684,0.154819,27.035923,0.889972,0.156695,26.902208,0.887986,0.157006,26.899950,0.886933,0.157833,26.921825,0.886562,0.155961,26.893618,0.884944,0.157941,0.210553,0.002403,-0.001858,0.183168,0.003692,0.000018,0.049454,0.001705,0.000329,0.047195,0.000652,0.001156,0.069071,0.000281,-0.000716,0.040863,-0.001337,0.001264
panda_0916,"['The quintus timber lining logo on a black background.', 'A close up of a wooden floor with the words ottus timber lining on it.', 'There is a long piece of wood on the floor with a label on it.']",197,39,0.198590,42.553826,0.969958,0.001442,42.538233,0.962055,0.001519,42.501889,0.962239,0.001503,42.464512,0.959494,0.001516,42.420480,0.959938,0.001549,42.498887,0.969695,0.001446,42.518041,0.969743,0.001471,-0.015593,-0.007904,0.000077,-0.051937,-0.007719,0.000061,-0.089314,-0.010464,0.000075,-0.133346,-0.010020,0.000107,-0.054938,-0.000263,0.000004,-0.035785,-0.000216,0.000029
panda_0917,"['A close up of a muffin pan with muffins in it.', 'A glass bowl full of white powder with the words preparing the marshmallow frosting.', 'A glass bowl with a white substance in it.']",184,34,1.236546,14.436030,0.373225,0.705241,14.577205,0.382295,0.703199,14.522871,0.382346,0.703523,14.411673,0.380073,0.705533,14.479193,0.379721,0.705402,14.415854,0.368897,0.704217,14.525809,0.380615,0.703270,0.141176,0.009070,-0.002042,0.086841,0.009121,-0.001718,-0.024357,0.006848,0.000292,0.043163,0.006496,0.000161,-0.020176,-0.004328,-0.001024,0.089779,0.007390,-0.001971
panda_0918,"['A white car driving down a road next to a tree.', 'A white honda city car is being showcased on a white background.', 'A white honda jazz car is parked on a white background, and the license plate number is 51hya.']",217,41,0.078098,6.446437,0.377621,0.661488,6.820443,0.405269,0.676806,6.870145,0.405568,0.684100,6.501462,0.395850,0.668781,6.447615,0.378509,0.671455,6.857593,0.382803,0.673799,6.525079,0.397891,0.661645,0.374006,0.027648,0.015318,0.423709,0.027946,0.022612,0.055025,0.018228,0.007293,0.001178,0.000888,0.009967,0.411156,0.005182,0.012311,0.078642,0.020270,0.000158
panda_0919,"['The little girl is wearing a red shirt and a black hat, and she is sitting in front of a blue wall.', 'A young boy is sitting at a table with his hands on his chin, looking at the camera with a serious expression.', 'A screen shot of the fine brothers productions website.']",276,53,2.720093,20.366320,0.775516,0.381655,21.469454,0.776355,0.385188,21.266524,0.767559,0.385019,20.659494,0.774339,0.378308,21.187530,0.776284,0.379138,21.201194,0.778406,0.380164,20.378787,0.775945,0.383904,1.103134,0.000839,0.003533,0.900204,-0.007957,0.003364,0.293174,-0.001177,-0.003347,0.821210,0.000768,-0.002516,0.834874,0.002890,-0.001491,0.012468,0.000429,0.002250
panda_0920,"['A man sitting in front of three computer screens.', ""A gamer's workstation is set up with multiple computer monitors, keyboards, and mice."", 'It is a review of the røde (red) ntg-2 shotgun mic with the zoom h4n handy recorder in a man cave setting.']",252,44,4.864929,23.437907,0.867754,0.060278,23.426162,0.869442,0.059061,23.430674,0.869766,0.058807,23.435823,0.867069,0.060844,23.439343,0.867180,0.060735,23.441686,0.867925,0.060074,23.440363,0.867825,0.060347,-0.011745,0.001688,-0.001217,-0.007233,0.002012,-0.001471,-0.002084,-0.000685,0.000566,0.001437,-0.000574,0.000457,0.003779,0.000171,-0.000204,0.002457,0.000071,0.000069
panda_0921,"['A man in glasses and a suit is speaking to the camera in front of a city building.', 'A group of people clapping in front of an american flag.', 'An older man wearing glasses and a tie is talking.']",200,39,1.181379,17.520288,0.551792,0.489798,17.553884,0.549879,0.495704,17.242255,0.545235,0.509079,17.496841,0.546856,0.502021,17.427847,0.548110,0.499141,17.405159,0.547670,0.499351,17.407739,0.539987,0.516644,0.033596,-0.001913,0.005906,-0.278033,-0.006557,0.019281,-0.023447,-0.004936,0.012223,-0.092441,-0.003682,0.009343,-0.115129,-0.004122,0.009553,-0.112549,-0.011804,0.026846
panda_0922,"['The family is sitting in front of a christmas tree and smiling at the camera.', 'A person is using a red blender on a counter next to a bowl of fruit.', 'An apple is being squeezed in a kitchen appliance.']",208,40,0.764137,8.044666,0.442669,0.723603,8.012671,0.445823,0.718304,8.166381,0.444254,0.708127,8.034011,0.438200,0.726995,8.074480,0.444568,0.726618,8.024529,0.436875,0.730224,8.061654,0.440637,0.719964,-0.031995,0.003154,-0.005299,0.121714,0.001585,-0.015476,-0.010655,-0.004469,0.003392,0.029813,0.001898,0.003015,-0.020138,-0.005795,0.006621,0.016987,-0.002032,-0.003639
panda_0923,"['There is a man walking down a street in a small town with mountains in the background.', 'A man is walking through a marketplace and pointing at something.', 'A man is swimming in a river and jumping into the water.']",219,40,4.386887,11.249629,0.331716,0.612072,11.342314,0.333679,0.611303,11.339452,0.334121,0.611300,11.267936,0.331808,0.612122,11.231540,0.331298,0.612446,11.237225,0.331314,0.612333,11.232874,0.331189,0.612414,0.092685,0.001963,-0.000769,0.089823,0.002405,-0.000772,0.018306,0.000092,0.000050,-0.018089,-0.000418,0.000374,-0.012405,-0.000402,0.000261,-0.016755,-0.000527,0.000342
panda_0924,"['A man sitting in a chair next to a picture of a vest.', 'A man sitting in a chair next to a picture of a man wearing a tunic.', 'A man in a chair next to a picture of a man with a sword.']",190,44,0.072238,15.108125,0.546834,0.455165,15.081794,0.555059,0.452399,15.062808,0.556438,0.446330,15.092102,0.550581,0.447930,15.108650,0.546847,0.451988,15.133592,0.545070,0.451482,15.128007,0.549016,0.450945,-0.026331,0.008225,-0.002766,-0.045317,0.009604,-0.008835,-0.016023,0.003747,-0.007235,0.000525,0.000013,-0.003178,0.025467,-0.001764,-0.003683,0.019882,0.002182,-0.004220
panda_0925,"['A computer screen showing a facebook page.', 'A screenshot of a computer screen shows a website.', 'A computer screen showing a 3d model of an object.']",154,26,1.600445,22.855904,0.780619,0.115928,22.531197,0.775537,0.113396,28.516868,0.869478,0.075757,19.368329,0.755344,0.125849,22.812916,0.785615,0.115185,22.826367,0.782362,0.118071,22.225625,0.765878,0.121556,-0.324707,-0.005082,-0.002532,5.660963,0.088859,-0.040171,-3.487576,-0.025275,0.009921,-0.042988,0.004995,-0.000743,-0.029537,0.001743,0.002142,-0.630279,-0.014742,0.005627
panda_0926,"['The text is written in white letters on a black background.', 'A group of asian women taking a selfie.', 'A group of people posing for a picture with a coca cola bottle.']",173,32,0.223451,31.293159,0.952951,0.019707,31.447002,0.945061,0.019545,31.465318,0.943940,0.019598,31.306532,0.940995,0.019772,31.355553,0.943175,0.019393,31.293145,0.952952,0.019631,31.303416,0.952973,0.019661,0.153843,-0.007891,-0.000162,0.172158,-0.009011,-0.000109,0.013373,-0.011956,0.000065,0.062393,-0.009777,-0.000314,-0.000014,0.000000,-0.000076,0.010256,0.000022,-0.000045
panda_0927,"['A yellow volkswagen beetle in photoshop.', 'Two trains on railroad tracks in a photo editing program.', 'A black background with the words anthony morgan com.']",162,25,1.212212,11.458463,0.268297,0.764839,11.441984,0.242948,0.753440,11.520258,0.243896,0.760003,11.478637,0.256235,0.768975,11.361373,0.261933,0.770044,11.444464,0.268244,0.767177,11.453632,0.262999,0.769044,-0.016479,-0.025350,-0.011399,0.061795,-0.024402,-0.004836,0.020174,-0.012062,0.004136,-0.097090,-0.006365,0.005205,-0.013999,-0.000053,0.002338,-0.004832,-0.005298,0.004205
panda_0928,"['It is a black background with the words ""headliner install part 1"" written in green on top of it.', 'There is a car in a garage with the hood open and the interior of the car is visible.', 'The inside of a car with a steering wheel.']",236,47,0.403467,40.334432,0.954549,0.018392,40.505671,0.945979,0.017395,40.440521,0.946553,0.017977,41.721675,0.946981,0.003008,41.718320,0.948491,0.002944,41.865088,0.958162,0.002830,40.698870,0.955071,0.016795,0.171239,-0.008570,-0.000997,0.106089,-0.007997,-0.000416,1.387243,-0.007568,-0.015385,1.383888,-0.006059,-0.015448,1.530656,0.003612,-0.015563,0.364438,0.000521,-0.001597
panda_0929,"['A close up of a green and white bag with a tag on it.', 'A close up of a green bag with a zipper.', 'The inside of a green backpack has a zippered compartment.']",163,34,23.038950,6.664596,0.079660,0.981437,6.681645,0.079694,0.977961,6.680392,0.079811,0.978743,6.669225,0.079848,0.981757,6.670193,0.079639,0.981049,6.661462,0.079885,0.982216,6.664594,0.079703,0.981102,0.017049,0.000034,-0.003477,0.015797,0.000152,-0.002695,0.004629,0.000188,0.000319,0.005597,-0.000021,-0.000389,-0.003133,0.000225,0.000779,-0.000002,0.000044,-0.000336
panda_0930,"['A green globe is rotating on a black background with the words ""live planet"" written on it.', 'Person williams being interviewed by a reporter.', 'A collage of pictures of a tennis match.']",191,32,0.514178,18.048189,0.717915,0.164009,18.096061,0.718474,0.163715,18.115858,0.719347,0.162831,18.042090,0.716159,0.164449,18.023707,0.715892,0.164957,18.048760,0.718005,0.164164,18.028428,0.718342,0.163548,0.047872,0.000558,-0.000294,0.067669,0.001432,-0.001178,-0.006099,-0.001756,0.000440,-0.024482,-0.002023,0.000948,0.000571,0.000090,0.000154,-0.019761,0.000427,-0.000461
panda_0931,"['The chef is holding a package of ingredients for a recipe.', 'There is a man in a black jacket standing in front of a table with various food items on it, and he is talking about a product.', 'A package of food on a table next to a piece of paper.']",251,51,1.907773,21.184772,0.839924,0.113992,21.289322,0.843685,0.113134,21.264134,0.842838,0.113710,21.184298,0.839961,0.113967,21.185823,0.840025,0.114015,21.206360,0.840637,0.113741,21.203424,0.840542,0.113727,0.104550,0.003761,-0.000857,0.079362,0.002915,-0.000281,-0.000474,0.000037,-0.000024,0.001051,0.000101,0.000023,0.021588,0.000714,-0.000250,0.018651,0.000619,-0.000265
panda_0932,"['The video is about a person playing a game, possibly league of legends.', 'It is a video game with a player in the middle of a battle.', 'A man is playing a game on a computer screen.']",187,37,0.419899,22.085229,0.839397,0.172245,21.906379,0.838122,0.172843,21.894961,0.840569,0.170886,22.122485,0.837425,0.175849,22.046089,0.838745,0.169520,22.083247,0.839356,0.170772,22.183831,0.840097,0.170988,-0.178850,-0.001275,0.000598,-0.190268,0.001172,-0.001359,0.037256,-0.001971,0.003604,-0.039140,-0.000652,-0.002725,-0.001982,-0.000041,-0.001473,0.098601,0.000700,-0.001257
panda_0933,"['A green hot wheels car in a package.', 'There is a yellow and black toy car in a transparent box.', 'A hot wheels car in a package.']",135,27,0.373569,8.183792,0.256632,0.672143,8.630102,0.234024,0.680726,7.920971,0.237268,0.688202,8.133999,0.255273,0.674028,8.010293,0.252106,0.674034,8.182643,0.249768,0.667387,8.213885,0.255453,0.670302,0.446310,-0.022608,0.008583,-0.262820,-0.019364,0.016059,-0.049793,-0.001359,0.001885,-0.173499,-0.004527,0.001891,-0.001149,-0.006864,-0.004756,0.030093,-0.001179,-0.001841
panda_0934,"['A document with red text on a white background.', 'There is a line of text that is black and white.', 'A text message on a black background.']",144,27,3.710928,9.424233,0.583262,0.433890,9.791086,0.627990,0.381484,9.987154,0.605408,0.407028,9.557531,0.585672,0.432389,9.548560,0.589270,0.420930,9.714651,0.634543,0.374639,9.746876,0.604268,0.407099,0.366853,0.044728,-0.052405,0.562921,0.022146,-0.026861,0.133298,0.002410,-0.001501,0.124327,0.006008,-0.012959,0.290418,0.051281,-0.059251,0.322643,0.021006,-0.026791
panda_0935,"['A close up of a computer screen with a cord connected to it.', 'A close up of a device with a blue light on it.', 'A close up of a device with a lot of wires.']",162,36,4.652798,25.976365,0.843483,0.088825,25.974261,0.842604,0.088766,25.982311,0.843214,0.088341,25.973122,0.843100,0.088963,25.974421,0.843192,0.088764,25.975128,0.843099,0.088795,25.970467,0.843007,0.088840,-0.002104,-0.000879,-0.000059,0.005946,-0.000269,-0.000485,-0.003243,-0.000383,0.000137,-0.001944,-0.000291,-0.000061,-0.001236,-0.000384,-0.000030,-0.005898,-0.000476,0.000015
panda_0936,"['A television screen showing a picture of the lincoln memorial.', 'A close up of a record spinning on a turntable.', 'The logo for reel america.']",147,25,3.512343,34.339390,0.936905,0.027384,34.360228,0.937325,0.026849,34.278617,0.936097,0.027448,34.270214,0.936076,0.027886,34.223922,0.935734,0.027891,34.324573,0.936752,0.027308,34.278717,0.936333,0.027213,0.020837,0.000420,-0.000535,-0.060774,-0.000807,0.000064,-0.069176,-0.000829,0.000502,-0.115469,-0.001171,0.000507,-0.014817,-0.000153,-0.000076,-0.060674,-0.000571,-0.000171
panda_0937,"['Two men in a kitchen talking to the camera.', ""A neon sign that reads 'block 16' on a tv screen."", 'People are working in a restaurant and preparing food.']",158,29,1.885724,24.583663,0.775929,0.079521,25.621967,0.792666,0.063121,25.695643,0.787362,0.061361,24.613285,0.777333,0.079559,24.710371,0.778295,0.078529,24.577568,0.775898,0.079349,24.572484,0.775125,0.079557,1.038304,0.016737,-0.016400,1.111980,0.011433,-0.018160,0.029622,0.001404,0.000039,0.126708,0.002367,-0.000992,-0.006095,-0.000030,-0.000171,-0.011179,-0.000804,0.000036
panda_0938,"['There is a panoramic view of the city from the top of a hill with buildings and a river in the foreground.', 'There is a street with trees on either side and a car parked on the side of the road.', 'A car parked in the woods with a tree in the background.']",259,53,1.000478,26.003764,0.780668,0.111679,25.595941,0.771075,0.116009,26.628728,0.794729,0.107465,25.986691,0.780444,0.111839,26.035662,0.781348,0.111508,26.003408,0.780556,0.111604,26.039978,0.781620,0.111374,-0.407823,-0.009593,0.004330,0.624964,0.014061,-0.004213,-0.017073,-0.000224,0.000160,0.031898,0.000679,-0.000171,-0.000356,-0.000112,-0.000075,0.036215,0.000952,-0.000305
panda_0939,"['A man is walking on the street at night in a city, he is wearing a hat and a suit, and he is smiling.', 'There is a display case filled with various types of cakes and pastries.', 'There is a shelf in a room with various items on it, including hats and jewelry.']",265,53,2.913452,11.031061,0.407690,0.633905,11.088443,0.407340,0.631990,11.062437,0.407028,0.633117,11.051482,0.407613,0.634048,11.059375,0.408007,0.633062,11.017770,0.408041,0.634145,11.028776,0.408215,0.633770,0.057382,-0.000350,-0.001915,0.031376,-0.000662,-0.000788,0.020421,-0.000077,0.000142,0.028314,0.000317,-0.000844,-0.013291,0.000351,0.000240,-0.002285,0.000524,-0.000135
panda_0940,"['There is a sign on the side of an interstate highway that displays traffic information.', 'A news reporter is standing on the side of a busy road and talking to the camera.', 'There are cars driving on a highway and buildings in the background.']",248,44,0.097407,17.623428,0.711988,0.186917,17.204491,0.710632,0.195561,17.293477,0.707160,0.194537,17.103282,0.709660,0.185987,17.249041,0.714413,0.194797,17.502193,0.713996,0.185301,17.267770,0.709720,0.181452,-0.418937,-0.001357,0.008644,-0.329952,-0.004828,0.007620,-0.520146,-0.002328,-0.000929,-0.374387,0.002424,0.007881,-0.121236,0.002008,-0.001616,-0.355659,-0.002269,-0.005464
panda_0941,"['A person is signing a form with a pen.', 'Cars are driving on a highway with signs and traffic on the road.', 'It is a screenshot of text on a black background with white lettering.']",185,35,0.572231,14.098486,0.512425,0.434881,18.736861,0.648225,0.167238,15.664976,0.592288,0.309192,12.844975,0.479024,0.503994,13.897650,0.502827,0.434431,15.121296,0.484911,0.373877,12.934430,0.479673,0.508827,4.638375,0.135800,-0.267643,1.566489,0.079862,-0.125688,-1.253511,-0.033401,0.069114,-0.200836,-0.009599,-0.000450,1.022810,-0.027514,-0.061003,-1.164056,-0.032753,0.073946
panda_0942,"['The notre dame cathedral in paris is on fire and smoke is billowing out of the top of the building.', 'Firefighters are at the scene of a massive fire at a large cathedral with flames and smoke.', 'The cathedral of notre dame in paris is on fire and smoke is billowing out of the top of the building.']",304,58,0.516764,14.568196,0.576015,0.577571,8.196759,0.507995,0.680419,8.349813,0.519488,0.680126,14.395402,0.573800,0.576321,13.581197,0.564741,0.591610,14.622752,0.576660,0.575968,14.514848,0.576138,0.577683,-6.371437,-0.068020,0.102848,-6.218383,-0.056527,0.102555,-0.172794,-0.002216,-0.001249,-0.986999,-0.011274,0.014040,0.054556,0.000645,-0.001603,-0.053348,0.000123,0.000112
panda_0943,"['A green drink in a glass is next to a bottle of alcohol.', 'A bartender is preparing a cocktail in a bar.', 'The person is pouring a green liquid into a glass with ice.']",172,34,0.070223,34.436967,0.957381,0.040762,34.371793,0.957807,0.036119,34.368569,0.957989,0.034171,34.099432,0.955783,0.038816,34.150569,0.956212,0.038288,34.382970,0.957462,0.040073,34.362899,0.957342,0.040130,-0.065175,0.000426,-0.004642,-0.068398,0.000608,-0.006590,-0.337536,-0.001598,-0.001946,-0.286398,-0.001169,-0.002474,-0.053998,0.000082,-0.000688,-0.074068,-0.000038,-0.000632
panda_0944,"['A person is cutting an onion into half on a wooden chopping board.', 'A person is wrapping a dish in aluminum foil.', 'The chef is preparing roasted red onions in a baking tray with a spatula.']",196,36,0.063700,18.781547,0.824837,0.192747,18.560663,0.813403,0.196927,19.329639,0.825190,0.183482,18.608003,0.819193,0.197564,18.569422,0.819002,0.199643,18.757212,0.825007,0.193251,18.603518,0.816770,0.197065,-0.220884,-0.011434,0.004180,0.548092,0.000353,-0.009264,-0.173544,-0.005644,0.004817,-0.212124,-0.005835,0.006896,-0.024335,0.000170,0.000504,-0.178029,-0.008067,0.004318
panda_0945,"['A hand pressing a button on a cell phone.', 'There is a black computer screen with various icons on it.', 'The user is browsing a website on their computer, and there are several windows open on the screen.']",210,38,0.529524,14.343401,0.798905,0.129880,15.187810,0.800653,0.117790,14.884660,0.802991,0.122440,14.125076,0.788014,0.131826,13.826619,0.788241,0.133511,14.143542,0.796119,0.130582,14.198689,0.795240,0.132878,0.844409,0.001748,-0.012090,0.541259,0.004086,-0.007441,-0.218325,-0.010891,0.001946,-0.516782,-0.010664,0.003631,-0.199859,-0.002786,0.000701,-0.144712,-0.003665,0.002998
panda_0946,"['An ornate building with a balcony and couches.', 'A metal structure with a shield and horns on top.', 'A man is standing in a room with a large bay window and pointing to an antique piece of furniture.']",205,38,1.233264,14.068167,0.411835,0.296836,14.164246,0.416267,0.293433,14.162975,0.416115,0.293280,14.050993,0.411084,0.298082,14.050569,0.410636,0.297673,14.057621,0.411802,0.298071,14.083707,0.412716,0.296159,0.096079,0.004432,-0.003403,0.094808,0.004279,-0.003556,-0.017174,-0.000751,0.001246,-0.017597,-0.001199,0.000837,-0.010546,-0.000033,0.001235,0.015540,0.000881,-0.000676
panda_0947,"['A close up of a plant that is growing on a branch.', 'The bacteria are bioluminescent and can be used to track gene activity.', 'The bacteria are moving along the surface of a cell.']",185,34,0.644587,24.708411,0.704216,0.290644,25.441292,0.711450,0.284719,25.579994,0.712302,0.283747,24.663632,0.703912,0.290681,24.713747,0.704454,0.290628,24.660316,0.703997,0.291010,24.693517,0.704284,0.290382,0.732881,0.007234,-0.005926,0.871583,0.008086,-0.006897,-0.044779,-0.000304,0.000037,0.005337,0.000239,-0.000017,-0.048095,-0.000219,0.000365,-0.014894,0.000068,-0.000263
panda_0948,"['A computer screen with a message that says ""updating minecraft"".', 'A computer screen with a blue alien head on it.', 'A computer screen showing a list of files.']",165,28,3.278483,6.436922,0.394273,0.777201,6.257766,0.384114,0.794327,6.341156,0.391458,0.777733,6.345053,0.385569,0.795015,6.346747,0.385384,0.789449,6.377280,0.386301,0.790979,6.398425,0.388012,0.787160,-0.179156,-0.010159,0.017126,-0.095766,-0.002815,0.000532,-0.091870,-0.008704,0.017814,-0.090175,-0.008888,0.012248,-0.059642,-0.007972,0.013778,-0.038497,-0.006261,0.009958
panda_0949,"['The person is standing on a rocky shore, holding a large fish in their hands and smiling.', 'Two fishermen are standing in the ocean and casting their fishing rods into the water.', 'Two men sitting on a beach watching the sun set.']",235,42,11.037106,16.963329,0.491824,0.524957,16.975085,0.491969,0.524650,16.982791,0.492170,0.525361,16.968506,0.491846,0.524990,16.972292,0.491982,0.525075,16.959758,0.491775,0.525092,16.965598,0.491795,0.524988,0.011756,0.000145,-0.000307,0.019462,0.000346,0.000404,0.005177,0.000021,0.000034,0.008963,0.000158,0.000118,-0.003571,-0.000049,0.000135,0.002269,-0.000029,0.000032
panda_0950,"['There is a beautiful view of a body of water surrounded by lush green trees and mountains in the background.', 'A man is standing in front of portable toilets and examining them.', 'There is a yellow dump truck driving on a dirt road in front of a large open pit copper mine.']",279,52,0.124991,7.568239,0.159993,0.779806,7.603112,0.145035,0.787429,7.660169,0.161754,0.779524,7.506476,0.156029,0.779137,7.519278,0.156035,0.779287,7.546445,0.154361,0.777911,7.564907,0.160481,0.777980,0.034872,-0.014958,0.007622,0.091930,0.001761,-0.000282,-0.061763,-0.003963,-0.000669,-0.048961,-0.003957,-0.000519,-0.021795,-0.005631,-0.001896,-0.003333,0.000488,-0.001826
panda_0951,"['A picture of a knife with the words upswept point form.', 'A picture of a knife with the words spear point form.', 'A picture of a sheepfoot form on a blue background.']",171,32,2.023098,31.557552,0.912143,0.041935,31.601381,0.912081,0.041811,31.585300,0.912078,0.041975,31.596651,0.912110,0.042030,31.583413,0.912000,0.042009,31.594524,0.912459,0.041811,31.581185,0.912716,0.041737,0.043828,-0.000062,-0.000125,0.027747,-0.000065,0.000040,0.039098,-0.000033,0.000094,0.025861,-0.000143,0.000074,0.036972,0.000316,-0.000125,0.023632,0.000573,-0.000199
panda_0952,"['A close up of the wheel of a motorcycle.', 'A person is riding an off-road motorcycle on a dirt trail and the camera is mounted on the handlebars of the bike.', 'A motorcyclist is riding on a dirt road surrounded by mountains and trees.']",240,44,3.293446,26.032163,0.893646,0.047860,26.270258,0.895921,0.047260,26.324025,0.896277,0.047242,26.104549,0.894158,0.047784,26.047945,0.893404,0.047852,26.105621,0.894460,0.047713,26.015950,0.893427,0.047966,0.238094,0.002275,-0.000600,0.291862,0.002631,-0.000618,0.072386,0.000512,-0.000075,0.015782,-0.000242,-0.000008,0.073457,0.000814,-0.000147,-0.016214,-0.000218,0.000106
panda_0953,"['A man wearing a blindfold playing in a bubble ball game.', 'A man wearing a black t-shirt and a pair of glasses is playing with a large inflatable ball in a dark room.', 'There is a group of people playing a game of bubble soccer in an indoor arena.']",253,49,1.621606,13.416223,0.329427,0.657887,13.425474,0.342275,0.669355,13.464646,0.334985,0.662263,13.447776,0.329842,0.660610,13.450246,0.328367,0.661584,13.413846,0.328383,0.659575,13.405061,0.328957,0.659093,0.009251,0.012848,0.011468,0.048423,0.005559,0.004376,0.031553,0.000415,0.002722,0.034023,-0.001060,0.003697,-0.002377,-0.001044,0.001688,-0.011162,-0.000470,0.001206
panda_0954,"['A tv screen with a news report on it.', 'Two men sitting at a desk on a news set.', 'A news anchor on a television screen with the words sunday politics.']",157,31,0.144421,20.706344,0.823585,0.161522,20.688839,0.822319,0.162723,20.778416,0.825190,0.159531,20.673571,0.822902,0.162091,20.693166,0.823338,0.162071,20.698344,0.823381,0.161388,20.715027,0.823624,0.161386,-0.017505,-0.001267,0.001200,0.072072,0.001605,-0.001992,-0.032773,-0.000683,0.000569,-0.013178,-0.000247,0.000548,-0.008000,-0.000204,-0.000134,0.008683,0.000038,-0.000137
panda_0955,"['A group of kittens are playing together in a basket.', 'A small white puppy is sitting in a red bowl on the ground, and it appears to be looking up at something.', 'A couple of kittens are eating out of a bowl.']",214,42,1.495929,21.933526,0.814797,0.173534,21.944602,0.815366,0.174391,21.978482,0.815821,0.173758,21.994030,0.815318,0.173151,21.902336,0.814414,0.173742,21.957560,0.815036,0.173220,21.957316,0.814975,0.173157,0.011076,0.000569,0.000857,0.044956,0.001024,0.000224,0.060504,0.000521,-0.000383,-0.031190,-0.000382,0.000208,0.024034,0.000239,-0.000313,0.023790,0.000178,-0.000376
panda_0956,"['A pair of scissors sitting on top of a blanket.', 'A close up of two hands working on something.', 'A pair of scissors sitting on top of a white blanket.']",157,30,9.291763,17.620628,0.806484,0.174979,17.639809,0.808459,0.171638,17.655797,0.809653,0.170124,17.647724,0.804410,0.177678,17.649590,0.804463,0.177443,17.625499,0.806222,0.175458,17.629748,0.806439,0.175460,0.019181,0.001975,-0.003341,0.035169,0.003170,-0.004854,0.027097,-0.002073,0.002700,0.028962,-0.002020,0.002465,0.004871,-0.000261,0.000479,0.009121,-0.000045,0.000482
panda_0957,"['The player is playing a first-person shooter game in an urban environment.', 'The player is playing a first-person shooter game in a futuristic city, with various buildings and vehicles in the background.', 'A person is playing a video game on a computer screen, and there are various objects in the game such as guns, buildings, and roads.']",344,57,6.039331,18.084596,0.612406,0.311120,17.918748,0.609635,0.314473,17.879152,0.605779,0.318407,17.961294,0.607225,0.317155,18.072950,0.610946,0.311766,18.077986,0.612856,0.310307,18.105942,0.613033,0.313155,-0.165848,-0.002771,0.003353,-0.205444,-0.006627,0.007287,-0.123302,-0.005181,0.006035,-0.011646,-0.001460,0.000646,-0.006610,0.000450,-0.000813,0.021346,0.000627,0.002035
panda_0958,"['A truck that has crashed into a tree at night.', 'The trucks are driving on a road at night with heavy rain.', 'A man in a yellow safety vest is driving a truck at night.']",174,35,1.817489,20.643215,0.734526,0.197371,20.722338,0.733221,0.195397,20.601262,0.733644,0.199910,20.669416,0.734403,0.198959,20.628318,0.734424,0.199568,20.646966,0.733716,0.198228,20.689986,0.734769,0.196871,0.079123,-0.001305,-0.001975,-0.041953,-0.000882,0.002539,0.026201,-0.000123,0.001587,-0.014897,-0.000101,0.002197,0.003751,-0.000810,0.000857,0.046771,0.000243,-0.000500
panda_0959,"['A woman is sitting at a desk with a microphone in front of her.', 'A man in a red jacket giving a speech in front of a group of people.', 'A group of people are attending a meeting in a parliament building.']",210,42,6.850691,14.207873,0.621997,0.498156,14.135315,0.622465,0.499589,14.055097,0.619967,0.502081,14.179063,0.622461,0.499499,14.224719,0.622340,0.497862,14.185001,0.621251,0.498823,14.221119,0.622354,0.498064,-0.072558,0.000468,0.001432,-0.152776,-0.002029,0.003924,-0.028810,0.000464,0.001343,0.016846,0.000343,-0.000295,-0.022871,-0.000746,0.000667,0.013246,0.000357,-0.000092
panda_0960,"['A kitchen counter with ingredients and a book on it.', 'A container of ground ginger next to an open cookbook.', 'A person is cooking food in a pot on a stove with a red spatula.']",182,35,1.711545,17.905034,0.617447,0.279468,17.895092,0.617249,0.280017,17.910452,0.617653,0.279846,17.906863,0.617436,0.279221,17.909739,0.617560,0.279134,17.915011,0.617634,0.278945,17.922276,0.617920,0.278407,-0.009943,-0.000197,0.000549,0.005418,0.000206,0.000378,0.001829,-0.000011,-0.000247,0.004705,0.000113,-0.000334,0.009977,0.000187,-0.000523,0.017241,0.000473,-0.001061
panda_0961,"['The player is playing an online multiplayer first-person shooter game.', 'A video game with the words victory.', 'A group of characters from the game overwatch are standing together in a city street.']",203,32,0.204595,21.654120,0.816531,0.097023,21.631761,0.816880,0.094924,21.588341,0.816797,0.095160,21.659494,0.816747,0.096784,21.685375,0.817031,0.097282,21.689276,0.817074,0.096790,21.664183,0.816710,0.096875,-0.022359,0.000350,-0.002099,-0.065778,0.000266,-0.001863,0.005374,0.000217,-0.000239,0.031256,0.000500,0.000259,0.035156,0.000543,-0.000233,0.010064,0.000179,-0.000148
panda_0962,"['A man sitting on the bleachers at an empty stadium.', 'A man is holding a tablet while standing on the field of a stadium.', 'A rugby match is taking place on a green field, with players in white and black uniforms running around the field.']",244,45,5.018719,18.368885,0.720648,0.191457,18.194845,0.708191,0.204251,18.276674,0.710413,0.201979,18.464748,0.724487,0.189357,18.449348,0.723133,0.189910,18.420059,0.721886,0.190597,18.434537,0.723414,0.189369,-0.174040,-0.012457,0.012794,-0.092211,-0.010236,0.010522,0.095863,0.003839,-0.002100,0.080463,0.002485,-0.001547,0.051174,0.001238,-0.000860,0.065652,0.002766,-0.002088
panda_0963,"['A man is fishing from a boat on a river near a bridge.', 'A person is fishing in a dark cave with a flashlight and catches a fish.', 'A picture of a person in a boat with a sign that says ""new videos every thursday and sunday"".']",231,47,0.055115,13.726699,0.533597,0.432038,13.682136,0.530262,0.438925,13.561191,0.512330,0.456273,13.554969,0.534832,0.437312,13.563856,0.533506,0.438482,13.730895,0.534784,0.431514,13.812682,0.537579,0.430769,-0.044562,-0.003335,0.006887,-0.165508,-0.021266,0.024235,-0.171730,0.001235,0.005274,-0.162843,-0.000091,0.006444,0.004197,0.001187,-0.000523,0.085983,0.003982,-0.001269
panda_0964,"['A close up of a metal gear on a car.', 'A motor is sitting on top of a table.', 'There is a car in a garage with the hood open, revealing the engine and transmission.']",170,35,2.357824,12.920656,0.646767,0.377448,13.157936,0.639599,0.393039,13.031920,0.648238,0.383985,13.012533,0.648040,0.387827,13.383635,0.650573,0.386073,13.214684,0.632627,0.406761,13.233490,0.644627,0.390001,0.237280,-0.007168,0.015591,0.111264,0.001471,0.006538,0.091877,0.001273,0.010380,0.462979,0.003806,0.008626,0.294028,-0.014140,0.029313,0.312834,-0.002140,0.012553
panda_0965,"['A video game car driving down a road.', 'A white car driving through a canyon in a video game.', 'A video game screen showing a car in the water.']",149,29,2.002898,15.487220,0.811399,0.303028,17.364713,0.881103,0.261895,17.418258,0.880064,0.261978,15.566635,0.815604,0.292931,15.493259,0.815529,0.293784,15.508928,0.815563,0.293835,15.516278,0.814509,0.298511,1.877493,0.069704,-0.041133,1.931038,0.068666,-0.041051,0.079415,0.004205,-0.010097,0.006039,0.004131,-0.009244,0.021707,0.004165,-0.009193,0.029058,0.003111,-0.004517
panda_0966,"['A girl is standing in front of a horse stable and opening the door with a key.', 'A white horse is standing in a stall, looking out of the door.', 'There are several colorful plastic buckets filled with water on the ground in front of a fence.']",247,47,4.819419,15.749601,0.384974,0.380968,16.238945,0.426367,0.362924,16.026771,0.424242,0.369972,15.653670,0.385935,0.383783,15.761996,0.386193,0.377910,15.580366,0.386177,0.379550,15.617381,0.385244,0.378546,0.489344,0.041393,-0.018044,0.277170,0.039267,-0.010996,-0.095931,0.000960,0.002816,0.012395,0.001218,-0.003057,-0.169235,0.001203,-0.001418,-0.132220,0.000269,-0.002422
panda_0967,"['A man in a suit and tie standing at a podium next to a man in a suit and tie.', 'Cars are driving down a street with trees on either side of the road.', 'A busy highway filled with a lot of traffic.']",202,43,0.218429,21.033906,0.811439,0.118562,21.089625,0.814964,0.117743,21.048050,0.813931,0.118416,21.034160,0.812638,0.118351,21.047910,0.812697,0.118259,21.024196,0.811692,0.118515,21.033933,0.811009,0.118650,0.055719,0.003526,-0.000819,0.014144,0.002493,-0.000146,0.000254,0.001199,-0.000211,0.014004,0.001258,-0.000303,-0.009710,0.000253,-0.000047,0.000026,-0.000430,0.000088
panda_0968,"['The person is in a hotel room and there are various items on the table, including a cup of coffee and some papers.', 'A person holding up a souvenir from disneyland.', 'Two jars of jam sit on a shelf in a store.']",215,42,0.308890,20.735693,0.739229,0.168254,20.675371,0.733661,0.169099,20.715649,0.739400,0.168760,20.733322,0.739592,0.168103,20.778000,0.744552,0.167798,20.743551,0.741451,0.168073,20.722342,0.739989,0.168172,-0.060322,-0.005568,0.000846,-0.020044,0.000171,0.000506,-0.002370,0.000363,-0.000151,0.042307,0.005323,-0.000456,0.007858,0.002223,-0.000180,-0.013351,0.000760,-0.000082
panda_0969,"['The seattle sounders logo on a green background.', 'A man in a white shirt and suspenders standing in front of a green wall.', 'The seattle sounders logo on a green background.']",180,31,1.756900,20.097451,0.804973,0.143553,19.899430,0.805368,0.148370,19.891163,0.805384,0.146067,20.092417,0.805022,0.142507,20.138242,0.805015,0.143075,20.153905,0.805742,0.140972,20.075754,0.804414,0.144684,-0.198021,0.000395,0.004817,-0.206288,0.000411,0.002514,-0.005034,0.000049,-0.001046,0.040791,0.000042,-0.000478,0.056455,0.000769,-0.002581,-0.021697,-0.000559,0.001131
panda_0970,"['A painting of a castle on top of a hill.', 'It is a blind bag of mario characters sitting on a table.', 'A hand holding a toy in front of some other toys.']",158,33,0.053440,36.488077,0.932718,0.030972,36.515206,0.932438,0.030681,36.523950,0.932636,0.030498,36.494535,0.932333,0.031008,36.494779,0.932435,0.030978,36.475678,0.932485,0.031217,36.482118,0.932673,0.031005,0.027129,-0.000280,-0.000291,0.035873,-0.000082,-0.000474,0.006458,-0.000385,0.000036,0.006702,-0.000283,0.000006,-0.012399,-0.000233,0.000245,-0.005959,-0.000046,0.000033
panda_0971,"['A long table is topped with white bags of food items.', 'A table topped with stacks of canadian money.', 'A man holding bags of white powder on a table.']",156,29,6.838001,28.856095,0.931377,0.033050,28.933531,0.932286,0.032598,28.916570,0.932073,0.032654,28.828706,0.931070,0.033191,28.827737,0.931179,0.033066,28.830374,0.931364,0.033151,28.833390,0.931247,0.033084,0.077436,0.000909,-0.000452,0.060475,0.000695,-0.000397,-0.027389,-0.000307,0.000141,-0.028358,-0.000199,0.000016,-0.025721,-0.000014,0.000101,-0.022705,-0.000131,0.000033
panda_0972,"['Two women in aprons standing in a kitchen.', 'Two women preparing food in a kitchen.', 'There are two women standing in front of a counter with baked goods on it.']",166,30,10.125464,22.560645,0.784362,0.092891,22.266862,0.785472,0.093343,21.830167,0.764073,0.122395,22.538188,0.783181,0.093645,22.659777,0.785264,0.090555,22.561895,0.784180,0.092907,22.669258,0.785902,0.090018,-0.293783,0.001110,0.000452,-0.730478,-0.020289,0.029504,-0.022457,-0.001180,0.000754,0.099132,0.000903,-0.002336,0.001250,-0.000182,0.000016,0.108613,0.001540,-0.002873
panda_0973,"['An office with a desk, computer and pictures of animals on the wall.', 'A long wooden walkway with some lights on it.', 'A model of a building with a lot of trees.']",167,32,3.883190,24.158605,0.820822,0.104240,24.252516,0.822282,0.104231,24.243885,0.822199,0.104226,24.147083,0.820645,0.105308,24.157231,0.820803,0.104560,24.160936,0.821337,0.103900,24.155234,0.821275,0.104263,0.093911,0.001461,-0.000009,0.085280,0.001377,-0.000014,-0.011522,-0.000177,0.001068,-0.001374,-0.000019,0.000320,0.002331,0.000515,-0.000339,-0.003371,0.000453,0.000023
panda_0974,"['A man holding two surfboards in a store.', 'A man is holding a surfboard fin in his hand.', 'A young man is riding a skateboard down a street next to a fence.']",162,32,0.158207,11.190139,0.461980,0.699688,11.005553,0.466637,0.705868,10.986890,0.474614,0.699288,10.988216,0.464046,0.702463,10.983685,0.460956,0.703668,11.085770,0.462720,0.698848,11.211131,0.461851,0.699895,-0.184587,0.004656,0.006180,-0.203250,0.012634,-0.000400,-0.201923,0.002066,0.002775,-0.206454,-0.001024,0.003980,-0.104369,0.000739,-0.000840,0.020992,-0.000129,0.000207
panda_0975,"['There is an electrical setup in a basement with wires, batteries and solar panels.', 'A close up of a small box with wires attached to it.', 'There are several wires and cables on a wooden table.']",199,36,2.167094,29.369724,0.928759,0.224032,28.719487,0.915977,0.252246,28.537618,0.921435,0.241687,28.880799,0.928969,0.228356,29.352960,0.928373,0.226898,29.544592,0.933216,0.219668,29.344161,0.929122,0.224454,-0.650237,-0.012782,0.028214,-0.832106,-0.007325,0.017655,-0.488925,0.000210,0.004324,-0.016764,-0.000386,0.002866,0.174868,0.004457,-0.004364,-0.025563,0.000363,0.000422
panda_0976,"['A man and a woman in black suits are standing in front of a television.', 'A tv screen with a message that says ""a hit of hell"".', 'A person is sitting in an office and talking to the camera.']",195,39,0.110682,22.953759,0.882178,0.056624,21.466244,0.865492,0.067348,22.905378,0.880958,0.056594,22.853073,0.877201,0.059111,22.816400,0.876628,0.059422,23.011959,0.885626,0.054330,23.059628,0.884658,0.054563,-1.487515,-0.016686,0.010724,-0.048381,-0.001220,-0.000029,-0.100686,-0.004977,0.002487,-0.137359,-0.005550,0.002798,0.058201,0.003449,-0.002294,0.105869,0.002480,-0.002061
panda_0977,"['Person is cooking fish in a skillet on an outdoor grill.', 'There is a silver pan on a table, and it is wrapped in silver foil.', 'A piece of fish is being fried in a cast iron skillet on a kitchen stove.']",208,42,0.062552,30.941027,0.948496,0.048382,31.112267,0.946812,0.049719,30.897439,0.949436,0.047986,30.751719,0.949582,0.048391,31.005774,0.949625,0.047433,31.019333,0.947345,0.051073,31.027744,0.947664,0.049342,0.171239,-0.001684,0.001337,-0.043589,0.000940,-0.000396,-0.189308,0.001086,0.000009,0.064747,0.001128,-0.000950,0.078306,-0.001152,0.002691,0.086717,-0.000833,0.000959
panda_0978,"['A red background with the words chicken, chicken, broth, fish sauce, soy sauce, water, corn.', 'A white bowl filled with sliced potatoes on a table.', 'Person is stirring onions in a frying pan with a spoon.']",211,36,4.478724,16.686697,0.786408,0.034439,16.122114,0.835766,0.043015,16.032253,0.804503,0.040184,15.906797,0.815088,0.040466,16.139368,0.817331,0.038460,16.689312,0.786524,0.034310,16.503902,0.789597,0.035494,-0.564583,0.049358,0.008576,-0.654444,0.018094,0.005745,-0.779900,0.028680,0.006027,-0.547329,0.030923,0.004021,0.002615,0.000116,-0.000129,-0.182795,0.003188,0.001055
panda_0979,"['A computer screen showing a powerpoint presentation.', 'A computer screen showing a powerpoint presentation.', 'A computer screen that says what are three ways to show good manners when you eat at a movie theater.']",217,34,0.086215,28.951190,0.930219,0.031612,29.058487,0.931353,0.031771,29.110544,0.932216,0.031208,28.566415,0.924077,0.035335,28.700648,0.926223,0.033857,28.900521,0.929448,0.031819,28.977759,0.930677,0.031429,0.107297,0.001135,0.000158,0.159354,0.001997,-0.000404,-0.384775,-0.006142,0.003723,-0.250541,-0.003995,0.002245,-0.050668,-0.000771,0.000206,0.026570,0.000458,-0.000183
panda_0980,"['Two people, a man and a woman, are sitting at a bar counter with a bottle of nyquil in front of them.', 'A bottle of liquor next to a wooden box.', 'A website page with a video camera in the background.']",206,41,0.124905,18.401787,0.851987,0.065717,18.409853,0.852502,0.065417,18.411987,0.851555,0.065888,18.396216,0.851319,0.066054,18.405796,0.851727,0.065827,18.402157,0.851885,0.065671,18.404400,0.851871,0.065753,0.008065,0.000515,-0.000300,0.010200,-0.000432,0.000171,-0.005571,-0.000668,0.000337,0.004008,-0.000260,0.000110,0.000369,-0.000102,-0.000046,0.002612,-0.000116,0.000036
panda_0981,"['The player is playing a video game called ""champion\'s guild"" on a computer screen.', 'A video game with the words victory on it.', 'The gamer is playing a first-person shooter game in a futuristic city with neon lights and skyscrapers.']",240,40,0.064083,27.755440,0.928145,0.045501,27.752269,0.929574,0.039527,27.798676,0.930116,0.038619,27.718973,0.927060,0.044817,27.730464,0.927320,0.044881,27.825248,0.928931,0.042253,27.803828,0.928768,0.042931,-0.003171,0.001429,-0.005974,0.043236,0.001970,-0.006882,-0.036468,-0.001086,-0.000684,-0.024976,-0.000825,-0.000620,0.069807,0.000786,-0.003248,0.048387,0.000622,-0.002570
panda_0982,"['A close up of a pile of dirt on the ground.', 'There is a pile of dirt with some small plants growing out of it.', 'The ground is covered in dirt and there are some plants growing out of it.']",194,40,0.072832,29.544406,0.903887,0.018553,29.550868,0.903014,0.018393,29.532705,0.902866,0.018689,29.461440,0.901435,0.019204,29.499365,0.902397,0.019103,29.580224,0.904586,0.018323,29.576500,0.904465,0.018268,0.006462,-0.000873,-0.000160,-0.011700,-0.001021,0.000136,-0.082966,-0.002452,0.000651,-0.045041,-0.001490,0.000550,0.035819,0.000699,-0.000230,0.032094,0.000579,-0.000284
panda_0983,"['A young man in a red shirt is preparing food in a green bowl in a kitchen.', 'A man in a red shirt mixing something in a bowl.', 'A man in a red shirt standing in a kitchen.']",177,38,1.135575,17.938375,0.595110,0.194244,18.114085,0.596078,0.185952,18.034113,0.595995,0.190134,17.815072,0.593314,0.201897,18.044127,0.596184,0.189339,17.905618,0.594757,0.196913,18.070782,0.595903,0.188511,0.175709,0.000968,-0.008291,0.095738,0.000885,-0.004110,-0.123303,-0.001796,0.007654,0.105752,0.001074,-0.004905,-0.032757,-0.000353,0.002669,0.132407,0.000793,-0.005732
panda_0984,"['A 3d rendering of the letter f on a black background.', 'A picture of a warning sign that says caution.', 'A red and white sign that says ""you will need the following tools to complete this repair"".']",202,37,7.676163,21.909425,0.488380,0.321310,21.976655,0.488845,0.321634,22.219683,0.498320,0.314461,21.858153,0.487448,0.322444,21.978384,0.489123,0.320194,21.903429,0.488722,0.321888,21.873549,0.487294,0.322460,0.067230,0.000465,0.000324,0.310258,0.009940,-0.006849,-0.051272,-0.000932,0.001135,0.068959,0.000743,-0.001116,-0.005996,0.000341,0.000578,-0.035876,-0.001086,0.001150
panda_0985,"['A large truck is driving on the highway with a trailer attached to it.', 'A large purple semi truck driving down a highway.', 'A truck is driving on a highway with a cloudy sky in the background.']",199,37,18.105421,15.633963,0.591523,0.476415,15.641634,0.587690,0.483037,15.634049,0.587387,0.482189,15.642264,0.587876,0.480789,15.637075,0.587718,0.482672,15.641771,0.591495,0.477051,15.637125,0.591333,0.477504,0.007671,-0.003833,0.006622,0.000086,-0.004137,0.005774,0.008301,-0.003648,0.004374,0.003112,-0.003805,0.006256,0.007808,-0.000028,0.000636,0.003162,-0.000191,0.001088
panda_0986,"['A no bull sign in front of a cloudy sky.', 'A pink bunny in a video game playing a game.', 'A picture of a man with a bull head and a woman with glasses.']",157,34,10.544648,4.749142,0.345700,0.806074,4.719109,0.343950,0.785010,4.726424,0.344226,0.785450,4.786013,0.346788,0.809021,4.780770,0.341805,0.793060,4.673734,0.342521,0.809136,4.688023,0.343250,0.807413,-0.030033,-0.001749,-0.021064,-0.022717,-0.001474,-0.020624,0.036872,0.001088,0.002948,0.031629,-0.003895,-0.013013,-0.075407,-0.003178,0.003062,-0.061119,-0.002449,0.001339
panda_0987,"['A picture of two lego figures in a dark room.', 'A lego character with glowing blue eyes.', 'The twitter and facebook logos on a black background.']",150,26,2.845144,11.415285,0.406782,0.627334,11.337885,0.424743,0.617466,11.394121,0.406654,0.624028,11.309314,0.418807,0.619435,11.324653,0.419115,0.619550,11.387629,0.405898,0.628984,11.409664,0.405894,0.629003,-0.077400,0.017962,-0.009868,-0.021165,-0.000127,-0.003306,-0.105971,0.012025,-0.007899,-0.090632,0.012334,-0.007784,-0.027656,-0.000884,0.001650,-0.005622,-0.000887,0.001669
panda_0988,"['A colorful crocheted rug sitting on top of a wooden floor.', ""A person's feet standing on a multi-colored crocheted rug."", 'A crocheted blanket with different colors of yarn.']",178,28,0.449082,14.616978,0.404675,0.346230,14.208677,0.373988,0.379225,14.485902,0.381743,0.381564,14.642635,0.406680,0.341374,14.642600,0.405945,0.344084,14.630963,0.407239,0.341058,14.594816,0.405743,0.341911,-0.408301,-0.030687,0.032995,-0.131076,-0.022932,0.035334,0.025657,0.002005,-0.004855,0.025621,0.001269,-0.002146,0.013984,0.002564,-0.005171,-0.022162,0.001068,-0.004318
panda_0989,"['It is a video of lewis hamilton driving in an f1 simulator at silverstone, with the caption ""breaking into quite a tight hairpin you keep the minimum speed up you\'ve got"".', 'A racing car in a video game.', 'Two racing tires on a video game screen.']",253,46,0.168046,8.662366,0.310895,0.731848,9.952622,0.360232,0.674681,11.040088,0.386836,0.641848,8.542425,0.310165,0.733483,8.496029,0.306541,0.736839,8.525694,0.314368,0.736003,8.817009,0.316571,0.704740,1.290256,0.049338,-0.057168,2.377722,0.075941,-0.090000,-0.119941,-0.000730,0.001635,-0.166337,-0.004354,0.004990,-0.136672,0.003473,0.004155,0.154643,0.005676,-0.027108
panda_0990,"['A large room full of people sitting at desks.', 'There are soldiers in green uniforms marching in a parade.', 'A group of men in military uniforms sitting at a podium.']",171,30,1.273937,14.215059,0.578860,0.220991,14.289321,0.582980,0.218105,14.304024,0.584202,0.217120,14.240167,0.579499,0.220893,14.243275,0.579953,0.220388,14.224526,0.579211,0.221221,14.255253,0.581784,0.219048,0.074262,0.004120,-0.002886,0.088965,0.005342,-0.003871,0.025108,0.000639,-0.000098,0.028216,0.001093,-0.000604,0.009467,0.000351,0.000229,0.040195,0.002924,-0.001943
panda_0991,"['A man is kneeling on the floor looking at a laptop with a little boy sitting on the floor next to him while other people look on.', 'A group of people are celebrating and congratulating each other after winning a martial arts competition.', 'A man is giving an interview at a convention and he is talking about his experiences in mixed martial arts.']",353,63,6.555936,13.637451,0.528107,0.388290,13.579487,0.524040,0.393677,13.523230,0.524174,0.393591,13.625966,0.527156,0.388812,13.611576,0.526997,0.389345,13.638469,0.527987,0.388432,13.612845,0.527192,0.389322,-0.057964,-0.004067,0.005387,-0.114221,-0.003933,0.005301,-0.011485,-0.000951,0.000522,-0.025875,-0.001110,0.001056,0.001018,-0.000120,0.000142,-0.024606,-0.000915,0.001032
panda_0992,"['A man in a brown jacket standing in front of a booth.', 'It is a large room with many people sitting at tables working on laptops and talking.', 'A crowd of people sitting at tables in a convention hall.']",207,39,4.115857,8.975004,0.313992,0.631966,8.862486,0.308693,0.634408,8.872772,0.308968,0.634947,8.973291,0.314053,0.632832,8.866298,0.307888,0.636444,8.982573,0.313886,0.632425,9.009946,0.313584,0.632178,-0.112518,-0.005299,0.002442,-0.102231,-0.005024,0.002981,-0.001713,0.000061,0.000866,-0.108705,-0.006105,0.004478,0.007569,-0.000106,0.000459,0.034942,-0.000408,0.000212
panda_0993,"['A video game screen showing a character.', 'A video game is being played on a computer.', 'A computer screen with a message on it.']",134,24,0.422154,9.343433,0.574674,0.445165,9.668745,0.593613,0.405480,9.590533,0.589131,0.406227,9.287107,0.567889,0.444614,9.325105,0.568707,0.445236,9.335629,0.574737,0.443325,9.288208,0.578591,0.439824,0.325312,0.018939,-0.039685,0.247100,0.014457,-0.038938,-0.056326,-0.006785,-0.000551,-0.018328,-0.005967,0.000071,-0.007804,0.000063,-0.001841,-0.055225,0.003917,-0.005341
panda_0994,"['There are small green plants growing in the ground, and there are also some leaves on the ground.', 'A close up of a hand holding a plant.', 'There are pink flowers in a garden. the flowers are surrounded by green plants, and there is also a green plant in the foreground.']",276,51,1.688448,16.360588,0.170814,0.216281,16.383775,0.169279,0.215550,16.402264,0.172311,0.216478,16.380866,0.172164,0.216582,16.383170,0.172361,0.216146,16.376553,0.172112,0.216010,16.366731,0.171058,0.216077,0.023187,-0.001535,-0.000731,0.041677,0.001497,0.000196,0.020278,0.001350,0.000300,0.022582,0.001547,-0.000135,0.015965,0.001298,-0.000271,0.006144,0.000243,-0.000205
panda_0995,"['Two women standing next to a pillow on a table.', 'Two women are sitting at a table in a craft room. they are both wearing pink shirts and one of them is holding a sewing machine.', 'Two women standing in front of a sewing machine.']",235,45,1.619412,8.592233,0.491498,0.724104,8.572399,0.490531,0.728227,8.621796,0.494918,0.724384,8.530608,0.488725,0.732588,8.537522,0.488871,0.733373,8.579597,0.488630,0.724782,8.600604,0.488848,0.728187,-0.019835,-0.000968,0.004123,0.029563,0.003419,0.000280,-0.061625,-0.002773,0.008484,-0.054711,-0.002628,0.009269,-0.012636,-0.002868,0.000678,0.008371,-0.002650,0.004083
panda_0996,"['A close up of a metal bowl filled with coins.', 'A basket of coins sitting on top of a blue cloth.', 'A pile of old coins on a blue table.']",142,30,0.991910,16.999847,0.610091,0.327978,17.463278,0.618447,0.313915,17.683652,0.621300,0.313375,17.076477,0.612791,0.327029,17.204758,0.613941,0.324337,17.278386,0.617359,0.318016,17.165845,0.615694,0.324627,0.463431,0.008356,-0.014063,0.683805,0.011209,-0.014602,0.076630,0.002699,-0.000949,0.204911,0.003850,-0.003641,0.278539,0.007268,-0.009961,0.165998,0.005603,-0.003351
panda_0997,"['It is a screenshot of a website with text and images.', 'A screen shot showing a screen shot of an application form.', 'A laptop on a green and purple background.']",166,30,24.350006,22.693639,0.825386,0.242748,22.519971,0.825269,0.241886,22.612791,0.826396,0.237292,22.690729,0.828124,0.237312,22.661376,0.827906,0.243481,22.683089,0.828465,0.240730,22.724294,0.828433,0.235019,-0.173668,-0.000117,-0.000861,-0.080848,0.001010,-0.005456,-0.002910,0.002738,-0.005436,-0.032262,0.002520,0.000733,-0.010550,0.003080,-0.002018,0.030656,0.003047,-0.007729
panda_0998,"['Two police officers are wearing masks and standing outside the white house.', 'An outline of a human head on a blue background.', 'Two mug shots of two men.']",160,28,5.051996,9.288630,0.384980,0.747802,9.232748,0.370760,0.748510,9.366640,0.373282,0.751119,9.288961,0.385028,0.751877,9.259230,0.385603,0.749687,9.243943,0.387669,0.749657,9.320204,0.385530,0.746900,-0.055882,-0.014220,0.000708,0.078011,-0.011698,0.003317,0.000331,0.000048,0.004075,-0.029400,0.000623,0.001885,-0.044687,0.002688,0.001855,0.031574,0.000549,-0.000902
panda_0999,"['A metal case with a sticker on it.', 'The guitar player is holding a red electric guitar and playing it.', 'A black and white photo of a box with a label on it.']",164,33,4.600862,20.736118,0.817650,0.057707,20.714364,0.816229,0.057964,20.846033,0.819946,0.057315,20.758974,0.817410,0.057690,20.634135,0.814796,0.058352,20.810048,0.819659,0.057448,20.869425,0.820546,0.057220,-0.021755,-0.001421,0.000257,0.109914,0.002296,-0.000392,0.022856,-0.000240,-0.000017,-0.101984,-0.002854,0.000645,0.073930,0.002009,-0.000259,0.133306,0.002896,-0.000486
